LTDB017_a;0.5;0.5;3;15
1;0;1;0;0
1;29.48;61.25;11.84;1
1;29.59;60.75;10.9;2
1;29.5;60.75;10.77;3
1;30.07;60.75;8.8;4
1;30.8;60.25;7.68;5
1;31.55;60.25;7.23;6
1;32.22;59.75;6.72;7
1;33.15;60.75;6.02;8
1;33.2;60.75;5.3;9
1;33.14;60.75;4.69;10
1;35.19;60.75;4.67;11
1;36.15;60.75;4.23;12
1;38.53;61.25;4.62;13
1;38.74;61.25;4.63;14
1;38.74;61.25;4.63;15
1;39.31;60.25;4.08;16
1;39.43;59.75;3.8;17
1;40.52;59.25;2.84;18
1;40.67;58.25;1.68;19
1;40.76;58.75;1.97;20
1;41.69;59.75;2.56;21
1;42.58;60.25;0.96;22
1;44.09;59.75;1.39;23
1;44.81;60.25;1.99;24
1;44.81;60.25;1.99;25
1;45.11;60.75;1.16;26
1;48.16;62.08;2.34;27
1;48.16;62.08;2.34;28
1;49.66;61.11;2.7;29
1;49.66;61.57;2.05;30
1;49.66;62.17;0.71;31
1;50.16;62.46;0.84;32
1;50.66;62.33;2.68;33
1;50.66;62.47;2.35;34
1;50.16;62.63;1.97;35
1;49.66;62.64;1.17;36
1;49.66;61.73;3.21;37
1;49.16;61.43;1.96;38
1;50.16;60.48;6.42;39
1;50.16;60.48;6.42;40
1;50.16;60.8;5.71;41
1;50.16;60.8;7.27;42
1;50.16;61.29;7.38;43
1;49.66;61.75;5.13;44
1;49.66;61.91;5.95;45
1;49.66;62.07;5.59;46
1;49.66;62.07;5.59;47
1;49.66;62.07;5.59;48
1;49.66;62.07;5.59;49
1;49.66;62.07;5.59;50
1;50.16;62.39;6.44;51
1;49.16;62.85;4.18;52
1;49.16;63.15;3.86;53
1;49.16;63.15;3.86;54
1;48.66;63.6;1.6;55
1;49.16;63.91;2.88;56
1;49.16;63.94;4.03;57
1;49.66;63.66;5.94;58
1;49.04;63.25;9.1;59
1;48.7;63.25;7.6;60
1;48.81;63.25;7.71;61
1;49.58;63.25;6.82;62
1;49.67;63.75;6.48;63
1;49.9;64.25;6.05;64
1;49.9;64.25;6.05;65
1;50.11;64.75;6.96;66
1;49.43;66.25;6.84;67
1;49.97;64.75;6.36;68
1;49.99;65.25;6.87;69
1;50.21;65.25;7.09;70
1;50.3;64.25;7.35;71
1;50.04;64.25;6.64;72
1;50.04;64.25;6.64;73
1;50.04;64.25;6.64;74
1;49.58;63.75;6.85;75
1;49.39;64.25;7.63;76
1;49.01;64.25;7.49;77
1;48.99;63.75;8.14;78
1;48.78;63.75;7.25;79
1;48.78;63.75;7.25;80
1;48.9;63.75;7.36;81
1;48.8;64.25;6.6;82
1;49.07;64.25;7.79;83
1;49.07;64.25;7.79;84
1;48.76;64.25;7.95;85
1;48.67;63.75;7.14;86
1;48.97;63.75;6.5;87
1;49.77;64.75;7.8;88
1;49.82;64.75;7.61;89
1;49.82;64.75;7.61;90
1;49.73;64.75;7.99;91
1;49.03;64.75;9.2;92
1;49.6;64.75;9.76;93
1;50.79;65.75;6.99;94
1;50.64;65.75;8.95;95
1;50.88;64.75;9.12;96
1;50.99;65.25;9.26;97
1;51.51;65.25;8.82;98
1;51.61;65.75;9.67;99
1;51.59;65.75;9.12;100
1;51.1;66.25;9.67;101
1;51.51;65.75;9.29;102
1;50.83;66.25;9.63;103
1;51.42;65.75;9.18;104
1;51.79;65.75;9.33;105
1;51.69;65.75;9.22;106
1;51.65;65.75;9.94;107
1;51.93;66.25;9.8;108
1;51.5;65.75;10.56;109
1;51.16;65.75;10.96;110
1;51.25;66.25;10.61;111
1;51.1;66.25;11.23;112
1;51.55;66.75;10.74;113
1;51.37;66.25;10.99;114
1;50.99;66.25;12.42;115
1;50.26;65.75;11.28;116
1;49.87;65.25;11.3;117
1;50.7;65.75;12.56;118
1;50.88;65.75;10.92;119
1;50.07;65.25;11.52;120
1;49.78;65.25;11.2;121
1;49.93;65.75;11.96;122
1;50.07;66.25;12.46;123
1;49.85;66.25;13.55;124
1;49.51;66.25;14.26;125
1;48.79;66.25;14.81;126
1;49.47;66.75;14.83;127
1;47.96;66.25;14.96;128
1;48.44;66.75;14.76;129
1;48.95;66.75;15.62;130
1;47.91;67.25;15.06;131
1;46.83;67.25;16.05;132
1;46.45;67.25;15.89;133
1;45.16;67.75;15.87;134
1;43.14;68.25;16.41;135
1;42.36;69.25;16.47;136
1;42.3;69.75;15.86;137
1;42.31;69.75;17.67;138
1;42.4;69.75;17.48;139
1;42.65;70.75;17;140
1;41.57;71.25;17.21;141
1;42.26;71.75;17.21;142
1;43.37;71.75;16.49;143
1;41.22;72.75;15.97;144
1;40.03;72.75;15.96;145
1;41.54;73.25;16.1;146
1;40.74;73.75;17.27;147
1;41.29;73.75;16.75;148
1;41.81;73.25;16.15;149
1;42.31;73.75;15.61;150
1;42.16;74.25;15.75;151
1;42.25;74.25;16.18;152
1;40.83;74.75;16.19;153
1;40.22;75.25;16.36;154
1;41.51;74.25;17.07;155
1;40.32;75.25;16.17;156
1;42.07;74.25;16.25;157
1;41.65;74.75;15.42;158
1;39.65;74.75;15.57;159
1;38.95;75.25;16.23;160
1;38.95;75.25;16.23;161
1;38.95;75.25;16.23;162
1;39.33;74.75;17.68;163
1;39.86;74.75;19.04;164
1;39.72;75.25;19.2;165
1;40.13;75.75;18.82;166
1;40.41;75.75;18.87;167
1;40.22;76.75;18.34;168
1;39.51;77.25;19.02;169
1;38.87;77.25;19.11;170
1;38.72;77.75;19.26;171
1;39.29;78.75;18.41;172
1;38.44;79.25;18.37;173
1;38.64;79.25;18.56;174
1;38.77;80.25;17.52;175
1;39.34;80.75;17.7;176
1;39.21;81.75;19.12;177
1;40.54;82.75;19.44;178
1;40.01;82.25;17.71;179
1;40.25;83.25;16.98;180
1;40.78;83.75;17.8;181
1;40.84;84.25;17.26;182
1;40.47;86.25;16.52;183
2;117.21;93.08;6.69;1
2;117.25;94.3;6.69;2
2;117.89;94.67;0.69;3
2;117.79;94.8;6.69;4
2;118.8;95.17;0.69;5
2;119.33;95.15;0.69;6
2;119.33;95.15;0.69;7
2;119.54;95.86;0.69;8
2;119.72;95.85;0.69;9
2;119.38;95.64;3.69;10
2;119.73;95.63;3.69;11
2;122.43;96.81;0.69;12
2;122.43;96.81;0.69;13
2;122.46;97.52;0.69;14
2;122.48;98.05;0.69;15
2;122.85;98.4;0.69;16
2;123.55;98.01;0.69;17
2;124.39;97.73;3.69;18
2;124.81;98.31;0.69;19
2;127.25;99.01;3.69;20
2;127.91;99.97;0.69;21
2;128.77;100.42;6.69;22
2;129.41;101.87;0.69;23
2;129.4;101.69;0.69;24
2;130.86;102.52;0.69;25
2;131.05;102.87;0.69;26
2;131.16;102.94;3.27;27
2;131.66;102.9;3.43;28
2;131.16;102.39;8.35;29
2;131.66;102.48;10.45;30
2;132.16;103.17;8.7;31
2;132.66;103.31;8.81;32
2;132.66;103.7;9.86;33
2;136.55;106.11;9.69;34
3;151.66;27.52;10.27;1
3;151.66;27.52;10.27;2
3;152.66;26.57;6.62;3
3;154.16;25.71;1.2;4
3;154.16;25.71;1.2;5
3;154.16;26.64;1.31;6
3;154.16;26.64;1.31;7
3;154.16;27.01;1.36;8
3;154.16;27.57;1.42;9
3;154.66;28.54;1.03;10
3;154.66;28.54;1.03;11
3;154.66;28.54;1.03;12
3;152.16;29.34;1.76;13
3;152.16;29.34;1.76;14
3;149.66;28.72;1;15
3;150.16;28.71;1.82;16
3;150.16;28.71;1.82;17
3;150.16;29.27;1.89;18
3;150.16;29.27;1.89;19
3;150.16;29.27;1.89;20
3;148.66;29.81;0.85;21
3;148.66;29.81;0.85;22
3;148.66;29.81;0.85;23
3;148.66;29.81;0.85;24
3;147.66;30.11;2;25
3;147.66;29.76;1.25;26
3;144.71;30.25;7.5;27
3;145.34;30.25;9.83;28
3;144.79;29.75;11.98;29
3;144.06;28.75;14.06;30
3;144.59;29.25;12.01;31
3;144.39;28.75;12.74;32
3;145.14;27.75;14.97;33
3;146.11;27.75;15.77;34
3;145.92;27.25;16.42;35
3;146.52;26.25;17.8;36
3;147.58;24.75;17.35;37
3;147.58;24.75;17.35;38
3;148.61;22.25;16.94;39
3;148.93;22.25;18.73;40
3;149.25;22.25;18.77;41
3;149.57;22.25;18.82;42
3;149.71;21.75;19.97;43
3;150.18;21.75;20.6;44
3;150.5;21.75;20.64;45
3;150.5;21.75;21.2;46
3;150.96;21.75;21.82;47
3;150.96;21.75;21.82;48
3;150.96;21.75;21.82;49
3;151.43;21.25;20.18;50
3;151.74;21.25;20.78;51
3;152.69;21.25;20.9;52
3;152.98;21.75;22.63;53
3;152.22;22.75;22.61;54
3;152.8;23.25;24.41;55
3;152.8;23.25;24.41;56
3;152.3;23.75;26.07;57
3;152.3;23.75;26.07;58
3;152.3;23.75;26.07;59
3;153.87;22.25;24.99;60
3;153.87;22.25;24.99;61
3;153.66;22.91;27.2;62
3;154.16;22.56;26.09;63
3;154.16;22.71;26.6;64
3;154.66;22.67;26.52;65
3;154.66;22.67;26.52;66
3;155.16;22.18;24.92;67
3;154.66;22.67;26.52;68
3;154.66;24.03;25.67;69
3;155.66;23.8;25.01;70
3;155.66;23.8;25.01;71
3;156.16;23.59;24.92;72
3;156.16;24.73;25.52;73
3;156.16;25.2;26.05;74
3;156.16;25.2;26.05;75
3;156.66;26.2;25.11;76
3;156.16;26.27;24.7;77
3;156.16;26.27;24.7;78
3;155.66;26.81;24.82;79
3;156.16;26.63;24.25;80
3;156.16;26.21;25.67;81
3;156.16;26.21;25.67;82
3;156.66;26.18;25.59;83
3;156.16;26.11;24.68;84
3;155.66;26.42;25.76;85
3;155.66;26.28;25.26;86
3;155.66;26.28;25.26;87
3;155.16;26.46;25.84;88
3;155.66;27.5;24.4;89
3;155.66;27.36;23.89;90
3;155.16;27.07;23.92;91
3;155.66;26.75;22.83;92
3;155.66;26.75;22.83;93
3;156.16;27.09;22.31;94
3;156.16;27.22;22.82;95
3;156.66;26.55;22.21;96
3;156.16;26.13;24.2;97
3;157.66;25.86;23.99;98
3;157.66;25.86;23.99;99
3;157.66;25.86;23.99;100
3;157.66;25.86;23.99;101
3;157.66;25.16;24.4;102
3;158.16;24.83;23.83;103
3;158.66;24.62;23.75;104
3;158.66;24.76;24.24;105
3;159.16;24.59;23.69;106
3;159.16;24.69;24.64;107
3;162.16;24.16;21.97;108
3;161.66;24.19;22.01;109
3;161.66;24.45;22.95;110
3;162.66;24.29;21.94;111
3;163.66;24.98;22.81;112
3;163.66;24.98;22.81;113
3;164.66;24.75;22.69;114
3;165.16;24.47;21.75;115
3;165.66;24.52;22.58;116
3;166.16;24.62;21.25;117
3;166.16;24.62;21.25;118
3;166.66;24.59;21.21;119
3;168.16;25.45;20.32;120
3;168.16;24.89;20.7;121
3;168.66;24.51;19.36;122
3;168.16;24.89;20.7;123
3;168.66;25.18;19.41;124
3;168.66;25.18;19.41;125
3;169.16;25.04;18.95;126
3;169.66;25.13;19.36;127
3;172.16;25.85;20.53;128
3;172.66;26.65;21.76;129
3;167.66;27.99;16.61;130
3;167.66;27.65;16.58;131
3;169.66;28.52;18.36;132
3;169.66;28.13;17.46;133
3;169.66;28.13;17.46;134
3;170.16;27.88;16.57;135
3;170.16;28.51;17.05;136
3;170.66;28.59;17.48;137
3;169.98;27.2;15.69;138
3;170.23;27.32;15.69;139
3;171.11;27.74;15.69;140
3;172.38;25.63;18.69;141
3;171.66;30.9;14.03;142
3;170.16;30.18;15.95;143
3;172.16;31.14;13.54;144
3;176.16;27.14;18.03;145
3;175.66;26.85;17.2;146
3;176.16;25.89;17.51;147
3;176.66;25.42;18.02;148
3;179.66;25.33;22.26;149
3;178.66;23.85;20.65;150
3;179.66;25.3;18.04;151
3;179.16;25.85;17.32;152
3;178.16;24.67;18.73;153
3;177.16;24;19.92;154
3;176.66;24.49;20.74;155
3;178.16;23.4;21.08;156
3;179.07;22.75;20.99;157
3;178.66;23.73;20.16;158
3;179.16;23.81;22.22;159
3;179.01;22.75;22.22;160
3;179.35;23.25;21.82;161
3;180.35;22.25;22.82;162
3;180.37;21.25;23.72;163
3;179.85;21.25;24.28;164
3;180.5;21.25;22.4;165
3;181.47;21.25;23.99;166
3;182.36;20.75;24.83;167
3;182.44;20.75;25.16;168
3;182.02;20.75;24.55;169
3;182.9;20.25;25.38;170
3;183.25;21.25;24.82;171
3;183.7;20.75;25.03;172
3;183.54;22.25;24.38;173
3;184.21;22.25;24.5;174
3;181.82;23.25;26.15;175
3;182.79;23.25;25.64;176
3;184.25;21.75;24.56;177
3;184.49;21.75;25.54;178
3;183.48;22.25;27.46;179
3;184.26;21.75;26.48;180
3;185.88;23.25;25.67;181
3;185.57;23.03;27.69;182
3;182.49;23.01;27.69;183
4;177.43;97.75;1.07;1
4;176.32;96.25;1.41;2
4;175.63;94.75;2.18;3
4;175.78;94.25;2.17;4
4;176.45;92.25;1.13;5
4;173.83;86.75;1.34;6
4;173.91;86.75;1.5;7
4;172.66;84.75;1.06;8
5;160.66;81.58;1.78;1
5;160.66;81.58;1.78;2
5;161.16;81.6;2.45;3
5;161.66;81.73;2.02;4
5;161.66;81.8;1.69;5
5;161.66;81.64;1.33;6
5;161.66;80.87;1.6;7
5;162.66;79.99;0.77;8
5;163.16;79.08;2.32;9
5;162.66;78.76;0.7;10
5;162.66;77.91;1.67;11
5;162.66;77.91;1.67;12
5;161.66;76.52;0.75;13
5;161.16;75.07;1.29;14
5;161.16;73.63;1.74;15
5;160.66;73.14;0.92;16
5;160.66;71.66;2.29;17
5;160.16;71.28;1.06;18
5;159.16;70.35;5.25;19
5;159.16;69.64;6.92;20
5;158.66;68.87;9.8;21
5;158.66;69.03;12.7;22
5;158.16;69;14.05;23
5;158.66;69.14;16.07;24
5;158.66;69.23;18.31;25
5;158.16;68.92;18.78;26
5;158.16;68.61;19.02;27
5;158.16;68.46;19.44;28
5;158.16;68.01;19.18;29
5;158.66;67.91;19.36;30
5;158.66;67.6;18.5;31
5;155.66;65.91;12.63;32
5;156.16;65.72;13.09;33
5;155.66;65.29;12.77;34
5;155.66;65.86;12.85;35
5;155.66;65.77;12.38;36
5;156.16;66.25;12.84;37
5;155.16;65.89;13.23;38
5;155.16;65.89;13.23;39
5;154.66;65.62;12.47;40
5;154.66;64.84;10.4;41
5;154.66;64.7;9.76;42
5;155.16;64.97;10.92;43
5;155.66;65.25;12.08;44
5;156.16;65.25;12.01;45
5;156.66;65.36;11.07;46
5;157.16;65.7;10.88;47
5;157.16;65.71;10.27;48
5;158.16;66.71;12.25;49
5;158.66;67.27;13.29;50
5;159.16;67.65;13.33;51
5;159.66;68.57;14.06;52
5;160.66;70.33;13.46;53
5;160.66;70.76;13.25;54
5;161.16;71.23;14.04;55
5;161.66;71.76;13.77;56
5;162.16;72.57;14.05;57
5;162.16;73.32;13.31;58
5;163.66;74.05;14.66;59
5;164.16;74.55;14.22;60
5;165.66;74.53;15.53;61
5;165.66;74.91;14.61;62
5;165.66;74.79;16.61;63
5;165.16;74.66;14.76;64
5;165.16;74.61;14.36;65
5;165.66;74.53;15.07;66
5;166.66;74.44;17.01;67
5;166.66;74.44;17.01;68
5;166.66;74.41;16.8;69
5;166.66;74.41;16.8;70
5;167.66;74.58;18.62;71
5;168.16;74.24;18.94;72
5;168.66;73.97;19.99;73
5;169.16;74.16;19.38;74
5;170.16;74.53;18.63;75
5;171.16;75.24;19.49;76
5;170.66;75.35;18.39;77
5;170.66;75.29;19.72;78
5;170.66;75.29;19.72;79
5;171.16;75.82;19.73;80
5;173.08;78.54;18.69;81
5;174.29;79.66;18.69;82
5;175.14;80.22;18.69;83
5;175.02;80.15;18.69;84
5;175.91;80.61;21.69;85
5;176.92;81.43;21.69;86
5;178.33;83.13;21.69;87
5;178.33;83.13;21.69;88
5;179;82.82;21.69;89
5;179.16;83.07;20.81;90
5;179.66;83.93;21.9;91
5;180.16;84.75;21.24;92
5;180.16;84.75;21.24;93
5;180.16;84.88;20.16;94
5;180.66;85.4;19.52;95
5;181.66;85.19;19.53;96
5;181.66;85.12;18.22;97
5;181.66;85.12;18.22;98
5;180.66;84.83;17.25;99
5;180.66;84.98;18.42;100
5;180.16;84.96;16.09;101
5;180.66;85.3;17.99;102
5;180.66;85.5;17.72;103
5;180.66;86.17;16.82;104
5;181.16;86.65;16.09;105
5;182.16;86.75;18.41;106
5;182.16;86.91;17.07;107
5;182.16;87.26;16.57;108
5;183.16;87.59;18.69;109
5;183.83;87.56;15.69;110
5;184.71;87.75;15.59;111
5;184.64;87.84;15.69;112
5;185.97;87.88;12.69;113
5;188.04;87.96;9.69;114
5;188.04;87.96;9.69;115
5;189.66;88.64;9.69;116
5;189.66;88.64;9.69;117
5;190.12;88.66;9.69;118
5;191.42;89.34;9.69;119
5;191.96;89.4;9.69;120
5;191.97;90.31;6.69;121
5;192.17;90.49;6.69;122
5;192.6;90.67;6.69;123
5;192.6;90.67;6.69;124
5;192.6;90.67;6.69;125
5;192.55;90.21;6.69;126
5;192.3;90.12;3.69;127
5;192.3;90.12;3.69;128
5;192.24;88.25;1.6;129
5;193.15;89.25;3.82;130
5;192.5;89.75;4.74;131
5;191.81;89.75;3.58;132
5;191.28;90.25;3.38;133
5;191.66;89.25;1.34;134
5;192.12;89.75;3.34;135
5;191.2;90.25;3.34;136
5;190.95;89.75;1.36;137
5;191.25;92.16;0.69;138
5;191.72;92.33;0.69;139
5;191.73;91.73;0.69;140
5;191.27;89.34;0.69;141
5;191.06;88.94;0.69;142
6;155.18;85.25;15.2;1
6;155.18;85.25;15.2;2
6;155.2;84.25;13.65;3
6;155.2;84.25;13.65;4
6;155.21;83.75;12.88;5
6;155.21;83.75;12.88;6
6;155.22;83.25;12.1;7
6;155.22;83.25;12.1;8
6;156.14;83.75;12.39;9
6;156.42;83.75;12.51;10
6;156.42;83.75;12.51;11
6;157.43;84.75;11.48;12
6;157.67;85.25;11.93;13
6;157.76;85.75;12.5;14
6;157.91;85.75;12.39;15
6;157.91;85.75;12.39;16
6;157.78;87.25;14.84;17
6;157.73;87.75;15.66;18
6;158.37;87.75;14.61;19
6;159.56;87.75;14.38;20
6;160.97;88.25;15.51;21
6;161.04;88.25;15.46;22
6;160.92;88.75;16.02;23
6;161.45;89.25;13.31;24
6;161.66;89.75;13.36;25
6;161.65;89.75;13.22;26
6;162.07;90.25;13.74;27
6;162.44;90.75;14.74;28
6;163.68;90.25;15.71;29
6;163.76;90.25;15.66;30
6;163.83;90.25;15.6;31
6;164.06;89.75;14.96;32
6;164.6;89.75;14.73;33
6;164.54;90.25;15.55;34
6;165.24;90.25;15.49;35
6;165.71;90.25;15.45;36
6;166.4;90.75;16.17;37
6;167.31;90.75;15.68;38
6;168.26;91.25;15.52;39
6;169.26;91.75;14.74;40
6;169.57;91.75;14.38;41
6;168.76;93.25;16.86;42
6;168.95;94.25;15.33;43
6;168.95;94.75;16.16;44
6;169.17;94.25;15.17;45
6;170.09;94.25;13.62;46
6;170.65;93.75;12.37;47
6;170.65;93.75;12.37;48
6;170.96;94.25;12.99;49
6;171.41;94.75;13.49;50
6;172.05;94.75;12.42;51
6;172.34;95.25;12.9;52
6;172.34;95.25;12.9;53
6;172.36;96.25;13.07;54
6;172.97;96.75;12.73;55
6;173.94;97.75;14.49;56
6;173.94;97.75;14.49;57
6;174.38;97.25;12.99;58
6;174.29;97.75;13.78;59
6;174.38;97.75;13.56;60
6;174.33;98.75;15.05;61
6;175.19;99.75;15.72;62
6;175.4;99.75;15.85;63
6;176.75;99.25;16.04;64
6;177.45;99.25;15.7;65
6;177.64;100.25;16.82;66
6;178.52;100.75;16.2;67
6;179.06;101.25;16.85;68
6;179.95;100.75;16.25;69
6;180.53;100.75;16.49;70
6;180.89;100.75;16.63;71
6;181.53;101.75;17.67;72
6;181.47;102.25;18.45;73
6;181.59;102.75;18.86;74
6;183.11;103.25;18.57;75
6;185.84;103.75;18.67;76
6;186.6;104.25;18.54;77
6;187.11;104.25;19.14;78
6;187.18;104.25;19.09;79
6;186.87;104.75;19.89;80
6;186.56;105.25;20.81;81
6;186.73;105.25;21.14;82
6;187.07;105.75;21.74;83
6;187.86;105.75;21.83;84
6;188.7;105.25;20.01;85
6;188.7;105.25;20.01;86
6;188.7;105.25;20.01;87
6;188.7;105.25;20.01;88
6;188.57;105.75;22.58;89
6;188.57;105.75;22.58;90
6;188.89;105.75;21.93;91
6;188.93;106.25;24.14;92
6;189.46;106.75;25.95;93
6;190.21;106.75;24.7;94
6;190.21;106.75;24.7;95
6;190.21;106.75;24.7;96
6;190.86;106.75;24.56;97
6;191.32;106.75;23.93;98
6;191.73;106.75;23.12;99
6;192.58;106.75;21.42;100
6;193.32;106.75;21.77;101
6;193.32;106.75;21.77;102
6;193.57;106.75;22.16;103
6;194.92;106.75;21.36;104
7;144.25;93.86;33.69;1
7;144.19;93.93;33.69;2
7;144.19;93.93;33.69;3
7;144.19;93.93;33.69;4
7;144.37;93.95;36.69;5
7;144.66;93.47;38.31;6
7;144.31;95.1;36.69;7
7;145.08;94.25;39.56;8
7;144.41;95.72;36.69;9
7;144.41;95.72;36.69;10
7;144.28;96.5;36.69;11
7;144.97;95.25;39.31;12
7;144.38;96.67;36.69;13
7;144.61;96.95;36.69;14
7;145.12;97.31;36.69;15
7;146.11;97.25;39.66;16
7;145.42;98.4;36.69;17
7;145.52;98.57;36.69;18
7;146.41;98.25;37.32;19
7;145.88;98.83;36.69;20
7;145.95;98.88;36.69;21
7;146.96;98.51;36.69;22
7;147.09;98.49;36.69;23
7;147.09;98.49;36.69;24
7;147.45;98.25;38.33;25
7;147.27;99.04;33.69;26
7;147.31;98.25;38.54;27
7;147.45;98.75;36.69;28
7;147.45;98.75;36.69;29
7;146.64;99.58;36.69;30
7;147.74;99.71;36.69;31
7;148.07;100.28;33.69;32
7;148.19;100.01;39.69;33
7;148.52;100.88;39.69;34
7;147.87;102.42;36.69;35
7;147.97;102.39;39.69;36
7;147.79;101.62;39.69;37
7;147.79;101.62;39.69;38
7;147.79;101.62;39.69;39
7;148.67;100.67;39.69;40
7;149;100.8;39.69;41
7;149.2;102.73;39.69;42
7;149.46;103.54;39.69;43
7;149.28;105.75;37.08;44
8;136.03;67.75;24.79;1
8;136.02;68.25;24.65;2
8;136.18;68.75;24.19;3
8;136.18;68.75;24.19;4
8;136.18;68.75;24.19;5
8;136.18;68.75;24.19;6
8;136.18;68.75;24.19;7
8;136.15;69.25;23.89;8
8;136.08;69.25;23.92;9
8;135.99;69.75;23.73;10
8;135.93;69.75;23.84;11
8;135.78;69.25;24.28;12
8;135.78;69.25;24.28;13
8;136.08;70.25;23.39;14
8;136.11;70.25;23.71;15
8;136.9;71.25;23.65;16
8;137.15;71.75;24.27;17
8;138.14;71.75;24.57;18
8;138.14;71.75;24.57;19
8;138.31;72.25;24.15;20
8;138.88;72.25;24.27;21
8;138.88;72.25;24.27;22
8;139.86;72.75;25.39;23
8;139.88;72.75;25.63;24
8;139.88;72.75;25.71;25
8;139.85;73.75;25.37;26
8;139.65;74.25;25.6;27
8;140.24;74.75;26.05;28
8;140.79;75.25;25.79;29
8;141.25;75.25;26.29;30
8;141.28;74.75;26.68;31
8;141.28;74.75;26.68;32
8;141.39;75.25;26.17;33
8;141.24;75.25;26.06;34
8;141.15;75.75;25.93;35
8;141.35;76.25;25.8;36
8;141.36;76.25;26.04;37
8;142.32;76.25;24.73;38
8;143.3;75.75;24.73;39
8;144.49;76.25;24.52;40
8;145.4;76.25;24.05;41
8;146.31;76.75;23.35;42
8;146.55;76.75;23.27;43
8;147.09;76.25;23.24;44
8;148.03;76.25;22.84;45
8;148.41;75.75;23.03;46
8;149.28;75.75;22.57;47
8;149.28;75.75;22.57;48
8;149.54;76.25;22.51;49
8;149.48;76.75;22.75;50
8;149.48;76.75;22.75;51
8;149.97;76.75;22.05;52
8;150.05;76.75;21.94;53
8;150.37;76.75;22.1;54
8;150.37;76.75;22.1;55
8;151.27;76.75;22.07;56
8;152.1;77.25;22.56;57
8;152.38;77.75;22.16;58
8;152.38;77.75;22.16;59
8;153.57;78.25;22.46;60
8;153.57;78.25;22.46;61
8;153.24;77.75;23.83;62
8;154.05;78.25;22.84;63
8;154.8;77.75;22.28;64
8;155.67;77.75;22.01;65
8;156.7;77.75;21.87;66
8;158.23;77.75;22.02;67
8;158.14;78.25;22.23;68
8;158.82;78.75;22.53;69
8;158.74;78.75;22.56;70
8;160.61;79.25;22.66;71
8;160.76;79.75;22.52;72
8;160.92;80.25;22.37;73
8;161.06;80.25;22.74;74
8;161.22;80.75;22.6;75
8;161.05;79.75;23.26;76
8;162.77;79.75;23.95;77
8;162.94;80.25;23.81;78
8;162.77;79.75;23.95;79
8;163.1;80.75;23.67;80
8;162.94;80.25;23.81;81
8;162.94;80.25;23.81;82
8;162.94;80.25;23.81;83
8;163.1;80.75;23.67;84
8;162.26;80.25;24.45;85
8;162.83;81.25;24.34;86
8;163.8;80.75;24.06;87
8;163.8;80.75;24.06;88
8;163.98;81.25;23.92;89
8;163.98;81.25;23.92;90
8;163.98;81.25;23.92;91
8;163.42;81.75;25.58;92
8;163.85;81.75;26.25;93
8;163.79;81.25;26.4;94
8;164.72;81.25;26.18;95
8;164.72;81.25;26.18;96
8;164.96;81.25;26.58;97
8;165.07;81.25;26.62;98
8;165.55;81.25;26.67;99
8;166.16;80.75;26.95;100
8;166.16;80.75;26.95;101
8;166.97;81.25;27.75;102
8;166.97;81.25;27.75;103
8;167.58;81.25;28.16;104
8;169.41;82.25;28.03;105
8;169.41;82.25;28.03;106
8;170.19;82.75;27.94;107
8;170.19;82.75;27.94;108
8;170.38;82.75;27.95;109
8;171.21;83.25;27.68;110
8;171.75;82.25;27.41;111
8;171.09;80.75;27.73;112
8;171.2;80.25;27.71;113
8;172.39;80.25;26.81;114
8;172.99;81.25;26.43;115
8;173.23;81.75;26.31;116
8;173.46;82.25;26.2;117
8;174.54;81.75;25.6;118
8;174.78;82.25;25.48;119
8;174.54;81.75;25.6;120
8;174.78;82.25;25.48;121
8;175.63;82.75;25.11;122
8;175.83;82.75;25.11;123
8;176;82.75;25.04;124
8;177.76;83.25;24.64;125
8;177.94;83.25;24.57;126
8;177.94;83.25;24.57;127
8;178.74;83.25;23.89;128
8;179;83.75;23.76;129
8;179;83.75;23.76;130
8;179;83.75;23.76;131
8;180.05;85.75;23.24;132
8;180.32;86.25;23.11;133
8;180.58;86.75;22.98;134
8;180.58;86.75;22.98;135
8;180.84;87.25;22.85;136
8;181.11;87.75;22.72;137
8;181.9;87.75;21.82;138
8;181.64;87.25;21.96;139
8;181.9;87.75;21.82;140
8;183.74;87.75;21.06;141
8;184.02;88.25;20.92;142
8;184.51;88.75;20.4;143
8;185.58;89.25;18.76;144
8;185.88;89.25;18.24;145
8;186.17;89.75;18.08;146
8;186.17;89.75;18.08;147
8;186.17;89.75;18.08;148
8;186.15;90.25;18.06;149
8;185.57;90.75;18.07;150
8;185.89;90.75;16.82;151
8;185.89;90.75;16.82;152
8;186.08;90.75;15.1;153
8;187.34;90.75;15.4;154
8;187.34;90.75;15.4;155
8;186.35;90.75;15.73;156
8;185.51;91.25;15.62;157
8;185.51;91.25;15.62;158
8;185.51;91.25;15.62;159
8;185.51;91.25;15.62;160
8;185.51;91.25;15.62;161
8;185.41;91.25;15.67;162
8;185.41;91.25;15.67;163
8;186.9;91.25;14.05;164
8;186.81;90.75;14.05;165
8;186.81;90.75;14.05;166
8;186.81;90.75;14.05;167
8;186.81;90.75;14.05;168
8;186.81;90.75;14.05;169
8;186.96;91.25;13.91;170
8;187.01;90.25;12.76;171
8;187.05;90.75;12.34;172
8;187.05;90.75;12.34;173
8;186.9;90.25;12.49;174
8;186.7;90.25;12.26;175
8;186.8;90.75;11.38;176
8;186.8;90.75;11.38;177
8;187.16;90.03;9.44;178
8;186.66;89.42;10.3;179
8;191.66;88.41;8.13;180
8;191.16;87.88;8.71;181
8;192.16;87.33;8.26;182
8;188.81;88.25;8.19;183
9;137.01;58.25;1.04;1
9;136.28;56.75;0.74;2
9;136.15;58.25;1.16;3
9;136.15;58.25;1.16;4
9;136.15;58.25;1.16;5
9;136.15;58.25;1.16;6
9;136.19;58.25;0.72;7
9;136.19;58.75;1.09;8
9;136.18;58.75;0.98;9
9;136.47;59.25;0.95;10
9;136.47;59.25;0.95;11
9;136.87;59.25;0.85;12
9;137.48;59.75;0.73;13
9;137.39;60.25;0.9;14
9;137.46;60.25;0.77;15
9;138.59;61.25;0.97;16
9;138.58;61.25;0.87;17
9;138.57;61.25;0.76;18
9;138.74;61.75;0.85;19
9;138.74;61.75;0.85;20
9;138.74;61.75;0.85;21
9;138.74;61.75;0.85;22
9;138.74;61.75;0.85;23
9;138.82;61.75;0.83;24
9;138.77;62.25;1.3;25
9;138.73;62.75;1.76;26
9;139.49;64.25;1.14;27
9;139.46;64.75;1.59;28
9;139.48;64.25;1.03;29
9;138.94;64.25;0.73;30
9;138.9;64.75;1.17;31
9;138.71;64.75;1;32
9;138.48;65.25;1.26;33
9;138.48;65.25;1.26;34
9;138.53;66.25;0.99;35
9;139.04;66.25;0.87;36
9;139.11;65.25;0.78;37
9;138.89;65.25;1.05;38
9;138.89;65.25;1.05;39
9;138.89;65.25;1.05;40
9;138.89;65.25;1.05;41
9;139.05;65.25;1.01;42
9;139.05;65.25;1.01;43
9;139.05;65.25;1.01;44
9;139.05;65.25;1.01;45
9;139.05;65.25;1.01;46
9;139.05;65.25;1.01;47
9;138.53;66.25;0.99;48
9;138.87;65.75;0.93;49
9;139.25;65.25;0.96;50
9;138.1;64.25;1.85;51
9;138.25;64.25;1.12;52
9;139.69;64.75;1.03;53
9;138.9;64.75;0.95;54
9;138.91;64.25;1.81;55
10;120.5;77.25;39.65;1
10;120.5;77.25;39.65;2
10;120.5;77.25;39.65;3
10;120.5;77.25;39.65;4
10;121.18;77.75;39.54;5
10;121.66;78.25;39.13;6
10;121.66;78.25;39.13;7
10;122.61;78.25;38.18;8
10;122.54;78.75;38.97;9
10;123.42;77.75;36.18;10
10;123.42;77.75;36.18;11
10;123.35;78.25;36.95;12
10;123.28;78.75;37.73;13
10;123.28;78.75;37.73;14
10;123.21;79.25;38.51;15
10;123.21;79.25;38.51;16
10;123.21;79.25;38.51;17
10;125.28;77.25;35;18
10;124.99;77.25;34.99;19
10;124.87;78.25;36.54;20
10;125.31;77.75;35.66;21
10;126.97;76.75;35.04;22
10;126.97;76.75;35.04;23
10;126.92;77.25;35.82;24
10;127.49;77.25;35.67;25
10;128.21;77.75;36.58;26
10;128.63;77.75;37.49;27
10;129.97;78.25;38.93;28
10;130.57;77.25;36.53;29
10;130.96;76.75;35.31;30
10;131.91;76.75;35.38;31
10;132.9;77.25;37.26;32
10;133.39;74.25;33.15;33
10;133.51;75.75;38.29;34
10;133.33;74.75;34.91;35
10;133.51;75.75;38.29;36
10;133.51;75.75;38.29;37
10;134.32;76.25;39.61;38
10;134.89;76.25;39.32;39
10;134.88;75.25;38.22;40
10;134.88;75.25;38.22;41
10;134.88;75.25;38.22;42
10;134.88;74.75;37.64;43
10;135.38;74.25;38.01;44
10;136.13;74.25;39.52;45
10;137.01;73.25;37.08;46
10;137.21;72.75;38.27;47
10;137.06;72.25;38;48
10;137.87;72.75;39.6;49
10;137.89;72.25;37.49;50
10;138.1;72.25;36.02;51
10;138.17;72.25;35.98;52
10;138.11;71.75;34.61;53
10;138.35;71.75;35.79;54
10;138.44;71.25;34.96;55
10;139.01;71.75;37.1;56
10;140.18;72.25;38.17;57
10;140.58;72.75;39.36;58
10;140.82;72.25;37.08;59
10;141.28;72.75;37.18;60
10;141.3;72.75;36.83;61
10;141.29;73.25;38.91;62
10;140.43;72.25;38.72;63
10;139.73;72.25;39.52;64
10;139.19;72.25;38.08;65
10;139.34;72.75;39.41;66
10;139.4;72.75;38.67;67
10;139.76;73.25;39.15;68
10;139.76;73.25;39.15;69
10;139.76;73.25;39.15;70
10;139.76;73.25;39.15;71
10;139.76;73.25;39.15;72
10;139.76;73.25;39.15;73
10;140.13;73.25;38.92;74
10;140.36;73.25;38.78;75
10;140.8;72.75;39.22;76
10;140.85;72.75;39.54;77
10;141.1;72.75;39.03;78
10;141.16;72.75;37.94;79
10;141.44;72.75;38.12;80
10;142.16;72.75;38.03;81
10;142.16;72.75;38.03;82
10;143.08;72.75;38.16;83
10;143.08;72.75;38.16;84
10;143.64;72.75;38.52;85
10;144.08;72.75;38.24;86
10;144.08;72.75;38.24;87
10;143.98;74.75;39.65;88
10;142.11;76.25;39.22;89
10;141.72;75.75;39.18;90
10;141.57;75.75;39.26;91
10;141.72;75.75;39.18;92
10;141.49;75.75;39.3;93
10;141.49;75.75;39.3;94
10;141.47;75.75;39.63;95
10;141.26;75.25;38.2;96
10;141.26;75.25;38.2;97
10;141.36;75.25;38.78;98
10;141.3;74.75;38.21;99
10;141.45;74.75;39.1;100
10;141.5;74.75;39.4;101
10;142.05;74.25;39.45;102
10;142.05;74.25;39.45;103
10;142.05;74.25;39.45;104
10;141.66;74.75;39.31;105
10;141.66;74.75;39.31;106
10;142.1;74.75;38.08;107
10;142.37;75.25;38.87;108
10;142.37;75.25;38.87;109
10;142.39;75.75;39.13;110
10;142.07;75.25;38.08;111
10;142.07;75.25;38.08;112
10;142.07;75.25;38.08;113
10;142.07;75.25;38.08;114
10;142.07;75.25;38.08;115
10;141.85;75.75;39.42;116
10;141.15;76.25;38.49;117
10;141.15;76.25;38.49;118
10;141.15;76.25;38.49;119
10;141.03;76.25;38.25;120
10;141.03;76.25;38.25;121
10;141.03;76.25;38.25;122
10;141.03;76.25;38.25;123
10;141.03;76.25;38.25;124
10;141.03;76.25;38.25;125
10;141.03;76.25;38.25;126
10;141.03;76.25;38.25;127
10;141.03;76.25;38.25;128
10;141.03;76.25;38.25;129
10;141.03;76.25;38.25;130
10;141.1;76.25;38.21;131
10;141.19;76.25;37.27;132
10;141.19;76.25;37.27;133
10;141.57;76.75;37.33;134
10;141.97;77.25;38.85;135
10;142.15;76.75;37.33;136
10;142.23;76.75;37.29;137
10;142.61;77.25;38.23;138
10;142.61;77.25;38.23;139
10;142.98;76.25;36.33;140
10;143.78;77.25;38.23;141
10;143.57;76.75;36.6;142
10;143.28;76.25;35.01;143
10;143.28;76.25;35.01;144
10;143.28;76.25;35.01;145
10;143.42;76.25;37.3;146
10;143.05;75.75;35.71;147
10;143.05;75.75;35.71;148
10;143.05;75.75;35.71;149
10;143.34;76.25;37.34;150
10;143.63;76.75;38.97;151
10;143.34;76.25;37.34;152
10;143.34;76.25;37.34;153
10;143.34;76.25;37.34;154
10;143.34;76.25;37.34;155
10;143.63;76.75;38.97;156
10;143.63;76.75;38.97;157
10;143.63;76.75;38.97;158
10;143.34;76.25;37.34;159
10;143.34;76.25;37.34;160
10;143.34;76.25;37.34;161
10;143.63;76.75;38.97;162
10;143.63;76.75;38.97;163
10;143.34;76.25;37.34;164
10;143.05;75.75;35.71;165
10;143.63;76.75;38.97;166
10;143.37;75.75;38.6;167
10;143.35;75.75;38.92;168
10;143.35;75.75;38.92;169
10;143.06;75.25;37.22;170
10;143.35;75.75;38.92;171
10;143.35;75.75;38.92;172
10;143.35;75.75;38.92;173
10;143.35;75.75;38.92;174
10;143.06;75.25;37.22;175
10;143.35;75.75;38.92;176
10;143.06;75.25;37.22;177
10;143.06;75.25;37.22;178
10;143.11;75.25;37.5;179
10;143.18;75.25;37.46;180
10;143.02;75.25;36.62;181
10;143.34;75.75;36.75;182
10;144.05;75.25;37.3;183
11;95.72;103.25;28.32;1
11;95.87;103.25;27.72;2
11;95.87;103.25;27.72;3
11;96.25;102.75;26.86;4
11;97.09;101.75;27.79;5
11;97.98;100.81;30.69;6
11;98.58;100.34;30.69;7
11;98.73;99.68;30.69;8
11;100.05;96.78;27.69;9
11;100.68;93.93;27.69;10
11;100.84;93.22;27.69;11
11;100.86;93.14;27.69;12
11;100.9;92.96;27.69;13
11;101.04;92.35;27.69;14
11;102.95;88.77;27.69;15
11;102.95;88.77;27.69;16
11;103.04;88.34;27.69;17
11;103.1;87.65;27.69;18
11;103.45;86.48;27.69;19
11;101.28;85.94;27.69;20
11;99.66;85.42;27.69;21
11;99.68;85.34;27.69;22
11;98.1;83.87;27.69;23
11;98.22;83.37;27.69;24
11;98.74;82.56;24.69;25
11;97.23;80.41;24.69;26
11;97.33;80.02;24.69;27
11;98.73;79.4;21.69;28
11;99.66;77.06;18.52;29
11;100.16;76.85;18.07;30
11;100.16;76.61;19.95;31
11;100.16;76.61;19.95;32
11;100.16;76.61;19.95;33
11;100.66;76.39;17.58;34
11;100.66;75.85;18.59;35
11;101.66;75.92;14.72;36
11;101.66;75.92;14.72;37
11;102.95;76.79;15.69;38
11;102.62;76.02;15.69;39
11;103.09;76.06;12.69;40
11;104.09;74.73;12.69;41
11;104.06;74.56;12.69;42
11;104.49;74.65;9.69;43
11;104.65;73.72;9.69;44
11;104.67;73.43;9.69;45
11;107.43;71.77;6.69;46
11;109.02;71.52;6.69;47
11;110.16;71.55;6.69;48
11;111.54;71.24;6.69;49
11;112.15;71.1;6.69;50
11;112.15;71.1;6.69;51
11;112.84;70.49;6.69;52
11;113.4;70.47;6.69;53
11;114.53;70.23;6.69;54
11;114.88;69.58;6.69;55
11;114.88;69.58;6.69;56
11;114.96;69.54;6.69;57
11;115.35;69.4;6.69;58
11;115.91;68.08;9.69;59
11;115.91;68.08;9.69;60
11;115.91;68.08;9.69;61
11;115.7;68.08;9.69;62
11;115.74;67.71;12.69;63
11;115.74;67.71;12.69;64
11;115.74;67.71;12.69;65
11;115.56;66.88;12.69;66
11;115.61;65.93;15.69;67
11;115.54;65.9;15.69;68
11;115.54;65.9;15.69;69
11;115.54;65.9;15.69;70
11;115.58;65.47;18.69;71
11;115.58;65.47;18.69;72
11;115.58;65.47;18.69;73
11;114.73;64.26;15.69;74
11;115.88;64.36;15.69;75
11;116.4;64.46;15.69;76
11;116.37;64.06;15.69;77
11;116.86;64.24;15.69;78
11;116.7;64.26;15.69;79
11;116.72;64.19;15.69;80
11;114.27;63.25;18.29;81
11;114.27;63.25;18.29;82
11;114.51;63.25;16.9;83
11;114.99;61.75;15.58;84
11;115.29;61.25;14.7;85
11;115.35;60.75;16.43;86
11;115.8;60.75;13.93;87
11;116.53;60.75;14.81;88
11;116.53;60.75;14.81;89
11;116.57;60.75;13.83;90
11;116.65;60.75;13.95;91
11;116.91;61.25;12.84;92
11;117.24;61.75;11.49;93
11;117.34;62.25;12.83;94
11;117.88;62.25;12.01;95
11;117.99;61.75;14.51;96
11;117.76;61.75;11.36;97
11;118.16;60.6;12.49;98
11;117.66;60.83;12.8;99
11;117.16;61.24;13.48;100
11;117.66;60.85;13.49;101
11;116.66;60.53;12.6;102
11;117.66;61.03;11.26;103
11;117.66;61.03;11.26;104
11;117.66;61.02;11.36;105
11;118.16;60.61;10.67;106
11;118.66;61.2;13.4;107
11;120.16;62.46;14.35;108
11;120.66;63.55;15.29;109
11;120.16;64.52;16.58;110
11;122.66;67.54;16.24;111
11;123.66;69.72;16.7;112
11;123.66;69.91;16.74;113
11;124.16;71.53;17.34;114
11;124.16;71.37;17.97;115
11;123.66;71.72;18.89;116
11;125.66;67.74;13.81;117
11;126.16;67.29;11.13;118
11;126.66;66.73;10.43;119
11;127.66;66.52;11.06;120
11;127.66;67.47;12.92;121
11;126.66;68.46;13.85;122
11;126.16;69.18;15.78;123
11;124.16;68.43;17.16;124
11;123.16;68.03;13.17;125
11;123.66;68.77;16.98;126
11;125.16;70.25;18.19;127
11;126.16;70.76;19.99;128
11;122.66;70.96;14.64;129
11;122.66;70.29;16.03;130
11;122.66;69.78;15.16;131
11;124.16;70.34;13.99;132
11;126.16;70.25;17.83;133
11;127.16;70.43;19.93;134
11;127.16;70.72;19.34;135
11;127.66;70.82;18.67;136
11;127.66;71.27;18.12;137
11;129.16;70.65;18.89;138
11;129.66;70.73;18.12;139
11;129.66;71.89;16.84;140
11;131.16;72.01;14.81;141
11;131.16;72.3;14.81;142
11;130.66;73.54;13.02;143
11;131.66;72.92;12.03;144
11;132.16;74.03;14.16;145
11;131.16;74.47;14.16;146
11;132.66;74.25;11.78;147
11;133.66;75.16;11.25;148
11;133.16;73.19;12.65;149
11;134.16;73.32;11.35;150
11;134.66;74.66;11.7;151
11;133.66;77.25;13.2;152
11;134.66;77.5;12.53;153
11;135.16;77.64;11.8;154
11;135.66;77.64;11.51;155
11;136.16;78.04;11.08;156
11;136.66;78.73;10.99;157
11;136.66;78.83;10.58;158
11;137.16;79.34;9.63;159
11;138.16;79.31;9.46;160
11;138.66;79.99;8.53;161
11;139.66;80.41;8.55;162
11;140.66;80.94;8.55;163
11;141.66;81.97;8.31;164
11;142.16;82.09;8.29;165
11;143.16;82.79;8.2;166
11;143.16;83.12;9.98;167
11;144.16;83.1;8.83;168
11;143.16;83.24;13.59;169
11;144.66;84.37;14.07;170
11;145.16;84.99;13.73;171
11;146.66;85.84;12.46;172
11;147.16;84.69;11.58;173
11;147.16;84.09;10.45;174
11;147.66;82.83;12.95;175
11;147.66;84.81;13.31;176
11;148.66;86.02;12.88;177
11;149.16;86.49;12.53;178
11;150.16;87.48;12.52;179
11;151.16;88.44;11.69;180
11;151.66;88.74;9.89;181
11;151.66;89.2;11.66;182
11;152.16;89.89;11.39;183
12;163.66;41.06;21.84;1
12;163.66;41.06;21.84;2
12;163.66;41.11;21.77;3
12;163.66;41.11;21.77;4
12;164.16;41.01;20.97;5
12;164.16;41.01;20.97;6
12;164.16;41;20.83;7
12;164.16;40.99;21.19;8
12;164.66;41.06;21.21;9
12;164.66;40.88;21.48;10
12;164.66;40.88;21.48;11
12;164.66;41.2;22.38;12
12;165.16;41.15;22.24;13
12;165.16;41.15;22.24;14
12;165.66;41.07;21.97;15
12;165.66;41.07;21.97;16
12;165.66;41.07;21.97;17
12;166.66;41.09;21.89;18
12;167.16;40.71;21.75;19
12;166.66;40.73;22.44;20
12;166.66;40.73;22.44;21
12;166.66;40.65;23.08;22
12;166.66;40.67;23.22;23
12;166.66;40.79;24.57;24
12;167.16;41.28;24.99;25
12;167.16;41.28;24.99;26
12;167.16;41.23;25.06;27
12;167.16;41.23;25.06;28
12;167.16;41.23;25.06;29
12;167.16;41.23;25.06;30
12;167.16;41.23;25.06;31
12;167.16;41.23;25.06;32
12;167.16;41.23;25.06;33
12;167.16;41.07;25.46;34
12;167.16;41.02;25.87;35
12;167.66;40.74;26.11;36
12;167.66;40.78;26.39;37
12;167.66;40.73;26.79;38
12;168.16;40.7;27.32;39
12;168.16;40.7;27.32;40
12;168.16;40.7;27.32;41
12;168.16;40.7;27.32;42
12;168.66;40.46;27.03;43
12;168.66;40.14;27.82;44
12;169.66;39.83;26.99;45
12;169.66;39.45;28.2;46
12;169.66;39.49;28.47;47
12;169.66;39.87;30.47;48
12;171.16;39.41;29.32;49
12;172.16;38.72;28.61;50
12;173.66;38.24;27.45;51
12;173.16;36.35;29.65;52
12;173.66;36.18;29.29;53
12;174.16;35.72;32.83;54
12;172.66;35.21;35.81;55
12;172.66;35.09;38.46;56
12;173.16;34.86;38.22;57
12;176.82;36.75;35.21;58
12;175.65;37.25;38.09;59
12;176.66;38.25;35.81;60
12;176;38.25;39.23;61
12;177.68;37.75;32.1;62
12;178.21;37.75;30.48;63
12;177.77;37.25;27.71;64
12;177.34;37.25;29.97;65
12;177.82;37.75;37.84;66
12;179.98;39.25;37.63;67
12;178.47;36.75;31.22;68
12;179.06;36.75;29.39;69
12;180.26;37.75;28.52;70
12;178.42;36.25;27.62;71
12;180.18;37.25;19.5;72
12;179.41;37.75;17.92;73
12;178.54;36.25;24.14;74
12;179;36.75;28.15;75
12;180.16;37.75;28.16;76
12;180.8;38.25;29.37;77
12;178.93;37.25;18.85;78
12;180.07;37.75;28.5;79
12;180.74;37.75;28.2;80
12;180.9;37.75;26.9;81
12;181.09;37.75;27.1;82
12;181.2;38.25;27.69;83
12;181.18;38.25;29.79;84
12;181.14;38.75;30.27;85
12;181.17;38.75;28.75;86
12;181.6;39.25;28.33;87
12;181.23;39.25;27.7;88
12;181.18;39.75;26.62;89
12;181.41;40.25;26.81;90
12;180.81;40.75;27.68;91
12;181.15;40.75;29.41;92
12;181.85;40.75;27.54;93
12;180.72;42.75;19.19;94
12;180.87;43.25;19.13;95
12;180.5;43.75;17.9;96
12;181.93;41.75;26.61;97
13;158.16;51.48;16.53;1
13;160.16;50.06;15.05;2
13;161.66;49.42;18;3
13;163.66;47.88;16.81;4
13;163.66;47.89;17.61;5
13;164.16;47.87;18.69;6
13;165.16;48.47;19.06;7
13;165.66;48.76;19.04;8
13;165.66;49.02;19.41;9
13;165.16;49.54;19.7;10
13;164.66;49.67;19.83;11
13;164.16;51.28;21.76;12
13;164.66;51.18;22.16;13
13;165.16;50.95;21.63;14
13;165.16;51.04;22.76;15
13;166.66;52.93;21.76;16
13;167.66;54.03;21.69;17
13;168.66;53.82;20.56;18
13;169.16;54.22;20.3;19
13;170.16;54.58;19.48;20
13;170.16;54.68;19.89;21
13;169.66;54.77;20.52;22
13;170.66;55.14;19.84;23
13;170.16;55.24;20.33;24
13;170.16;55.46;21.07;25
13;169.66;55.23;21.21;26
13;170.66;55.09;19.63;27
13;171.16;55.33;19.37;28
13;171.16;55.04;19.77;29
13;171.16;55.04;19.77;30
13;170.66;55.05;20.25;31
13;170.16;55.47;20.4;32
13;171.66;55.47;18.97;33
13;171.66;55.46;21.01;34
13;171.16;55.46;21.47;35
13;171.66;55.46;21.01;36
13;171.66;54.76;20.92;37
13;170.66;54.77;21.84;38
13;171.16;55.09;22.12;39
13;171.16;55.09;22.12;40
13;171.66;55.18;21.93;41
13;172.66;54.75;21.48;42
13;173.16;54.71;24;43
13;173.16;55.86;24.96;44
13;173.16;55.68;24.83;45
13;173.16;55.68;24.83;46
13;173.16;55.68;24.83;47
13;173.66;55.4;24.03;48
13;173.66;55.26;23.97;49
13;174.16;55.36;24.07;50
13;174.66;57.01;25.32;51
13;175.16;57.07;24.98;52
13;175.16;57.07;24.98;53
13;175.66;58.91;25.34;54
13;176.16;58.94;24.95;55
13;176.16;59.18;24.76;56
13;176.66;59.21;24.36;57
13;176.66;59.53;24.3;58
13;175.66;59.95;24.34;59
13;176.16;59.99;23.81;60
13;174.66;60.52;25.45;61
13;175.16;60.57;25.05;62
13;174.66;60.52;25.45;63
13;174.66;60.52;25.45;64
13;174.66;60.52;25.45;65
13;175.16;60.22;24.68;66
13;174.66;60.14;25.02;67
13;174.66;60.41;25.02;68
13;174.16;60.36;25.42;69
13;174.66;60.41;25.02;70
13;175.66;60.5;24.22;71
13;175.66;59.6;25.03;72
13;175.16;59.11;25.42;73
13;175.16;59.11;25.42;74
13;175.66;58.74;25.09;75
13;175.66;58.74;25.09;76
13;175.66;58.51;25.03;77
13;175.66;58.07;24.4;78
13;175.16;57.7;23.52;79
13;174.66;57.68;23.93;80
13;175.16;58.54;23.53;81
13;175.16;58.54;23.53;82
13;174.66;58.51;23.94;83
13;175.16;58.38;24.23;84
13;175.16;58.78;25.85;85
13;174.66;58.75;26.24;86
13;173.66;58.8;26.54;87
13;173.66;58.94;26.36;88
13;173.66;58.94;26.36;89
13;173.16;58.61;26.33;90
13;173.66;59.21;26.12;91
13;173.66;60.61;26;92
13;174.66;60.71;25.2;93
13;175.16;60.76;24.8;94
13;175.66;60;26.25;95
13;177.16;60.14;25.66;96
13;177.16;60.14;25.66;97
13;177.16;60.14;25.66;98
13;177.16;60.15;25.54;99
13;176.66;61.36;26.82;100
13;177.66;61.4;26.5;101
13;177.16;61.35;26.87;102
13;176.66;61.3;27.23;103
13;175.16;59.29;25.42;104
13;174.66;58.62;24.64;105
13;176.16;57.45;23.22;106
13;178.16;57.36;22.33;107
13;178.16;57.69;22.79;108
13;179.16;58.65;22.47;109
13;178.16;58.9;23.96;110
13;179.16;58.96;23.19;111
13;179.66;59.32;23;112
13;179.16;59.29;23.38;113
13;180.66;59.44;22.29;114
13;181.16;59.22;21.84;115
13;181.16;58.97;22.05;116
13;182.16;58.91;21.82;117
13;182.16;58.56;21.89;118
13;180.66;58.91;23.48;119
13;179.66;58.85;24.23;120
13;180.66;57.16;22.71;121
13;181.16;56.59;24.25;122
13;183.66;55.45;22.78;123
13;184.66;55.45;22.05;124
13;184.66;55.92;22.66;125
13;183.66;55.91;23.38;126
13;184.16;56.27;23.48;127
13;184.66;56.69;23.25;128
13;185.16;56.7;22.9;129
13;185.16;56.81;22.9;130
13;185.16;56.82;22.22;131
13;185.66;56.83;21.86;132
13;185.66;56.45;20.22;133
13;185.66;56.12;21.3;134
13;185.16;56.2;18.59;135
13;186.16;56.7;20.54;136
13;185.16;56.43;23.04;137
13;185.66;56.33;18.64;138
13;186.16;56.18;19.44;139
13;185.16;57.02;18.06;140
13;185.66;56.52;17.37;141
13;186.16;55.47;17.72;142
13;186.16;54.41;18.05;143
13;185.16;54.83;15.28;144
13;185.66;55.03;15.62;145
13;186.16;55.58;16.38;146
13;185.16;56.25;14.42;147
13;186.16;55.92;15.06;148
13;185.16;54.66;14.91;149
13;185.16;55.75;15.75;150
13;185.66;55.96;15.43;151
13;185.66;56.13;14.46;152
13;185.16;56.32;16.01;153
13;184.66;54.81;16.01;154
13;185.16;54.29;16.28;155
13;184.66;53.3;15.49;156
13;185.16;53.03;15.78;157
14;87.66;100.13;19.53;1
14;87.66;100.13;19.53;2
14;87.16;100.22;20.76;3
14;88.16;101.09;19.28;4
14;88.16;101.08;20.04;5
14;89.16;101.11;20.22;6
14;89.16;101.17;20.59;7
14;89.16;101.17;20.59;8
14;90.16;101.77;19.94;9
14;90.16;101.77;19.94;10
14;89.66;102.39;20.29;11
14;89.66;102.61;19.89;12
14;89.66;102.61;19.89;13
14;89.66;102.75;19.87;14
14;90.16;102.87;19.76;15
14;90.66;103.39;20.32;16
14;90.66;103.58;20.65;17
14;90.66;103.72;20.63;18
14;90.66;103.99;20.58;19
14;90.66;104.13;20.56;20
14;90.66;104.43;19.78;21
14;90.16;104.82;20.53;22
14;91.66;105.29;19.83;23
14;92.16;105.59;18.99;24
14;92.66;105.45;18.94;25
14;93.16;105.4;18.53;26
14;93.66;105.49;19.16;27
14;93.66;105.64;20.19;28
14;94.16;105.96;20.41;29
14;94.16;106.11;21.41;30
14;96.16;106.41;20.43;31
14;97.16;106.64;21.95;32
15;67.68;85.25;11.9;1
15;66.87;85.75;9.66;2
15;67.27;85.75;7.96;3
15;66.77;85.75;4.88;4
15;66.9;84.75;1.59;5
15;66.77;84.75;2.19;6
15;66.77;84.75;2.19;7
15;66.6;84.75;1.54;8
15;66.16;85.69;1.08;9
15;66.09;86.25;1.77;10
15;66.05;86.75;1.22;11
15;65.13;87.25;1.22;12
15;65.13;87.25;1.22;13
15;65.57;87.75;2.06;14
15;65.74;89.75;1.28;15
15;65.71;90.25;1.43;16
15;66.46;90.25;0.81;17
15;67.16;90.91;2.47;18
15;70.16;90.82;0.9;19
15;71.16;91.35;1.29;20
15;70.66;92.03;0.75;21
15;72.16;91.24;2.3;22
15;73.66;89.95;0.87;23
15;73.16;87.45;1.08;24
15;72.16;86.71;2.51;25
15;70.84;84.75;0.89;26
15;69.5;83.75;1.2;27
15;70.56;84.25;2.04;28
15;71;84.75;2.18;29
15;71.31;84.75;2.22;30
15;72.25;84.25;1.03;31
15;71.94;84.25;1.62;32
15;69.65;84.25;1.91;33
15;68.73;84.25;1.77;34
15;68.73;84.25;1.77;35
15;68.73;84.25;1.77;36
15;68.13;84.25;1.68;37
15;67.98;84.25;1.66;38
15;67.83;83.75;0.95;39
15;67.83;83.75;0.95;40
15;65.66;87.14;1.77;41
15;67.69;87.25;1.54;42
15;68.26;87.75;1.73;43
15;66.16;89.07;0.7;44
15;66.16;89.07;0.7;45
15;66.16;89.02;0.91;46
15;66.16;89.02;0.91;47
15;66.16;89.4;0.84;48
15;66.66;90.14;1.76;49
15;67.16;90.41;1.2;50
15;68.16;91.19;0.82;51
15;67.66;91.78;1.59;52
15;67.66;92.31;1.49;53
15;69.66;91.76;1.34;54
15;69.66;92.09;2.54;55
15;69.16;93.16;5.06;56
15;68.66;93.76;6.75;57
15;69.66;94.34;8.56;58
15;69.16;94.4;9.91;59
15;69.16;94.4;10.06;60
15;68.66;92.5;10.01;61
15;68.66;90.81;10.82;62
15;68.16;89.95;11.46;63
15;68.16;89.33;11.59;64
15;67.66;88.61;12.66;65
15;67.66;88.47;12.69;66
15;67.16;87.85;15.2;67
15;66.16;87.95;16.85;68
15;66.16;86.78;16.67;69
15;66.16;86.58;16.71;70
15;65.66;86.34;17.68;71
15;65.66;86.55;18.87;72
15;65.66;86.63;18.98;73
15;64.66;86.61;20.38;74
15;63.66;86.49;21.81;75
15;62.66;86.59;23.35;76
15;62.16;85.84;25.4;77
15;62.16;85.84;25.4;78
15;62.66;85.66;24.54;79
15;62.16;82.3;27.7;80
15;62.16;82.33;27.81;81
15;62.16;82.33;27.81;82
15;60.16;80.04;29.49;83
15;59.66;79.29;32.79;84
15;59.66;79.09;34.92;85
15;60.16;78.66;34.79;86
15;60.16;78.66;34.79;87
15;59.66;78.74;33.65;88
15;59.16;79.38;34.06;89
15;58.66;78.06;32.96;90
15;58.16;75.41;31.67;91
15;57.66;75.68;32.33;92
15;58.16;75.38;31.43;93
15;57.16;73.56;29.2;94
15;55.66;73.78;30.19;95
15;55.16;73.99;30.69;96
15;54.66;74.33;31.06;97
15;54.69;73.75;29.73;98
15;54.05;74.25;27.8;99
15;54.16;75;28.14;100
15;54.16;74.89;28.01;101
15;54.05;74.25;27.03;102
15;53.99;74.25;27.01;103
15;53.99;74.25;27.01;104
15;54.37;73.25;25.13;105
15;53.95;73.75;25.61;106
15;57.14;70.75;21.11;107
15;57.44;71.25;20.48;108
15;57.22;71.25;22.83;109
15;57.22;71.25;22.83;110
15;57.22;71.25;23;111
15;57.16;71.88;23.83;112
15;57.66;72.28;23.26;113
15;58.16;73.27;24.14;114
15;59.16;73.51;23.6;115
15;60.16;73.37;22.57;116
15;60.66;73.41;21.67;117
15;60.66;73.74;21.61;118
15;60.66;74.55;21.91;119
15;61.66;74.26;21.73;120
15;61.66;74.26;21.73;121
15;61.66;74.26;21.73;122
15;61.66;74.39;21.7;123
15;62.16;74.03;21.21;124
15;62.16;73.56;21.31;125
15;62.66;72.64;20.49;126
15;62.66;71.97;21.22;127
15;63.16;71.46;20.79;128
15;63.16;71.21;20.54;129
15;63.66;70.48;19.39;130
15;66.66;70.02;18.21;131
15;66.16;69.89;18.55;132
15;66.16;69.89;18.55;133
15;66.66;69.25;18.06;134
15;66.66;69.26;18.67;135
15;67.16;69.18;18.98;136
15;67.66;69.26;19.1;137
15;68.16;69.88;18.82;138
15;69.16;69.39;18.65;139
15;69.66;69.13;18.72;140
15;71.16;68.43;18.37;141
15;74.16;67.63;18;142
15;74.66;67.29;17.31;143
15;74.66;66.75;17.43;144
15;74.66;66.75;17.43;145
15;74.66;66.75;17.43;146
15;74.66;66.75;17.43;147
15;74.66;66.75;17.43;148
15;75.66;67.33;17.87;149
15;76.66;67.86;18.98;150
15;76.66;67.52;17.98;151
15;76.66;67.52;17.98;152
15;76.16;67.85;18.64;153
15;76.16;67.85;18.64;154
15;76.66;67.52;17.98;155
15;76.66;68.42;17.9;156
15;76.66;68.42;17.9;157
15;76.66;68.92;18.32;158
15;76.66;68.92;18.32;159
15;76.66;68.66;18.52;160
15;76.66;68.86;19;161
15;76.66;68.86;19;162
15;77.16;69.7;18.34;163
15;77.66;69.2;19.07;164
15;77.16;70.08;18.25;165
15;77.16;70.08;18.25;166
15;77.16;70.08;18.25;167
15;77.66;69.65;18.96;168
15;78.16;70.05;19.7;169
15;77.66;69.65;18.96;170
15;77.66;69.13;19.73;171
15;78.16;69.45;18.56;172
15;78.16;69.62;19.42;173
15;78.66;69.66;19.24;174
15;79.16;69.45;18.6;175
15;79.66;69.53;18.93;176
15;80.66;69;17.83;177
15;81.16;68.95;17.82;178
15;82.16;68.44;18.29;179
15;82.66;68.12;16.94;180
15;83.16;68.2;16.39;181
15;83.66;68.09;15.76;182
15;84.16;68.53;17.47;183
16;74.16;69.72;39.67;1
16;74.16;69.72;39.67;2
16;74.66;69.51;38.88;3
16;74.66;69.23;38.94;4
16;74.66;69.26;39.22;5
16;75.16;69.52;38.9;6
16;75.16;69.6;39.02;7
16;75.16;69.6;39.02;8
16;75.16;69.58;39.44;9
16;75.16;69.58;39.44;10
16;74.78;67.95;39.36;11
16;75.66;69.69;39.02;12
16;75.66;69.69;39.02;13
16;75.66;69.69;39.02;14
16;75.66;69.69;39.02;15
16;75.16;68.89;39.04;16
16;75.16;68.64;39.38;17
16;75.16;68.64;39.38;18
16;75.16;68.53;39.68;19
16;74.16;69.44;39.02;20
16;74.66;69.88;39.08;21
16;74.66;69.9;39.22;22
16;74.66;69.9;39.22;23
16;74.66;69.9;39.22;24
16;74.66;70.02;39.05;25
16;74.16;69.47;39.3;26
16;73.66;69.45;39.29;27
16;72.66;69.25;39.62;28
16;73.16;69.51;39.27;29
16;73.16;69.51;39.27;30
16;73.16;69.51;39.27;31
16;73.16;69.51;39.27;32
16;72.16;69.07;39.37;33
16;72.66;68.97;38.36;34
16;72.16;69.05;39.23;35
16;72.16;69.05;39.23;36
16;72.16;69.05;39.23;37
16;72.16;68.47;39.65;38
16;72.66;68.37;38.78;39
16;72.16;68.47;39.65;40
16;72.66;68.27;39.1;41
16;72.66;68.08;39.29;42
16;72.66;67.98;39.6;43
16;72.66;67.98;39.6;44
16;72.66;67.98;39.6;45
16;72.66;67.98;39.6;46
16;72.66;67.98;39.6;47
16;73.66;68.1;39.3;48
16;73.66;68.36;39.67;49
16;74.16;68.5;38.94;50
16;74.16;68.5;38.94;51
16;74.16;68.5;38.94;52
16;74.16;68.5;38.94;53
16;74.16;68.81;39.16;54
16;74.66;69.79;39.52;55
16;75.66;69.86;39.26;56
16;75.66;69.83;38.99;57
16;75.66;69.48;39.07;58
16;76.66;68.98;37.57;59
16;77.16;68.83;36.79;60
16;77.66;68.52;36.63;61
16;77.66;68.48;37.5;62
16;77.66;68.48;37.5;63
17;96.43;70.1;39.69;1
17;96.16;69.52;39.69;2
17;96.13;69.55;36.69;3
17;96.8;69.06;36.69;4
17;97.61;68.14;33.69;5
17;98.67;67.29;33.69;6
17;101.18;65.92;30.69;7
17;101.18;65.92;30.69;8
17;101.68;64.59;30.69;9
17;101.29;64.96;30.69;10
17;101.43;63.95;27.69;11
17;101.67;62.59;30.69;12
17;101.05;60.86;30.69;13
17;101.08;60.78;27.69;14
17;100.04;60.15;27.69;15
17;99.39;59.05;24.69;16
17;98.07;57.02;24.69;17
17;97.92;56.71;24.69;18
17;98.18;56.02;24.69;19
17;98.02;53.63;24.69;20
17;98.64;53.33;24.69;21
17;98.43;50.8;30.69;22
17;99.01;49.23;30.69;23
17;99.25;48.79;33.69;24
17;99.95;48.56;27.69;25
17;100.03;48.33;27.69;26
17;99.74;47.71;27.69;27
17;99.4;46.55;27.69;28
17;99.36;45.23;27.69;29
17;99.36;45.23;27.69;30
17;99.98;44.94;27.69;31
17;99.98;44.94;27.69;32
17;101.41;44.38;24.69;33
17;101.37;44.67;27.69;34
17;101.37;44.67;27.69;35
17;103.19;44.51;24.69;36
17;104.81;44.27;21.69;37
17;105.05;44.35;21.69;38
17;106.27;43.14;18.69;39
17;106.74;43.31;18.69;40
17;106.74;43.31;18.69;41
17;107.35;43.81;18.69;42
17;107.53;43.34;18.69;43
17;108.5;42.88;18.69;44
17;110.37;43.57;18.69;45
17;109.76;43.07;18.69;46
17;110.02;42.36;18.69;47
17;110.43;41.34;15.69;48
17;110.15;41.96;21.69;49
17;110.76;38.99;15.69;50
17;109.88;37.7;18.69;51
17;108.59;36.13;18.69;52
17;108.59;36.13;18.69;53
17;109.41;35.35;18.69;54
17;108.95;36.25;19.24;55
17;108.95;36.25;19.24;56
17;108.37;36.25;19.67;57
17;108.16;36.25;21.69;58
17;108.04;36.25;22.39;59
17;108.27;36.25;21.41;60
17;108.88;35.75;21.89;61
17;108.7;36.25;21.7;62
17;108.68;36.25;22.13;63
17;108.57;36.25;22.4;64
17;108.3;35.75;22.74;65
17;108.06;34.75;22.56;66
17;107.94;33.72;21.69;67
17;108.11;32.54;21.69;68
17;108.22;32.49;21.69;69
17;108.46;32.83;21.69;70
17;109.02;32.15;24.69;71
17;109.02;32.15;24.69;72
17;109.73;32.12;24.69;73
17;109.73;32.12;24.69;74
17;109.83;32.33;24.69;75
17;110.33;32.41;24.69;76
17;110.71;32.79;24.69;77
17;111.07;32.74;24.69;78
17;111.44;32.69;24.69;79
17;111.7;32.28;27.69;80
17;112.13;32.25;27.69;81
17;113.11;32.65;24.69;82
17;112.99;32.21;27.69;83
17;112.81;32.98;24.69;84
17;112.7;32.53;27.69;85
17;111.65;32.42;27.69;86
17;112.17;32.6;27.69;87
17;112.29;32.72;27.69;88
17;111.62;33.15;27.69;89
17;112.46;32.94;27.69;90
17;113.75;31.25;28.24;91
17;114.24;30.25;30.46;92
17;114.21;30.25;29.91;93
17;114.1;30.25;30.03;94
17;113.63;29.75;31.11;95
17;113.31;28.75;31.52;96
17;113.52;28.75;32.56;97
17;113.39;28.25;32.2;98
17;113.43;28.75;32.93;99
17;113.43;28.75;32.93;100
17;113.46;29.25;34.07;101
17;114.3;27.25;33.35;102
17;114.55;27.25;33.64;103
17;114.78;26.75;34.54;104
17;114.77;26.75;35.56;105
17;114.95;26.75;36.27;106
17;115.45;26.75;36.66;107
17;116.1;26.75;36.44;108
17;116.54;26.75;36.65;109
17;116.96;26.75;36.63;110
17;117.02;26.75;36.58;111
17;117.42;26.75;36.93;112
17;117.95;28.25;39.58;113
17;118.3;28.25;39.39;114
17;118.89;28.25;38.87;115
17;119.16;28.25;38.85;116
17;119.58;27.75;39.43;117
17;119.52;27.75;39.26;118
17;119.52;27.75;39.26;119
17;119.08;28.25;39.26;120
17;119.08;28.25;39.26;121
17;119.58;27.75;39.21;122
17;120.78;26.75;39.08;123
17;120.91;26.75;39.29;124
17;121.5;26.25;39.3;125
17;121.68;26.25;39.46;126
17;120.32;25.75;39.21;127
17;120.32;25.75;39.21;128
17;122.66;26.69;39.42;129
17;123.16;26.73;39.34;130
17;124.16;25.37;39.55;131
17;124.16;24.9;39.22;132
17;124.16;24.59;39.36;133
17;124.66;25.73;38.66;134
17;124.66;26.73;39;135
17;126.16;24.91;38.16;136
17;125.66;24.13;38.3;137
17;124.66;23.2;38.19;138
17;124.16;22.35;38.55;139
18;1.66;53.16;21.83;1
18;1.66;53.55;18.8;2
18;1.66;53.68;17.77;3
18;1.66;53.37;16.94;4
18;1.16;53.22;14.86;5
18;1.16;53.22;14.86;6
18;1.16;53.13;13.91;7
18;1.16;53.13;13.91;8
18;1.66;52.72;10.18;9
18;1.16;53.34;8.71;10
18;1.16;52.07;10.36;11
18;1.66;52.42;14.41;12
18;1.66;52.65;14.3;13
18;1.16;53.01;19.8;14
18;1.16;53.27;17.77;15
18;1.66;52.48;17.35;16
18;1.16;53.23;19.7;17
18;1.16;53.27;17.77;18
18;1.16;52.83;17.97;19
18;1.66;54.35;17.46;20
18;1.16;53.14;18.79;21
18;0.66;52.98;16.75;22
19;21.67;26.75;21.77;1
19;21.71;25.75;19.92;2
19;21.71;26.25;19.38;3
19;21.78;25.75;19.4;4
19;21.64;25.75;17.76;5
19;21.44;26.25;17.3;6
19;21.07;26.75;16.67;7
19;21.08;26.25;15.71;8
19;22.08;26.25;15.46;9
19;22.08;26.25;15.46;10
19;22.37;25.75;15.39;11
19;22.02;24.75;13.69;12
19;21.17;25.25;13.51;13
19;21.21;25.25;13.23;14
19;21.59;25.75;12.69;15
19;21.98;26.75;12.85;16
19;21.95;27.75;13.23;17
19;21.71;28.25;11.39;18
19;21.53;27.75;10.49;19
19;21.53;27.75;10.49;20
19;20.84;28.75;9.85;21
19;20.58;29.25;9.62;22
19;19.66;29.25;7.28;23
19;19.66;29.25;7.28;24
19;19.68;29.75;6.29;25
19;18.65;30.25;5.58;26
19;18.44;29.75;4.62;27
19;18.44;29.75;4.62;28
19;18.47;29.75;4.3;29
19;18.47;29.75;4.3;30
19;18.21;29.75;2.94;31
19;17.44;29.25;1.36;32
19;17.35;30.75;3.49;33
19;17.93;30.25;2.66;34
19;17.93;29.75;1.56;35
19;19.09;29.25;1.34;36
19;19.97;29.25;0.84;37
19;20.33;30.25;1.28;38
19;19.43;30.75;1.04;39
19;19.43;30.75;1.04;40
19;19.4;30.75;1.37;41
19;19.34;30.25;0.92;42
19;20.06;30.75;0.99;43
19;20.67;31.75;0.99;44
19;21.2;32.25;0.86;45
19;22.44;33.25;0.81;46
19;23.38;32.75;0.7;47
19;24.4;34.25;1.62;48
19;25.06;34.25;1.22;49
19;25.6;33.75;1.03;50
19;26.14;33.25;0.84;51
19;26.8;33.75;1.27;52
19;28.07;34.25;1.65;53
19;28.39;34.25;0.83;54
19;28.69;34.75;0.84;55
19;28.69;34.75;0.84;56
19;28.87;34.75;1.05;57
19;29.94;34.75;0.73;58
19;30.48;36.25;3.2;59
19;29.99;35.75;1.72;60
19;29.4;36.25;2.28;61
19;29.71;37.25;4.4;62
19;30.02;38.25;6.52;63
19;30.67;38.25;6.13;64
19;31.41;38.75;7.14;65
19;31.41;38.75;7.14;66
19;32.15;39.25;8.15;67
19;32.49;39.75;7.88;68
19;32.71;39.75;7.76;69
19;32.07;40.25;7.46;70
19;32.85;40.75;6.92;71
19;33.2;41.25;7.89;72
19;33.15;41.25;8.23;73
19;32.95;41.75;7.67;74
19;32.88;42.25;8.91;75
19;32.61;41.75;9.63;76
19;32.5;42.25;10.35;77
19;31.95;40.75;9.71;78
19;32.27;40.25;10.02;79
19;32.65;38.25;10.19;80
19;33.05;38.25;10.62;81
19;33.85;37.75;11.57;82
19;34.22;37.25;11.5;83
19;34.59;36.75;11.44;84
19;35.11;36.75;12.65;85
19;35.4;35.75;13.95;86
19;35.39;36.25;14.2;87
19;35.73;36.25;13.22;88
19;36.67;36.25;14.32;89
19;39.32;35.25;12.3;90
19;42.29;32.75;11.46;91
19;43.53;31.25;12.02;92
19;44.6;30.75;12.37;93
19;44.93;30.25;11.7;94
19;45.57;28.75;10.94;95
19;46.67;28.25;11.31;96
19;46.83;27.75;10.76;97
19;47.44;27.75;10.89;98
19;42.66;21.25;0.85;99
19;42.66;21.25;0.85;100
19;42.25;19.75;0.92;101
19;43.12;20.75;3.3;102
19;43.51;18.25;1;103
19;46.04;15.25;1.19;104
19;46;14.25;0.81;105
19;46.3;12.25;1.2;106
19;47.15;10.75;1.16;107
19;47.02;9.25;1.42;108
19;47.19;8.25;2.44;109
19;46.71;6.25;4.48;110
19;46.3;5.25;4.36;111
19;45.64;4.25;5.4;112
19;44.51;3.75;7.48;113
19;44.49;2.75;7.2;114
19;44.55;2.25;7.53;115
19;45.2;2.25;7.73;116
19;45;1.75;7.69;117
19;44.94;1.25;8.58;118
19;44.57;0.25;7.32;119
20;52.09;4.25;26.2;1
20;52.09;4.25;26.2;2
20;52.13;2.25;25.12;3
20;51.57;0.25;23.66;4
20;52.26;0.25;24.61;5
20;53.45;0.25;25.16;6
20;53.66;0.68;28.5;7
21;34.79;12.25;32.3;1
21;35.5;12.25;30.32;2
21;35.66;13.93;31;3
21;35.66;14.86;29.36;4
21;36.66;16.47;27.45;5
21;37.16;16.91;26.97;6
21;37.16;17.24;24.74;7
21;37.16;17.67;23.55;8
21;37.16;17.63;21.51;9
21;36.66;17.15;19.55;10
21;37.16;17.05;18.63;11
21;37.66;17.35;17.35;12
21;37.66;17.16;16.78;13
21;37.16;17.41;15.63;14
21;36.66;18.2;13.92;15
21;37.66;19.2;13.31;16
21;38.16;19.08;12.25;17
21;38.66;18.96;11.15;18
21;38.66;18.69;9.61;19
21;38.66;18.42;8.55;20
21;38.66;18.72;7.93;21
21;39.16;18.22;7.46;22
21;38.86;15.25;1.53;23
21;39.43;15.25;1.93;24
21;39.53;14.75;0.95;25
21;40.57;14.25;1.69;26
21;40.52;14.25;1.39;27
21;41.31;12.75;0.95;28
21;41.74;11.75;0.79;29
21;41.69;10.25;1.15;30
21;41.87;9.25;0.86;31
21;41.91;8.25;1.25;32
21;41.76;7.75;0.73;33
21;42.25;5.75;0.82;34
21;42.88;1.75;0.94;35
21;42.97;3.75;1.57;36
21;42.71;3.25;1.04;37
21;42.88;1.25;1.31;38
22;49.16;25.2;18.94;1
22;48.66;25.51;17.67;2
22;48.66;25.51;17.67;3
22;48.66;25.51;17.67;4
22;48.66;25.44;18.9;5
22;48.16;25.2;20.04;6
22;48.66;24.77;20.39;7
22;49.16;24.81;21.64;8
22;49.16;24.8;21.05;9
22;49.16;25.03;21.05;10
22;49.16;25.06;20.16;11
22;49.16;24.93;19.86;12
22;49.16;24.21;19.86;13
22;50.16;23.59;22.43;14
22;51.66;24.07;26.98;15
22;50.66;21;21.62;16
22;50.66;20.17;22.23;17
22;50.16;18.55;22.73;18
22;51.51;19.25;24.07;19
22;52.16;19.94;26.59;20
22;52.66;20.37;28.57;21
22;53.16;20.02;27.3;22
22;53.16;19.36;26.38;23
22;53.16;18.98;27;24
22;53.16;18.08;26.69;25
22;53.28;17.75;27.48;26
22;53.18;16.75;27.06;27
22;54.49;15.75;27.24;28
22;54.39;15.75;28.07;29
22;54.34;15.25;27.87;30
22;54.84;15.75;29.7;31
22;54.98;15.75;29.7;32
22;56;15.75;31;33
22;56.37;15.75;30.75;34
22;56.71;16.25;32.3;35
22;56.61;16.75;31.53;36
22;56.49;17.25;31.27;37
22;56.49;17.75;31.27;38
22;56.36;17.75;30.71;39
22;56.01;17.75;30.43;40
22;55.19;18.25;32.13;41
22;54.21;18.75;32.72;42
22;54.06;18.25;32.96;43
22;54.48;18.75;35.46;44
22;54.48;18.75;35.19;45
22;55.07;18.75;36.76;46
22;55.32;18.25;36.39;47
22;55.75;18.25;37.88;48
22;56.18;18.25;38.84;49
22;55.65;16.75;35.82;50
22;55.83;16.75;36.3;51
22;55.31;15.75;34.71;52
22;55.14;14.25;35.39;53
22;55.38;14.25;35.82;54
22;54.89;15.75;34.94;55
22;55.6;16.75;37.01;56
22;55.43;16.75;36.3;57
22;54.27;16.25;33.56;58
22;54.44;15.25;33.93;59
22;54.67;14.75;35.69;60
22;54.61;14.25;36.25;61
22;55.47;13.75;38.61;62
22;56.16;12.68;38.07;63
22;55.66;12.16;38.99;64
22;54.66;11.88;39.4;65
22;55.66;13.87;38.95;66
22;55.66;14.52;38.54;67
22;55.66;15.2;39.54;68
22;56.63;14.2;36.69;69
22;57.22;14.04;36.69;70
23;55.14;18.75;1.35;1
23;55.83;19.25;1.59;2
23;56.27;19.75;1.3;3
23;56.01;19.75;1.14;4
23;54.89;19.75;1.24;5
23;54.94;20.25;0.72;6
23;55.36;20.75;0.81;7
23;55.58;20.25;1.49;8
23;55.77;20.25;0.83;9
23;55.77;20.25;0.83;10
23;56.3;19.75;0.93;11
24;73.84;21.75;20.39;1
24;73.72;21.25;21.54;2
24;73.72;21.25;21.54;3
24;73.63;23.25;22.94;4
24;73.25;23.25;24.96;5
24;73.96;23.75;24.84;6
24;73.96;23.75;24.84;7
24;74.71;23.75;24.94;8
24;75.07;24.25;23.99;9
24;73.21;24.75;26.51;10
24;72.54;24.25;27.86;11
24;72.76;23.75;28.49;12
24;72.27;23.25;27.6;13
24;71.84;22.25;29.01;14
24;72.47;22.25;28.04;15
24;72.93;21.75;27.23;16
24;73.18;21.75;27.19;17
24;74.75;21.25;29.07;18
24;74.9;21.25;28.16;19
24;74.1;20.75;30.63;20
24;74.62;21.75;30.96;21
24;74.13;21.75;31.03;22
24;74.26;21.75;30.62;23
24;75.04;21.75;29.74;24
24;75.29;21.75;30.82;25
24;75.55;21.25;31.07;26
24;76.19;21.25;29.95;27
24;75.76;21.25;31.79;28
24;75.65;20.75;32.18;29
24;75.37;20.25;32.18;30
24;75.1;20.25;31.42;31
24;75.1;20.25;31.42;32
24;74.86;19.75;32.22;33
24;74.18;19.25;32.5;34
24;73.88;18.75;33.28;35
24;73.91;18.25;32.84;36
24;73.59;17.75;33.47;37
24;73.59;17.25;33.34;38
24;73.59;17.25;33.34;39
24;73.61;16.75;33.39;40
25;112.13;42.75;1.87;1
25;112.33;43.75;2.96;2
25;113.06;44.25;4.82;3
25;114.11;44.25;4.79;4
25;115.43;45.25;1.79;5
25;117.19;45.75;0.74;6
25;117.66;44.59;4.58;7
25;118.16;44.21;1.32;8
25;116.66;44.27;1;9
25;116.16;43.6;2.83;10
25;115.66;43.01;2.04;11
25;116.16;43.03;1.81;12
25;115.66;43.15;2.3;13
25;115.02;43.25;2.48;14
25;115.66;43.02;2.83;15
25;116.16;42.8;2.63;16
25;116.66;43.02;2.51;17
25;117.66;43.84;2.26;18
25;118.16;44.18;1.73;19
25;119.66;44.28;0.87;20
25;121.16;45.56;1.83;21
25;122.16;45.39;1.69;22
25;122.66;45.39;2.18;23
25;123.66;45.67;0.78;24
25;122.16;47.31;1.6;25
25;122.66;47.76;2.33;26
25;123.16;48.76;1.39;27
25;123.16;48.65;1.97;28
25;123.16;48.65;1.97;29
25;123.16;49.59;2.26;30
25;123.16;49.67;3.98;31
25;123.66;50.24;3.06;32
25;123.66;50.55;3.79;33
25;123.16;50.42;5.77;34
25;122.66;50.22;7.66;35
25;123.16;50.72;6.14;36
25;123.16;50.72;6.14;37
25;123.16;50.72;6.14;38
25;123.16;50.72;6.14;39
25;123.66;51.21;4.61;40
25;125.43;52.25;4.65;41
25;126.51;52.25;4.74;42
25;127.81;50.75;6.76;43
25;128.28;49.75;7.86;44
25;129.64;48.75;10.06;45
25;132.14;51.69;9.69;46
25;131.92;52.23;9.69;47
25;131.82;52.48;9.69;48
25;132.24;51.74;9.69;49
25;132.37;51.46;9.69;50
25;132.28;50.63;9.69;51
25;132.9;49.95;12.69;52
25;133.5;49.91;12.69;53
25;134.28;49.73;12.69;54
25;134.79;50.79;9.69;55
25;134.88;50.38;9.69;56
25;136.15;51.75;7.48;57
25;136.37;50.75;9.07;58
25;136.87;50.75;9.14;59
25;136.37;52.25;7.39;60
25;136.72;52.25;6.52;61
25;137.57;52.75;6.69;62
25;138.59;52.25;7.36;63
25;139.42;53.25;7.24;64
25;138.97;52.75;7.33;65
25;142.2;56.25;2.88;66
25;141.51;54.75;6.44;67
25;141.76;54.75;6.48;68
25;141.16;54.25;6.7;69
25;141.57;55.75;6.69;70
25;141.6;55.25;4.74;71
25;142.01;55.25;5.61;72
25;142.47;55.75;4.78;73
25;143.47;54.75;3.93;74
25;143.31;55.75;2.72;75
25;143.85;55.75;2.8;76
25;143.75;56.75;2.27;77
25;144.49;56.25;3.56;78
25;145.62;57.25;1.34;79
25;146.75;56.75;0.76;80
25;146.66;54.2;1.34;81
25;147.16;54.81;1.37;82
25;147.16;54.75;1.31;83
25;147.66;54.91;1.08;84
25;147.66;55.4;0.9;85
25;147.72;56.75;1.34;86
25;147.89;56.25;1.34;87
25;148.39;57.25;1.24;88
25;147.05;56.25;1.45;89
25;147.03;56.25;0.99;90
25;148.16;55.88;0.83;91
25;147.66;55.54;0.77;92
25;147.16;54.51;1.7;93
25;148.16;54.71;1.07;94
25;149.66;55.1;1.09;95
25;149.66;55.74;1.79;96
25;150.16;56.45;1.27;97
25;150.16;56.78;1.33;98
25;151.66;59.55;1.02;99
25;153.16;60.57;1.17;100
25;153.66;61.05;1.08;101
25;155.66;61.35;0.89;102
25;156.16;61.86;1.14;103
25;156.16;61.21;0.72;104
25;157.16;61.48;0.87;105
25;156.66;60.65;0.74;106
25;157.16;60.59;0.91;107
25;158.16;60.67;0.81;108
25;158.66;59.84;1.2;109
25;158.66;59.2;1.2;110
25;158.66;59.7;1.11;111
25;159.16;60.46;0.93;112
25;159.66;61.43;0.85;113
25;159.16;62.01;1.27;114
25;159.66;61.73;1.41;115
25;159.66;61.77;1.42;116
25;162.66;61.27;1.09;117
25;163.16;61.65;1.11;118
25;163.16;62.02;1.07;119
25;164.16;62.89;1.04;120
25;165.16;63.62;0.94;121
25;165.66;63.58;1.2;122
25;166.16;63.35;0.77;123
25;166.16;63.48;1.11;124
25;167.16;63.08;1.08;125
26;162.66;45.61;25.69;1
26;162.66;45.7;26.54;2
26;163.16;45.33;25.94;3
26;162.66;44.45;27.94;4
26;162.66;44.23;30.37;5
26;163.66;44.21;31.44;6
26;166.16;43.9;34.27;7
26;167.16;44.25;34.58;8
26;167.66;43.6;37.6;9
26;167.16;43.14;38.08;10
26;168.16;43.31;34.65;11
26;168.16;42.64;35.98;12
26;170.16;41.97;37.47;13
26;172.66;42.02;35.74;14
26;173.16;42.28;36.7;15
26;173.66;42.58;36.86;16
26;173.66;43.48;37.92;17
26;173.66;44.22;39.06;18
26;173.16;43.93;38.64;19
26;173.66;43.29;38.34;20
26;172.66;43.2;37.36;21
26;172.16;40.73;38.81;22
26;173.16;40.61;38.82;23
26;173.66;41.97;38.66;24
26;174.16;42.8;38.92;25
27;2.99;57.75;29.7;1
27;4.82;58.25;28.65;2
27;5.38;58.25;28.67;3
27;6.16;57.75;28.15;4
27;6.61;57.75;28.06;5
27;6.37;58.25;28.99;6
27;6.91;57.75;27.23;7
27;5.25;57.25;27.97;8
27;4.49;57.75;27.58;9
27;3.42;58.25;27.89;10
27;2.92;58.75;28.09;11
27;2.22;58.25;29.44;12
27;2.47;59.75;27.96;13
27;1.51;59.75;27.63;14
27;2.26;56.25;28.82;15
27;2.97;55.75;29.83;16
27;3.44;55.25;31.53;17
27;2.2;55.25;30.73;18
27;2.24;54.75;29.05;19
27;1.39;56.25;27.37;20
27;0.67;56.75;29;21
27;0.72;56.75;25.89;22
28;31.02;61.91;21.85;1
28;30.72;60.84;18.48;2
28;30.15;60.5;15.7;3
28;30.63;59.64;18.66;4
28;30.14;57.06;18.69;5
28;30.76;57.91;18.8;6
28;30.8;57.16;17.23;7
28;31.21;56.47;14.39;8
28;31.5;56.02;14.43;9
28;32.57;56.47;15.6;10
28;33.07;56.3;15.67;11
28;33.27;55.4;15.67;12
28;32.93;54.27;15.64;13
28;32.34;53.41;15.19;14
28;31.82;53.37;14.51;15
28;31.78;53.24;13.91;16
28;32.05;53.27;13.49;17
28;32.8;52.89;10.26;18
28;35.43;52.5;5.17;19
28;35.86;52.28;4.64;20
28;36.72;52.23;3.53;21
28;36.78;51.96;3.41;22
28;36.69;51.74;3.42;23
28;36.15;51.17;3.55;24
28;35.66;50.95;4.71;25
28;36.28;50.83;2.24;26
28;36.77;50.46;2.25;27
28;36.52;50.28;2.29;28
28;36.08;49.63;2.3;29
28;35.9;49.16;2.28;30
28;35.74;48.83;2.26;31
28;35.65;49;2.2;32
28;35.39;49.2;2.04;33
28;34.8;48.38;1.9;34
28;34.24;47.8;1.89;35
28;33.53;47.61;2.1;36
28;33.05;47.36;2.06;37
28;32.72;47.35;1.94;38
28;32.14;47.02;2.26;39
28;30.91;46.32;2.62;40
28;29.78;45.51;2.78;41
28;29.61;44.48;2.73;42
28;30.09;43.24;2.41;43
28;30.27;42.68;2.19;44
28;29.61;43.05;1.8;45
28;28.41;43.86;1.55;46
28;27.17;44.2;1.38;47
28;26.52;43.96;1.31;48
28;25.52;43.82;1.27;49
28;24.85;43.57;1.23;50
28;24.77;43.36;1.1;51
28;25;41.94;1.6;52
28;24.48;41.47;1.9;53
28;22.71;42.31;2.04;54
28;22.39;42.45;2.22;55
28;22.63;42.77;2.37;56
28;22.87;42.9;2.26;57
28;23.04;42.82;2.09;58
28;23.27;43.06;1.7;59
28;23.54;43.44;1.49;60
28;24.42;43.54;0.69;61
28;25.09;43.43;0.69;62
28;25.45;43.23;0.69;63
28;25.58;42.84;0.69;64
28;25.57;42.6;0.69;65
28;25.54;42.74;0.69;66
28;25.36;42.68;0.69;67
28;25.15;42.58;0.69;68
28;24.6;42.57;0.69;69
28;23.63;42.87;0.69;70
28;22.46;43.58;0.69;71
28;22.69;43.74;0.69;72
28;22.72;44.16;0.69;73
28;23.08;44.49;0.69;74
28;22.87;44.84;0.69;75
28;23.52;43.64;0.69;76
28;23.52;44.01;0.69;77
28;23.12;44.38;0.69;78
28;23.01;44.79;0.69;79
28;22.65;45.05;3.69;80
28;22.95;44.81;3.69;81
28;22.67;45.29;0.69;82
28;22.63;45.3;0.69;83
28;22.42;45.46;0.69;84
28;22.04;45.45;3.69;85
28;21.99;46.03;0.69;86
28;22.02;45.98;0.69;87
28;22.17;46;3.69;88
28;22.08;46.64;0.69;89
28;22.24;46.63;0.69;90
28;22.37;46.41;0.69;91
28;22.33;45.93;0.69;92
28;22.01;45.95;0.69;93
28;22.17;46.1;1.5;94
28;21.99;47.14;4.51;95
28;21.03;47.55;4.5;96
28;19.38;47.21;1.5;97
28;18.96;47.2;1.51;98
28;18.53;47.21;1.5;99
28;18.35;47.7;1.5;100
28;17.67;48.68;1.5;101
28;17.5;48.72;1.5;102
28;17.51;48.72;1.5;103
28;16.95;49.19;1.51;104
28;16.51;49.2;1.5;105
28;20.45;48.17;1.54;106
28;20.56;48.21;1.5;107
28;21.75;48.75;4.5;108
28;21.75;48.75;4.5;109
28;21.75;49.25;4.5;110
28;20.75;48.75;1.5;111
28;20.25;49.25;4.5;112
28;18.25;48.75;1.5;113
28;18.25;49.25;1.5;114
28;17.75;49.75;4.5;115
28;16.75;49.75;1.5;116
28;16.75;49.75;4.5;117
28;17.25;49.25;1.5;118
28;17.75;49.25;4.5;119
28;18.98;49.2;4.5;120
28;19.49;49.2;4.5;121
28;20.13;49.6;4.5;122
28;20.57;49.07;4.5;123
28;20.75;48.75;1.5;124
28;22.25;47.25;1.5;125
28;22.75;47.25;1.5;126
28;22.75;47.25;1.5;127
28;24.25;45.75;1.5;128
28;25.25;45.25;4.5;129
28;26.75;44.75;4.5;130
28;27.25;43.25;4.5;131
28;27.75;43.25;4.5;132
28;27.75;44.25;4.5;133
28;28.25;43.75;1.5;134
29;18.84;96.75;4.02;2
29;19.77;96.75;5.48;3
29;19.63;96.75;5.85;4
29;20.03;96.75;5.91;5
29;20.72;97.25;5.94;6
29;20.74;97.25;6.29;7
29;21.22;96.75;6.1;8
29;22.91;95.25;6.44;9
29;23.16;96;5.73;10
29;23.66;95.83;4.86;11
29;24.16;96.01;4.35;12
29;25.16;96.45;3.4;13
29;23.31;97.25;1.46;14
29;24.28;96.25;1.02;15
29;24.35;95.75;1.42;16
29;24.69;96.75;2.59;17
29;26;95.89;0.69;18
29;24.36;97.64;0.69;19
29;24.17;99.25;0.93;20
29;24.99;99.75;1.36;21
29;25.75;98.25;3.02;22
29;25.87;97.75;6.8;23
29;26.15;97.75;7.03;24
29;26.98;97.75;8.81;25
29;25.53;98.75;8.92;26
29;25.66;100.25;9.19;27
29;27.32;100.13;9.69;28
29;26.73;100.67;9.69;29
29;26.66;101.97;9.69;30
29;27.09;102.7;9.69;31
29;27.42;103.88;12.69;32
29;28.1;103.99;12.69;33
29;28.86;106.75;13.47;34
29;28.86;106.75;13.47;35
29;29.39;105.25;13.83;36
29;28.6;104.25;9.79;37
29;28.6;104.25;9.62;38
29;28.37;105.25;11.67;39
29;28.11;106.75;11.92;40
29;29.87;102.75;20.56;41
29;30.13;103.75;23.46;42
29;29.12;106.75;23.55;43
29;28.39;106.75;24.6;44
29;28.11;106.75;25.9;45
30;2.17;0.25;4.71;8
30;2.71;0.25;4.76;9
30;2.81;0.25;4.4;10
30;3.79;0.25;5.75;11
30;4.24;0.25;6.82;12
30;4.98;0.25;7.62;13
30;5.76;0.25;6.37;14
30;6.09;0.25;6.55;15
30;7.1;0.25;7.08;16
30;7.95;1.75;3.11;17
30;8.58;1.75;3.02;18
30;9.31;1.25;2.04;19
30;10.69;1.75;1.56;20
30;10.57;2.25;0.72;21
30;10.57;2.25;0.72;22
30;10.73;2.75;0.89;23
30;11.12;2.75;1.53;24
30;11.29;2.75;1.63;25
30;11.29;2.75;1.63;26
30;11.29;2.75;1.63;27
30;11.29;2.75;1.63;28
30;10.87;1.25;7.52;29
30;10.87;1.25;7.52;30
30;10.58;2.25;5.42;31
30;11.64;2.25;6.4;32
30;11.97;1.75;7.75;33
30;17.19;0.25;6.54;34
30;18.46;0.25;6.36;35
30;18.63;0.25;6.45;36
30;18.96;0.25;6.63;37
30;19.63;0.25;6.99;38
30;20.46;0.25;7.43;39
30;20.86;0.25;5.09;40
30;25.45;0.25;7.1;41
30;24.13;0.25;7.53;42
30;23.41;1.25;7.32;43
30;22.03;0.25;7.3;44
31;1.04;18.1;33.69;9
31;1.3;18.56;33.69;10
31;1.31;18.27;33.69;11
31;1.52;18.19;33.69;12
31;1.82;18.27;36.69;13
31;2.16;18.81;33.57;14
31;2.16;19.13;33.15;15
31;2.16;19.71;32.39;16
31;2.66;19.59;32.07;17
31;3.66;19.03;31.33;18
31;4.66;18.72;30.22;19
31;5.16;17.73;28.61;20
31;5.66;17.36;28.28;21
31;7.16;17.43;28.49;22
31;7.66;17.39;28.27;23
31;7.66;17.16;27.74;24
31;9.66;16.42;26.76;25
31;10.66;15.9;26.63;26
31;10.66;15.37;25.83;27
31;11.16;14.85;24.3;28
31;12.16;14.29;24.5;29
31;12.16;13.13;22.76;30
31;12.66;12.62;23.58;31
31;12.16;13.02;24.73;32
31;12.66;12.85;24.31;33
31;12.66;12.31;23.71;34
31;12.66;11.34;22.28;35
31;13.16;11.33;22.28;36
31;13.16;10.39;20.69;37
31;12.66;9.95;19.83;38
31;12.66;10.15;19.11;39
31;12.66;10.15;18.7;40
31;12.66;9.17;19.08;41
31;11.16;8.38;18.91;42
31;11.16;8.38;19.72;43
31;11.66;8.49;19.49;44
31;11.66;8.49;19.49;45
31;11.16;7.38;17.67;46
31;10.66;6.46;16.74;47
31;10.66;6.19;17.6;48
31;10.66;6.47;17.99;49
31;10.66;6.94;18.46;50
31;10.16;8.11;18.7;51
31;10.16;8.37;18.27;52
31;10.16;8.84;17.52;53
31;9.66;8.89;15.91;54
31;9.66;9.1;15.16;55
31;9.66;8.65;13.81;56
31;9.16;8.15;13.06;57
31;9.16;7.88;13.08;58
31;8.66;7.03;12.46;59
31;8.66;6.05;11.88;60
31;8.16;5.4;11.36;61
31;8.16;5.4;11.36;62
31;8.16;5.54;11.13;63
31;8.66;4.97;9.6;64
31;8.66;4.08;7.81;65
31;8.66;3.77;6.88;66
31;9.16;4.06;6.62;67
31;9.66;4.28;6.48;68
31;10.16;5.01;5.96;69
31;10.16;5.23;5.59;70
31;9.16;4.53;3.3;71
31;9.66;4.43;2.65;72
31;9.16;4.04;1.04;73
31;9.16;4.04;1.04;74
31;9.16;4.04;1.04;75
31;9.16;4.11;0.91;76
31;10.16;5.03;2.87;77
31;9.66;4.97;2.76;78
31;10.16;5.16;1.07;79
31;10.16;5.16;1.07;80
31;11.16;5.52;1.42;81
31;11.66;5.36;1.41;82
31;12.16;5.26;0.74;83
31;14.16;6.45;0.72;84
31;15.16;6.7;1.41;85
31;15.66;7.2;0.76;86
31;16.86;7.25;0.97;87
31;17.16;7.99;1.4;88
31;19.95;10.25;1.86;89
31;19.61;9.75;0.75;90
31;20.55;10.25;0.91;91
31;20.55;10.25;0.91;92
31;20.55;10.25;0.91;93
31;20.55;10.25;0.91;94
31;20.62;10.75;0.82;95
31;21.87;10.75;1.57;96
31;21.45;9.75;1.04;97
31;21.91;9.75;1.32;98
31;22.4;9.75;1.09;99
31;23.32;9.75;1.63;100
31;23.29;9.25;1.21;101
31;24.63;10.25;5.84;102
31;23.78;9.75;3.95;103
31;25.18;10.75;5.58;104
31;25.71;11.25;6.56;105
31;26.15;11.75;7.74;106
31;26.26;11.25;8.1;107
31;26.87;11.25;8.7;108
31;27.19;11.25;8.4;109
31;27.56;11.25;9.1;110
31;27.99;10.75;9.86;111
31;27.53;11.25;10.26;112
31;26.85;12.25;10.26;113
31;26.7;12.75;9.65;114
31;27.71;13.25;9.98;115
31;27.3;13.25;9.73;116
31;27.05;13.75;10.52;117
31;26.96;14.25;11.39;118
31;26.87;14.25;11.57;119
31;27.14;14.25;12.9;120
31;26.74;13.75;11.98;121
31;26.1;13.75;11.84;122
31;26.07;14.25;11.8;123
31;25.23;14.25;11.31;124
31;24.66;14.25;12.61;125
31;22.66;13.91;13.63;126
31;21.66;14;13.91;127
31;20.66;13.25;14.31;128
31;20.16;12.82;15.09;129
31;19.66;12.9;15.41;130
31;19.66;13.55;15.63;131
31;19.66;13.87;15.06;132
31;20.16;14.11;14.63;133
31;20.16;14.17;14.51;134
31;20.16;14.3;14.28;135
31;20.16;14.3;14.28;136
31;20.66;14.82;15.24;137
31;19.66;14.32;14.71;138
31;18.66;13.37;15.02;139
31;18.16;12.93;14.89;140
31;18.16;13.07;15.57;141
31;16.66;12.4;15.44;142
31;15.66;12.56;18.64;143
31;15.16;12.45;17.59;144
31;15.66;12.57;17.38;145
31;15.66;12.24;17.92;146
31;15.16;11.87;18.15;147
31;14.66;11.37;16.48;148
31;15.16;10.77;17.89;149
31;15.16;10.04;17.4;150
31;14.16;10.15;17.31;151
31;14.16;10.15;17.31;152
31;13.66;9.7;16.39;153
31;13.66;9.64;16.51;154
31;13.66;9.18;17.28;155
31;13.16;8.6;17.02;156
31;12.16;8.26;17.73;157
31;10.66;7.67;16.85;158
31;10.16;8.04;18;159
31;10.16;8.04;18;160
31;10.16;7.44;17.74;161
31;10.16;6.9;17.79;162
31;10.16;6.63;17.82;163
31;10.66;6.06;17.82;164
31;11.16;5.68;17.49;165
31;12.16;6.06;18.43;166
31;12.16;6.06;18.43;167
31;11.66;6.01;18.16;168
31;11.16;5.88;17.16;169
31;11.16;5.95;17.05;170
31;11.16;6.02;16.94;171
31;11.16;6.29;16.92;172
31;11.16;6.43;17.12;173
31;10.66;5.97;16.26;174
31;10.66;5.97;16.26;175
31;10.66;5.97;16.26;176
31;10.16;6.63;16.57;177
31;9.66;6.39;15.81;178
31;9.16;6.15;15.05;179
31;9.16;6.15;15.05;180
31;9.16;6.15;15.05;181
31;9.66;6.59;15.9;182
31;9.66;6.59;15.9;183
32;8.16;106.32;3.6;12
32;9.16;106.61;1.66;13
32;9.66;106.72;0.87;14
32;9.66;105.92;0.97;15
32;9.66;105.92;0.97;16
32;10.66;105.45;1.36;17
32;10.66;105.5;1.01;18
32;11.66;105.3;1.68;19
32;11.66;105.3;1.68;20
32;14.66;102.67;4.67;21
32;14.16;102.32;3.57;22
32;14.66;102.41;5.02;23
32;14.16;103.12;4.1;24
32;14.16;103.82;4.53;25
32;13.66;102.92;2.54;26
32;13.16;102.92;1.16;27
32;17.16;100.11;6.8;28
32;16.66;100.07;3.51;29
32;16.66;100.07;3.51;30
32;16.16;100.9;1.55;31
32;16.16;101.49;0.8;32
32;16.66;101.85;1.57;33
32;16.66;102.4;1.2;34
32;16.66;103.12;0.76;35
32;16.66;103.12;0.76;36
32;16.66;103.78;0.95;37
32;17.16;102.97;6.09;38
32;17.66;103.57;7.35;39
32;18.16;104.03;7.66;40
32;19.66;103.82;10.28;41
32;20.78;104.09;9.69;42
32;21.44;104.8;9.69;43
32;22.55;104.1;9.69;44
32;22.98;104.7;9.69;45
32;23.7;105.59;9.69;46
32;24.24;105.54;9.69;47
32;24.54;105.96;9.69;48
32;25.87;106.51;9.69;49
32;26.06;106.11;12.69;50
32;27;105.5;13.5;51
32;26.66;105.82;13.89;52
32;26.66;105.93;13.9;53
32;26.66;105.93;13.9;54
32;27.66;106.14;14.07;55
32;27.66;106.42;14.09;56
32;26.66;106.03;17.15;57
33;12.66;88.69;39.46;13
33;11.66;87.71;37.95;14
33;12.16;88.08;39.09;15
33;12.16;87.98;35.73;16
33;14.66;86.83;37.94;17
33;15.66;86.07;39.42;18
33;16.16;85.76;37.41;19
33;17.02;86.75;38.03;20
33;17.24;85.75;38.25;21
33;17.24;85.75;38.25;22
33;18.47;84.25;37.72;23
33;18.31;84.25;39.03;24
33;18.8;82.75;38.06;25
33;18.83;83.75;39.05;26
33;18.35;82.25;39.66;27
33;19.73;82.25;37.94;28
33;20.25;80.75;38.92;29
33;20.72;80.25;38.25;30
33;21.51;79.75;38.15;31
33;22.34;78.25;37.63;32
33;23.05;77.75;29.05;33
33;24.03;76.75;29.61;34
33;24.6;75.75;27.83;35
33;25.19;75.25;28.5;36
33;26.83;74.75;26.05;37
33;26.87;74.25;27.86;38
33;27.35;73.75;25.87;39
33;28.74;72.75;24.29;40
33;29.6;72.75;21.93;41
33;30.93;72.75;18.27;42
33;31.91;72.75;19.76;43
33;34.24;72.25;18.45;44
33;34.16;71.36;18.69;45
33;36.8;70.25;18.69;46
33;37.44;69.81;15.69;47
33;39.16;68.18;16.16;48
33;38.04;69.22;15.69;49
33;37.75;67.85;15.69;50
33;38.14;68.52;15.69;51
33;38.14;68.52;15.69;52
33;38.14;68.52;15.69;53
33;39.02;67.38;15.69;54
33;39.02;67.38;15.69;55
33;39.02;67.38;15.69;56
33;39.14;66.85;15.69;57
33;39.85;66.68;12.69;58
33;39.64;66.17;12.69;59
33;39.87;65.09;12.69;60
33;39.84;64.74;12.69;61
33;38.38;63.48;12.69;62
33;38.37;63.3;12.69;63
33;38.37;63.3;12.69;64
33;37.42;61.64;9.69;65
33;36.88;61.17;9.69;66
33;36.88;61.17;9.69;67
33;36.88;61.17;9.69;68
33;36.84;60.82;9.69;69
33;36.78;60.49;12.69;70
33;37.22;59.92;12.69;71
33;37.42;60.24;12.69;72
33;37.58;60.23;12.69;73
33;37.58;60.23;12.69;74
33;37.93;60.36;12.69;75
33;38.83;59.39;12.69;76
33;38.83;59.39;12.69;77
33;38.83;59.39;12.69;78
33;38.83;59.39;12.69;79
33;38.83;59.39;12.69;80
33;38.83;59.39;12.69;81
33;38.31;59.1;12.69;82
33;38.29;58.92;12.69;83
33;39.15;59.18;12.69;84
33;39.01;57.79;12.69;85
33;39.01;57.79;12.69;86
33;38.53;58.58;15.69;87
33;38.53;58.58;15.69;88
33;38.53;58.58;15.69;89
33;38.53;58.58;15.69;90
33;38.17;60;15.69;91
33;36.77;58.97;15.69;92
33;37.12;59.25;15.69;93
33;37.12;59.25;15.69;94
33;37.12;59.25;15.69;95
33;37.12;59.25;15.69;96
33;37.12;59.25;15.69;97
33;36.94;59.1;15.69;98
33;36.43;58.81;15.69;99
33;36.2;59.87;15.69;100
33;35.59;60.28;15.69;101
33;35.54;59.95;18.69;102
33;35.54;59.95;18.69;103
33;36.25;59.02;18.69;104
33;36.25;59.02;18.69;105
33;36.28;59.36;18.69;106
33;34.9;61.71;18.69;107
33;34.82;60.87;18.69;108
33;34.82;60.87;18.69;109
33;34.82;60.87;18.69;110
33;34.82;60.87;18.69;111
33;34.82;60.87;18.69;112
33;34.82;60.87;18.69;113
33;34.82;60.87;18.69;114
33;34.82;60.87;18.69;115
33;34.65;60.72;18.69;116
33;34.28;61.95;18.69;117
33;34.28;61.95;18.69;118
33;33.44;61.53;18.69;119
33;33.63;61.85;18.69;120
33;33.12;63.26;18.69;121
33;32.98;63.45;18.69;122
33;32.43;64.12;21.69;123
33;31.5;64.22;21.69;124
33;31.5;64.22;21.69;125
33;30.74;64.46;21.69;126
33;30.07;65.7;21.69;127
33;30.07;65.7;21.69;128
33;30.1;65.28;24.69;129
33;29.01;65.06;24.69;130
33;28.39;64.96;24.69;131
33;28.13;65.48;24.69;132
33;24.96;65.63;24.69;133
33;24.96;65.63;24.69;134
33;24.47;66.99;24.69;135
33;24.27;66.41;27.69;136
33;23.38;66.34;27.69;137
33;22.5;66.42;27.69;138
33;22.5;66.42;27.69;139
33;21.77;66.5;27.69;140
33;21.31;66.22;27.69;141
33;21.31;66.22;27.69;142
33;21.3;66.06;27.69;143
33;20.94;65.3;27.69;144
33;19.66;64.96;29.28;145
33;19.9;65.09;27.69;146
33;18.52;64.11;27.69;147
33;16.66;66.7;27.51;148
33;15.66;66.54;29.63;149
33;15.16;66.46;30.7;150
33;11.16;67.78;28.87;151
33;10.66;66.73;31.03;152
33;10.16;66.55;28.43;153
33;8.66;66.01;28.4;154
33;7.66;65.36;27.84;155
33;7.16;65.16;27.61;156
33;5.66;64.34;27.91;157
33;4.66;64.37;28.7;158
33;2.66;65.25;28.87;159
33;0.66;65.68;24.46;160
33;1.16;64.23;28.1;161
33;1.16;64.63;28.59;162
33;1.16;63.48;28.69;163
34;1.16;17.61;8.67;15
34;1.66;17.99;10.36;16
34;1.66;17.76;8.97;17
34;2.16;18.25;8.79;18
34;2.16;18.08;8.38;19
34;2.16;18.47;6.21;20
34;2.16;18.47;6.21;21
34;4.16;20.55;8.86;22
34;2.66;18.37;2.17;23
34;5.66;21.06;10.99;24
34;5.66;20.67;10.45;25
34;3.66;18.47;2.26;26
34;3.66;17.62;1.1;27
34;3.66;17.62;1.1;28
34;3.66;17.62;1.1;29
34;4.66;15.05;1.7;30
34;4.66;15.05;1.7;31
34;5.16;14.17;1.83;32
34;6.66;13.98;1.57;33
34;7.96;12.75;0.78;34
34;8.17;12.25;0.87;35
34;9.34;11.75;1.63;36
34;10.08;11.25;1.2;37
34;10.61;11.25;0.69;38
34;11.19;11.75;1.97;39
34;9.5;11.25;0.7;40
34;8.83;10.75;1.63;41
34;9.76;10.75;1.79;42
34;10.47;10.75;1.12;43
34;11.95;11.25;2.04;44
34;11.95;11.25;2.04;45
34;12.68;11.75;2.63;46
34;13.01;11.75;1.28;47
34;13.01;11.75;1.28;48
34;13.73;12.75;2.67;49
34;13.72;12.75;2.16;50
34;13.72;12.75;2.16;51
34;13.35;12.75;1.99;52
34;13.34;12.75;1.47;53
34;14.26;13.25;2.44;54
34;14.06;12.75;0.76;55
34;15;12.75;2.5;56
34;15.84;11.25;1.45;57
34;15.21;12.25;2.56;58
34;15.21;12.25;2.56;59
34;15.21;12.25;2.56;60
34;15.21;12.25;2.56;61
34;15.21;12.25;2.56;62
34;15.21;12.25;2.56;63
34;13.72;12.25;1.37;64
34;13.35;12.25;1.2;65
34;13.35;12.25;1.2;66
34;13.35;12.25;1.2;67
34;13.35;12.25;1.2;68
34;13.35;12.25;1.2;69
34;13.35;12.25;1.2;70
34;13.35;12.25;1.2;71
34;13.35;12.25;1.2;72
34;13.35;12.25;1.2;73
34;13.35;12.25;1.2;74
34;13.35;12.25;1.2;75
34;13.35;12.25;1.2;76
34;13.35;12.25;1.2;77
34;13.35;12.25;1.2;78
34;13.35;12.25;1.2;79
34;13.17;12.25;1.37;80
34;12.82;11.75;0.94;81
34;12.85;11.75;2.46;82
34;12.85;11.75;2.46;83
34;12.85;11.75;2.46;84
34;12.4;12.75;0.77;85
34;11.72;12.75;2.51;86
34;11.74;11.75;1.96;87
34;11.74;11.75;1.96;88
34;12.07;12.25;1.37;89
34;12.05;12.25;0.85;90
34;12.05;12.25;0.85;91
34;12.05;12.25;0.85;92
34;11.87;12.25;1.03;93
34;11.87;12.25;1.03;94
34;11.9;11.75;1.28;95
34;11.95;11.25;2.04;96
34;11.95;11.25;2.04;97
34;11.95;11.25;2.04;98
34;12.13;10.75;1.11;99
34;12.86;11.25;1.7;100
34;13.38;12.25;2.23;101
34;13.54;12.75;2.33;102
34;13.54;12.75;2.33;103
34;13.54;12.75;2.33;104
34;13.54;12.75;2.33;105
34;13.54;12.75;2.33;106
34;13.54;12.75;2.33;107
34;13.54;12.75;2.33;108
34;13.54;12.75;2.33;109
34;13.54;12.75;2.33;110
34;13.54;12.75;2.33;111
34;13.54;12.75;2.33;112
34;13.54;12.75;2.33;113
34;14.06;12.75;0.76;114
34;15.79;12.25;1.56;115
34;15.9;12.75;1.11;116
34;16.09;12.75;1.46;117
34;16.09;12.75;1.46;118
34;16.09;12.75;1.46;119
34;16.64;12.75;2.49;120
34;16.64;12.75;2.49;121
34;16.64;12.75;2.49;122
34;16.64;12.75;2.49;123
34;15.32;13.25;0.85;124
34;15.96;13.25;1.48;125
34;16.08;13.25;1.99;126
34;16.08;13.25;1.99;127
34;16.08;13.25;1.99;128
34;16.08;13.25;1.99;129
34;16.16;13.25;1.16;130
34;16.26;13.25;1.09;131
34;16.26;13.25;1.09;132
34;16.25;13.25;0.9;133
34;16.67;13.75;1.72;134
34;16.76;13.75;1.27;135
34;16.75;13.75;0.88;136
34;17.26;13.75;1.15;137
34;17.78;13.75;1.8;138
34;17.47;13.25;0.91;139
34;17.48;13.25;1.11;140
34;17.78;13.25;0.92;141
34;18.28;13.75;2.07;142
34;17.98;13.25;1.18;143
34;18.09;13.25;1.88;144
34;18.91;12.75;2.03;145
34;18.39;13.25;1.69;146
34;18.39;13.25;1.69;147
34;18.39;13.25;1.69;148
34;18.4;12.75;1.21;149
34;18.51;12.75;1.53;150
34;18.53;11.75;2.22;151
34;17.73;11.75;0.72;152
34;17.74;11.75;1.47;153
34;17.74;11.75;1.47;154
34;17.25;11.25;1.15;155
34;17.25;11.25;1.15;156
34;17.25;11.25;1.15;157
34;17.12;11.75;1.1;158
34;17.12;11.75;1.1;159
34;17.12;11.75;1.1;160
34;17.31;12.25;1.43;161
34;17.31;12.25;1.43;162
34;17.31;12.25;1.43;163
34;17.1;12.25;1.17;164
34;17;12.25;1.05;165
34;16.91;12.25;1.87;166
34;16.5;12.25;1.74;167
34;16.5;12.25;1.74;168
34;16.5;12.25;1.74;169
34;16.21;11.75;1.47;170
34;16.21;11.75;1.47;171
34;17.01;12.25;1.8;172
34;17.62;12.25;1.8;173
34;17.54;11.75;1.6;174
34;16.94;11.25;0.97;175
34;17.15;11.25;1.95;176
34;16.32;11.25;0.97;177
34;16.32;11.25;0.78;178
34;16.32;11.25;0.78;179
34;16.32;11.25;0.78;180
34;16.32;11.25;0.78;181
34;16.32;11.25;0.78;182
34;16.32;11.25;0.78;183
35;116.97;106.75;17.1;17
35;116.57;106.75;14.85;18
35;116.47;104.19;15.69;19
35;116.39;104.48;15.69;20
35;116.5;104.65;15.69;21
35;116.5;104.65;15.69;22
35;116.5;104.65;15.69;23
35;116.1;105.06;12.69;24
35;116.48;104.84;12.69;25
35;117.23;104.4;12.69;26
35;117.64;104.65;12.69;27
35;118.01;104.62;9.69;28
35;115.83;104.3;6.69;29
35;115.37;104.83;6.69;30
35;116.41;105.23;6.69;31
35;117.96;105.6;6.69;32
35;119.65;105.17;9.69;33
35;120.41;105.98;9.69;34
35;121.04;106.34;6.69;35
35;121.2;105.74;6.69;36
35;122.45;104.76;6.69;37
35;122.89;104.45;0.69;38
35;122.97;104.14;0.69;39
35;123.17;104.02;0.69;40
35;123.82;102.87;0.69;41
35;123.34;103.41;0.69;42
35;123.74;103.18;0.69;43
35;123.74;103.18;0.69;44
35;123.74;103.18;0.69;45
35;123.74;103.18;0.69;46
35;124.69;103.4;0.69;47
35;125.96;103.71;0.69;48
36;1.66;57.87;2.33;18
36;1.66;56.13;2.09;19
36;2.16;56.48;0.86;20
36;2.66;54.77;1.77;21
36;3.66;56.2;2.32;22
36;4.66;56.12;2.49;23
36;4.66;54.99;0.73;24
36;5.16;55.04;1.95;25
36;6.66;54.68;2.33;26
36;7.16;53.7;2.93;27
36;7.66;53.32;1.97;28
36;8.66;52.66;1.18;29
36;8.66;52.42;1.32;30
36;10.66;51.91;3.19;31
36;10.66;51.2;0.91;32
36;10.66;51.2;0.91;33
36;8.66;51.48;1.85;34
36;8.16;51.52;1.76;35
36;9.66;50.35;3.92;36
36;8.66;49.48;1.68;37
36;9.66;49.58;8.19;38
36;9.66;49.6;10.67;39
36;9.16;49.38;8.18;40
36;9.16;49.51;9.34;41
36;9.16;49.43;13.02;42
36;9.16;48.53;13.51;43
36;9.16;48.53;13.51;44
36;9.66;49.87;15.34;45
36;10.66;47.7;15.74;46
36;10.66;47.26;15.99;47
36;11.66;45.26;17.55;48
36;13.16;43.43;15.47;49
36;14.66;43.54;17.38;50
36;13.16;42.89;18.36;51
36;14.66;43.23;20.2;52
36;15.66;42.19;20.06;53
36;16.66;41.12;21.29;54
36;16.66;41.3;22.53;55
36;17.66;41.92;22.75;56
36;17.5;41.75;21.53;57
36;17.27;41.25;20.23;58
36;17.07;40.75;18.33;59
36;17.91;41.25;18.7;60
36;18.22;41.75;18.82;61
36;17.38;43.75;20.92;62
36;17.12;43.25;19.88;63
36;16.43;43.75;22.08;64
36;16.43;43.75;22.08;65
36;15.69;41.75;22.07;66
36;15.7;39.75;24.35;67
36;15.47;39.75;25.28;68
36;14.71;40.25;25.77;69
36;14.56;39.75;25.8;70
36;14.29;39.25;24.86;71
36;14.29;38.25;26.08;72
36;13.53;38.75;26.55;73
36;13.2;38.25;26.69;74
36;13.18;38.25;27.22;75
36;12.36;37.75;26.61;76
36;11.79;38.25;26.97;77
36;10.92;38.25;26.95;78
36;9.64;38.75;28.25;79
36;9.42;39.25;29.46;80
36;8.89;39.25;30.27;81
36;8.52;39.25;31.72;82
36;7.98;39.75;33.09;83
36;7.16;39.25;32.73;84
36;6.65;39.25;33.26;85
36;6.49;39.25;33.11;86
36;6.15;39.75;34.13;87
36;5.82;40.75;35.25;88
36;5.49;41.25;34.81;89
36;4.99;41.25;34.11;90
36;4.17;41.75;33.95;91
36;3.52;41.25;34.47;92
36;3.18;40.75;34.3;93
36;2.86;40.25;34.87;94
36;3.18;41.25;34.16;95
36;2.87;41.75;34.71;96
36;1.65;40.75;32.93;97
36;1.5;40.75;33.52;98
36;1.52;40.75;34.02;99
36;1.23;40.75;35.18;100
36;1.56;40.75;35.24;101
36;1.25;40.75;35.66;102
36;1.25;40.75;35.66;103
36;1.25;40.75;35.66;104
36;1.69;41.25;38.67;105
36;0.95;40.25;36.93;106
36;1;40.25;38.33;107
36;1.17;40.25;38.47;108
36;1.53;40.75;39.33;109
36;1.34;40.25;38.84;110
36;1.22;40.75;39.5;111
37;1.27;55.75;23.63;26
37;0.97;55.75;24.14;27
37;1.37;56.25;23.81;28
37;1.88;55.75;24.79;29
37;2.03;55.25;24.1;30
37;2.88;54.25;24.67;31
37;3.3;52.75;24.94;32
37;2.45;51.25;24.38;33
37;2.4;48.75;24.04;34
37;1.78;47.75;23.23;35
37;1.12;47.25;25.13;36
37;1.71;52.75;24.87;37
37;2.83;52.25;29.16;38
37;3.77;51.75;31.13;39
37;4.34;51.25;32.08;40
37;2.72;51.75;31.57;41
37;2.42;51.25;33.05;42
37;1.86;51.75;34.66;43
38;138.59;52.43;0.69;30
38;139.21;51.82;3.69;31
38;139.66;54.51;1.12;32
38;138.84;54.71;0.94;33
38;134.7;49.12;1.67;34
38;134.37;46.03;1.81;35
38;136.54;44.15;0.99;36
38;137.2;44.8;1;37
38;135.29;44.82;1.78;38
38;134.3;44.13;0.69;39
38;133.01;45;0.69;40
38;126.83;48.29;0.69;41
38;125.91;49.48;0.69;42
38;125.91;51.28;0.69;43
38;125.46;49.04;0.69;44
38;126.58;49.78;2.57;45
38;126.73;49.14;1.69;46
38;127.23;48.6;1.86;47
38;127.48;47.3;1.97;48
38;127.22;46.13;2.03;49
38;126.91;45.51;2.06;50
38;126.38;44.82;2.05;51
38;125.17;43.11;2.02;52
38;123.96;41.23;2.01;53
38;123.19;40.04;1.94;54
38;122.76;38.99;1.9;55
38;122.42;38.3;1.86;56
38;121.58;37.23;1.84;57
38;120.75;35.89;1.94;58
38;120.05;35.6;2.03;59
38;119.73;35.53;2.12;60
38;119.57;34.81;2.09;61
38;119.45;33.76;2.07;62
38;119.05;33.1;2.2;63
38;118.14;32.21;3.3;64
38;117.58;31.58;3.46;65
38;117.31;31.06;3.55;66
38;117.31;30.96;3.86;67
38;117.3;30.6;4.1;68
38;117.13;30.38;4.31;69
38;116.89;30.15;5.27;70
38;116.48;29.98;5.09;71
38;115.68;29.97;4.13;72
38;115.2;30.01;4.03;73
38;115.21;30.15;4.02;74
38;114.85;30.35;4.13;75
38;114.26;30.4;4.27;76
38;114.41;30.33;5.79;77
38;113.76;30.46;5.58;78
38;112.84;30.57;4.36;79
38;112.95;30.67;4.5;80
38;113.29;31.02;4.52;81
38;113.82;31.28;4.78;82
38;114.45;31.37;4.96;83
38;115;31.54;4.76;84
38;115.05;31.65;4.45;85
38;114.89;31.57;4.42;86
38;115.09;31.65;4.58;87
38;115.11;31.75;4.56;88
38;115.24;31.9;4.57;89
38;115.31;31.99;5.82;90
38;115.38;31.78;5.89;91
38;115.78;31.93;6.2;92
38;115.7;32.14;6.51;93
38;115.71;32.3;6.19;94
38;116.01;32.23;6.93;95
38;116.03;32.39;7.19;96
38;116.32;32.64;7.12;97
38;116.74;32.44;7.42;98
38;117.22;31.98;8.27;99
38;117.37;31.79;8.77;100
38;117.15;31.61;9.7;101
38;117.41;31.7;9.82;102
38;117.98;31.87;9.47;103
38;118.38;31.85;9.5;104
38;118.52;31.85;9.5;105
38;118.67;31.67;9.22;106
38;119.03;31.63;9.16;107
38;119.46;31.6;8.94;108
38;119.57;31.38;9.44;109
38;119.83;31.35;9.43;110
38;119.71;31.32;8.91;111
38;119.6;31.32;9.16;112
38;119.68;31.46;9.1;113
38;119.77;31.54;9.27;114
38;120.05;31.69;9.11;115
38;120.4;31.92;9.6;116
38;120.86;32.12;9.9;117
38;121.03;32.17;10.65;118
38;120.85;32.17;10.94;119
38;120.56;32.04;11.1;120
38;120.91;32.25;11.83;121
38;121.65;32.56;12.42;122
38;122.22;32.59;12.77;123
38;122.28;32.29;12.75;124
38;122.14;31.88;12.79;125
38;122.01;31.74;12.86;126
38;121.95;31.64;12.73;127
38;121.9;31.5;12.72;128
38;121.99;31.77;13.37;129
38;122.15;31.71;13.25;130
38;122.47;32.07;12.96;131
38;122.67;32.52;12.78;132
38;122.47;32.82;12.67;133
38;122.31;32.85;12.73;134
38;122.52;33.07;12.82;135
38;122.78;33.32;13.08;136
38;122.8;33.81;13.39;137
38;122.69;34;13.47;138
38;122.36;33.83;15.15;139
38;122.65;33.7;15.41;140
38;122.77;33.68;16.03;141
38;122.77;33.25;18.25;142
38;123.38;32.93;18.22;143
38;123.69;32.85;18.17;144
38;123.95;32.86;18.04;145
38;124.11;33.03;17.88;146
38;124.32;33.01;17.87;147
38;124.72;32.95;17.92;148
38;124.9;33.15;18;149
38;124.96;33.69;18.1;150
38;124.99;34.43;18.14;151
38;125.18;35.03;18.24;152
38;125.53;35.55;16.28;153
38;125.65;35.68;18.33;154
38;126.07;35.77;18.55;155
38;126.39;35.88;18.81;156
38;126.57;35.99;19.01;157
38;126.88;36;19.16;158
38;127.43;36.04;19.12;159
38;127.58;36.07;21.25;160
38;128.59;36.41;20.37;161
38;129.38;36.5;21.54;162
38;130.67;36.96;20.1;163
38;131.83;37.15;20.1;164
38;132.62;36.9;20.36;165
38;133.1;36.91;20.6;166
38;133.65;36.79;20.67;167
38;134.09;36.69;20.57;168
38;134.81;36.86;20.34;169
38;136.1;36.69;19.76;170
38;137.12;36.36;19.51;171
38;139.45;36.32;19.78;172
38;140.52;36.31;19.95;173
38;142.46;35.64;21.08;174
38;143.31;35.34;24.09;175
38;143.33;35.52;24.51;176
38;142.45;36.87;25.01;177
38;142.77;38.18;26.79;178
38;144.39;38.9;26.32;179
38;146.57;38.58;26.17;180
38;148.09;37.75;27.18;181
38;148.92;38;27.63;182
39;59.31;98.15;39.69;39
39;59.05;97.72;39.69;40
39;58.31;96.87;39.69;41
39;57.93;96.21;39.69;42
39;60.24;96;39.69;43
39;60.98;95.24;39.69;44
39;60.99;94.37;39.69;45
39;61.59;93.21;39.69;46
39;62.28;92.71;39.69;47
39;62.76;92.19;39.69;48
39;63.66;92.23;38.04;49
39;64.66;91.48;38.85;50
39;65.16;91.95;39.62;51
39;65.66;91.88;38.72;52
39;66.16;91.65;38.43;53
39;67.16;90.66;36.41;54
39;67.66;89.99;33.85;55
39;68.66;88.69;31.49;56
39;69.66;87.21;29.24;57
39;71.16;86.8;25.09;58
39;71.16;85.93;25.29;59
39;73.16;86.16;23.6;60
39;73.16;86.43;23.95;61
39;73.66;85.52;22.21;62
39;72.79;86.25;23.19;63
39;74.13;83.75;21.75;64
39;74.67;84.75;21.1;65
39;73.8;85.75;20.89;66
39;74.33;80.75;18.58;67
39;74.76;79.75;18.77;68
39;75.73;78.75;18.68;69
39;74.3;78.25;18.26;70
39;73.66;76.07;17.26;71
39;73.16;73.04;17.98;72
39;73.66;72.2;18.51;73
39;76.66;71.77;17.09;74
39;79.16;70.67;17.21;75
39;80.66;70.35;17.15;76
39;82.16;69.78;16.06;77
39;84.3;68.75;15.34;78
39;85.75;67.75;13.93;79
39;87.1;66.25;12.31;80
39;87.82;65.75;12.8;81
39;88.46;65.25;12.85;82
39;89.19;64.75;12.04;83
39;90.15;64.25;13.13;84
39;91.84;63.25;12.33;85
39;92.88;62.77;12.69;86
39;93.92;61.94;15.69;87
39;95.43;60.75;16.93;88
39;95.68;59.25;17.51;89
39;95.13;58.25;18.82;90
39;95.63;56.75;20.86;91
39;96.3;55.25;21.54;92
39;97.28;54.75;22.55;93
39;98.79;53.75;21.42;94
39;99.71;53.55;24.69;95
39;100.68;52.63;24.69;96
39;101.85;52.47;24.69;97
39;102.63;52.68;24.69;98
39;103.58;53.32;27.69;99
39;104.18;53.64;27.69;100
39;105.3;52.92;27.69;101
39;107.1;52.95;27.69;102
39;107.63;53.75;25.37;103
39;108.19;55.25;25.61;104
39;109.52;56.25;23.84;105
39;109.22;56.75;22.42;106
39;108.52;57.75;21.15;107
39;109.34;58.75;19.49;108
39;109.97;60.25;18.48;109
39;109.7;60.75;17.98;110
39;109.27;61.25;17.33;111
39;109.39;61.75;17.05;112
39;110.66;64.34;17.78;113
39;111.16;65.68;18.58;114
39;112.16;66.55;18.64;115
39;113.16;68.14;18.9;116
39;114.16;67.82;18.81;117
39;113.66;68.79;18.35;118
39;113.66;69.57;18.94;119
39;113.16;70.92;19.05;120
39;112.66;70.9;17.55;121
39;113.16;72.3;17.86;122
39;113.66;73.06;18.25;123
39;114.16;74.13;18.56;124
39;114.66;75.67;19.45;125
39;115.66;76.97;19.36;126
39;115.16;78;20.17;127
39;116.16;78.93;19.97;128
39;117.16;78.13;20.01;129
39;118.66;79.17;19.1;130
39;118.66;79.4;18.39;131
39;118.66;79.93;18.6;132
39;119.16;80.71;18.46;133
39;119.66;81.19;18.7;134
39;120.16;81.52;18.64;135
39;120.16;81.75;19.57;136
39;120.66;82.18;19.61;137
39;121.16;82.58;19.54;138
39;121.66;83.11;19.67;139
39;122.66;81.04;18.07;140
39;124.66;79.23;16.04;141
39;124.66;78.41;14.72;142
39;125.66;78.73;15.01;143
39;126.16;79.18;14.1;144
39;126.66;78.97;13.13;145
39;127.66;79.43;12.46;146
39;128.66;78.9;14.28;147
39;129.66;78.54;15.07;148
39;130.16;78.73;14.16;149
39;130.16;78.7;12.89;150
39;130.23;76.75;15.74;151
39;130.02;77.25;13.31;152
39;132.15;78.25;18.02;153
39;133.76;76.25;20.8;154
39;134.26;75.75;19.5;155
39;134.26;76.25;20.81;156
39;134.28;76.25;19.08;157
39;133.97;75.75;19.37;158
39;134.17;76.25;19.55;159
39;134.16;76.75;20.41;160
39;133.5;76.75;21.82;161
39;133.43;77.75;21.43;162
39;131.12;74.75;24.83;163
39;134.66;78.29;25.59;164
39;134.66;78.94;25.19;165
39;135.66;79.78;25.5;166
39;133.66;78.22;25.23;167
39;133.16;76.27;27.04;168
39;134.66;72.55;30.55;169
39;135.16;72.72;31.83;170
39;134.16;69.11;31;171
39;134.66;69.19;31.8;172
39;134.66;69.19;31.8;173
39;134.66;67.94;31.7;174
39;133.66;65.69;28.85;175
39;133.16;64.19;27.1;176
39;134.16;64.37;27.17;177
39;134.66;65.22;26.52;178
39;135.16;64.9;27.95;179
39;134.16;65.91;29;180
39;133.66;65.89;28.51;181
39;132.66;65.9;26.94;182
39;131.66;65.94;26.63;183
40;57.14;36.98;39.69;41
40;58.98;35.74;39.69;42
40;59.55;34.99;39.69;43
40;59.16;34.74;39.44;44
40;59.16;34.74;39.44;45
40;59.16;34.74;39.44;46
40;59.16;34.74;39.44;47
40;58.16;35.21;37.47;48
40;58.16;35.21;37.47;49
40;58.16;35.25;38.09;50
40;58.16;35.25;38.09;51
40;57.66;35.71;38.2;52
40;56.66;35.78;33.99;53
40;56.66;35.9;33.68;54
40;56.16;35.67;31.74;55
40;56.16;35.67;31.74;56
40;55.66;35.63;32.35;57
40;54.66;35.85;32.58;58
40;55.16;35.51;29.85;59
40;55.66;35.47;27.48;60
40;56.66;35.55;27.63;61
40;57.66;34.93;27.04;62
40;57.66;34.88;26.26;63
40;58.16;35.35;26.51;64
40;58.66;35.35;23.36;65
40;58.66;35.9;23.36;66
40;58.66;37.37;22.92;67
40;59.24;37.97;21.69;68
40;58.66;38.01;19.2;69
40;56.16;40.4;14.47;70
40;55.66;40.58;13.16;71
40;55.66;40.58;13.16;72
40;55.66;40.66;14.08;73
40;54.16;41.61;13.43;74
40;54.16;41.26;13.43;75
40;54.16;40.5;11.7;76
40;54.66;39.71;12.9;77
40;54.66;39.71;12.9;78
40;54.66;39.71;11.57;79
40;54.66;39.71;11.57;80
40;54.66;39.71;11.11;81
40;55.16;39.71;13.7;82
40;55.16;39.19;11.89;83
40;55.16;38.93;11.89;84
40;55.16;38.93;11.89;85
40;54.66;38.91;9.26;86
40;54.66;38.91;9.26;87
40;54.66;38.32;12.02;88
40;53.66;38.12;10.52;89
40;53.66;38.12;10.52;90
40;53.66;37.96;11.39;91
40;53.16;37.39;9.37;92
40;53.66;37.35;11.82;93
40;53.66;37.35;11.82;94
40;53.66;37.35;11.82;95
40;53.66;36.9;11.39;96
40;54.16;36.46;11.25;97
40;54.16;36.45;10.81;98
40;54.66;35.59;11.57;99
40;55.16;35.27;10.02;100
40;56.16;34.94;10.64;101
40;56.16;34.69;9.13;102
40;56.16;34.85;8.61;103
40;56.16;34.85;8.61;104
40;56.16;34.85;8.61;105
40;56.16;34.85;8.61;106
40;56.66;34.91;9.95;107
40;56.66;34.41;8.91;108
40;56.66;34.41;8.91;109
40;56.66;34.32;8.91;110
40;57.16;33.77;10.28;111
40;57.16;33.3;9.75;112
40;56.66;33.12;6.76;113
40;56.66;32.93;6.76;114
40;57.33;32.76;9.69;115
40;56.83;32.38;6.69;116
40;57.33;32.4;9.69;117
40;57.33;32.4;9.69;118
40;57.33;32.4;9.69;119
40;56.83;32.2;6.69;120
40;56.66;32.24;7.3;121
40;56.16;31.87;5.98;122
40;56.66;32.11;9.43;123
40;56.66;31.4;9.43;124
40;57.16;31.07;9.75;125
40;57.51;31.06;9.69;126
40;57.66;30.27;6.69;127
40;57.75;30;6.69;128
40;57.93;29.9;6.69;129
40;57.84;29.9;6.69;130
40;57.28;29.36;3.69;131
40;57.28;29.36;3.69;132
40;57.28;29.36;3.69;133
40;56.81;29.08;0.69;134
40;56.81;29.08;0.69;135
40;56.81;29.08;0.69;136
40;56.81;29.08;0.69;137
40;56.81;29.08;0.69;138
40;56.52;28.21;0.69;139
40;55.74;28.31;0.69;140
40;55.66;28.32;0.78;141
40;56.13;28.21;0.69;142
40;56.23;28.02;0.69;143
40;57;27.63;0.69;144
40;56.81;27.83;0.69;145
40;56.81;27.83;0.69;146
40;57;27.44;0.69;147
40;57;27.44;0.69;148
40;57.1;27.92;0.69;149
40;57.1;27.92;0.69;150
40;57.1;27.63;0.69;151
40;57.1;27.25;0.69;152
40;57.1;27.15;0.69;153
40;57.39;27.54;0.69;154
40;57.58;28.12;0.69;155
40;57.68;28.89;0.69;156
40;57.68;28.89;0.69;157
40;57.77;28.99;0.69;158
40;57.68;28.99;0.69;159
40;56.81;30.05;0.69;160
40;56.71;29.66;0.69;161
40;56.71;29.57;0.69;162
40;56.9;29.28;0.69;163
40;56.42;28.99;0.69;164
40;57.31;29.04;0.69;165
40;57.65;29.08;0.69;166
40;57.44;28.26;0.69;167
40;57.57;29.19;0.69;168
40;57.52;29.33;0.69;169
40;57.53;29.42;0.69;170
41;48.74;106.75;7.18;44
41;48.74;106.75;7.18;45
41;48.77;106.75;5.36;46
41;48.52;106.75;4.77;47
41;48.59;105.75;5.48;48
41;48.28;104.75;6;49
41;47.91;104.75;5.34;50
41;47.52;103.25;6.64;51
41;47.1;102.25;6.9;52
41;47.1;102.25;6.9;53
41;46.74;100.75;6.85;54
41;46.73;100.75;5.89;55
41;44.98;100.25;4.08;56
41;44.74;100.25;4.68;57
41;43.51;100.25;5.69;58
41;43.05;100.25;6.86;59
41;43.07;100.25;7.34;60
41;43.45;101.25;6.59;61
41;43.4;102.25;7.94;62
41;43.4;102.25;7.94;63
41;43.21;102.75;7.26;64
41;43.02;103.25;6.59;65
41;42.13;103.75;7.61;66
41;41.92;104.25;6.72;67
41;41.92;104.25;6.72;68
41;41.52;105.25;4.93;69
41;41.66;106.75;5.41;70
41;42.25;106.75;8.38;71
41;43.18;106.75;10.77;72
41;42.76;106.75;12.22;73
42;61.57;106.75;3.19;45
42;61.88;106.25;4.2;46
42;60.97;104.75;1;47
42;61.22;104.75;2.29;48
42;60.63;104.25;0.71;49
42;61.35;103.75;1.36;50
42;61.45;103.25;1.72;51
42;61.54;102.25;1.67;52
42;61.67;101.75;2.05;53
42;60.16;100.25;2.24;54
42;60.16;100.25;2.24;55
42;60.16;99.1;1.33;56
42;60.66;99.33;1.12;57
42;60.16;100.17;0.93;58
42;59.16;99.4;2.19;59
42;58.66;99.18;1.47;60
42;58.16;99.41;1.98;61
42;58.16;99.41;1.98;62
42;59.16;100.12;0.95;63
42;59.16;100.26;2;64
42;59.66;100.58;2.13;65
42;59.66;100.67;2.5;66
42;59.66;100.47;2.71;67
42;59.16;100.44;2.75;68
42;59.16;100.47;0.82;69
42;58.16;101.19;2.98;70
42;58.16;101.19;2.98;71
42;58.66;101.55;1.13;72
42;59.16;102.14;2.38;73
42;59.16;102.14;2.38;74
42;59.16;102.14;2.38;75
42;59.66;102.26;1.1;76
42;59.66;103.05;2.81;77
42;60.16;103.67;1.5;78
42;60.16;104.07;2.66;79
42;60.66;104.23;2.06;80
42;62.66;104.99;1.45;81
43;112.7;104.21;39.69;47
43;113.45;103.11;39.69;48
43;112.89;102.27;39.69;49
43;111.99;101.72;39.69;50
43;110.8;100.82;39.69;51
43;110.15;100.61;39.69;52
43;109.9;99.87;39.69;53
43;110.04;99.19;39.69;54
43;110.3;98.2;39.69;55
43;110.8;97.58;39.69;56
43;110.93;96.55;39.69;57
43;111.44;95.02;39.69;58
43;112.15;92.61;39.69;59
43;112.55;91.14;33.69;60
43;111.42;90.25;33.81;61
43;111.34;88.25;32.85;62
43;111.47;86.75;32.46;63
43;110.93;85.75;32.06;64
43;110.31;84.75;30.19;65
43;109.21;84.25;31.96;66
43;108.52;83.08;33.69;67
43;108.1;81.57;33.69;68
43;107.82;80.24;30.69;69
43;107.64;78.72;30.69;70
43;108.31;77.45;30.69;71
43;107.84;75.98;27.69;72
43;107.02;74.23;27.69;73
43;105.29;74.37;30.69;74
43;103.45;75.05;30.69;75
43;102.35;75.89;30.69;76
43;101.22;75.17;27.69;77
43;100.16;74.35;28.14;78
43;99.66;73.91;26.52;79
43;101.93;72.5;24.69;80
43;103.48;72.13;24.69;81
43;105.1;72.44;21.69;82
43;105.63;71.05;21.69;83
43;105.54;69.32;18.69;84
43;105.18;68.44;18.69;85
43;104.16;66.65;18.81;86
43;104.66;64.85;15.93;87
43;102.16;64.79;14.65;88
43;101.66;66.11;12.08;89
43;101.66;66.14;9.84;90
43;100.16;66.44;9.22;91
43;99.66;65.86;6.42;92
43;99.66;67.09;5.72;93
43;104.16;68.24;1.21;94
43;106.66;67.71;1.29;95
43;108.66;67.35;1.99;96
43;110.66;67.61;0.89;97
43;107.16;65.21;2.83;98
43;107.16;65.15;1.35;99
43;107.66;64.41;1.47;100
43;109.16;64.73;1.1;101
43;109.66;65.1;0.97;102
43;108.16;65.35;0.88;103
43;107.66;64.15;1.36;104
43;106.66;62.47;0.7;105
43;105.66;62.24;0.74;106
43;109.16;63.46;1.11;107
43;109.66;64.44;0.89;108
43;109.66;65.18;1.22;109
43;110.16;66.31;1.41;110
43;110.16;66.71;2.1;111
43;111.16;64.7;0.73;112
43;110.66;63.59;1.52;113
43;110.66;61.71;1.37;114
43;109.16;60.12;1.64;115
43;109.16;59.25;0.76;116
43;111.66;58.09;1.57;117
43;113.66;57.51;1.35;118
43;115.66;58.68;1.38;119
43;113.16;60.71;2.17;120
43;113.66;60.8;1.2;121
43;113.16;60.65;0.92;122
43;114.16;61.87;0.83;123
43;116.16;61.57;0.72;124
43;116.66;60.85;1.74;125
43;117.66;60.54;1.08;126
43;117.16;59.79;1.08;127
43;119.66;60.41;0.96;128
43;118.16;60.99;2.14;129
43;117.66;61.39;1.16;130
43;116.16;59.87;0.98;131
43;117.16;58.98;0.86;132
43;119.16;60.02;1.57;133
43;119.66;60.77;1.46;134
43;119.16;60.93;0.97;135
43;121.16;61.21;0.74;136
43;120.98;60.75;2.7;137
43;121.44;59.75;2.01;138
43;120.07;58.75;1.94;139
43;122.23;58.75;1.89;140
43;122.87;59.75;2.21;141
43;119.42;57.99;0.69;142
43;120.66;57.46;1.14;143
43;120.16;57.21;1.46;144
43;120.16;57.05;0.77;145
43;121.16;58.15;0.91;146
43;121.16;56.78;2.01;147
43;122.16;56.8;1.3;148
43;121.69;56.68;0.69;149
44;146.33;106.75;19.24;47
44;147.3;106.75;18.27;48
44;147.98;106.75;18.71;49
44;149.15;106.75;19.4;50
44;149.98;106.75;18.79;51
44;151.4;106.75;19.68;52
44;153.16;106.09;18.95;53
44;152.66;105.34;19.06;54
44;152.16;105.39;18.31;55
44;152.16;105.12;17.68;56
44;152.16;105.05;17.73;57
44;154.66;105.51;14.88;58
44;154.66;105.5;15.15;59
44;155.66;105.77;14.32;60
44;156.16;104.9;15.17;61
44;156.66;104.99;14.62;62
44;156.16;104.19;15.23;63
44;156.16;104.12;15.29;64
44;156.66;104.2;14.74;65
44;156.16;104.12;15.29;66
44;155.16;102.46;15.86;67
44;154.66;101.54;15.1;68
44;157.66;99.46;12.42;69
44;157.66;99.46;12.42;70
44;158.16;99.65;12.37;71
44;157.66;99.46;12.99;72
44;158.16;99.36;12.28;73
44;158.66;98.6;11.99;74
44;159.16;98.25;12.11;75
44;159.16;98.03;12.07;76
44;159.16;97.1;11.92;77
44;159.66;97.17;11.26;78
44;159.66;97.01;11.17;79
44;160.16;97.17;10.55;80
44;160.16;97.17;10.55;81
44;160.16;97.17;10.55;82
44;160.16;96.29;10.44;83
44;160.16;96.29;10.44;84
44;160.66;95.82;9.64;85
44;160.66;95.69;9.72;86
44;161.16;95.38;9.42;87
44;160.66;94.54;9.7;88
44;160.66;94.54;9.7;89
44;160.66;94.54;9.7;90
44;160.66;94.59;9.98;91
44;161.16;94.72;9.36;92
44;160.16;94.47;10.59;93
44;160.16;94.62;10.99;94
44;160.16;94.67;11.26;95
44;160.66;94.77;11.27;96
44;160.66;94.59;12.18;97
44;161.66;94.75;12.34;98
44;162.66;94.62;12.51;99
44;163.16;94.75;12.04;100
44;163.16;94.64;12.5;101
44;163.16;94.42;12.84;102
44;163.66;94.42;12.74;103
44;164.66;94.47;12.15;104
44;165.16;94.57;11.9;105
44;165.16;94.64;12.24;106
44;165.66;94.7;14.41;107
44;166.16;94.98;14.35;108
44;166.16;95.37;14.85;109
44;167.16;95.85;14.62;110
44;167.66;96.04;14.45;111
44;169.16;96.45;13.88;112
44;170.66;97.12;12.8;113
44;171.16;97.29;12.57;114
44;171.66;97.44;12.18;115
44;172.66;98.06;12.25;116
44;173.66;98.69;12.72;117
44;174.66;99.24;12.4;118
44;175.16;99.23;12.4;119
44;175.16;98.59;13.04;120
44;176.16;97.88;13.43;121
44;175.16;97.46;13.19;122
44;174.66;97.39;13.15;123
44;175.66;97.17;12.31;124
44;176.16;97.13;12.23;125
44;177.66;97.11;11.09;126
44;179.66;96.91;9.06;127
44;180.16;96.8;8.74;128
44;180.16;96.51;8.9;129
44;180.66;95.98;8.92;130
44;180.66;94.55;7.99;131
44;181.16;94.8;7.43;132
44;181.66;94.64;6.08;133
44;180.16;93.58;6.36;134
44;180.66;92.99;3.97;135
44;180.16;93.85;1.43;136
44;180.66;93.72;1.51;137
44;181.66;94.25;1.14;138
44;181.66;95.16;1.28;139
44;181.66;95.16;1.28;140
44;181.66;95.22;1.77;141
44;181.66;94.47;1.58;142
44;181.66;94.47;1.58;143
44;181.66;94.47;1.58;144
44;181.66;94.9;1.56;145
44;180.66;96.53;2.02;146
44;181.16;96.87;1.96;147
44;181.66;96.85;0.89;148
44;181.66;96.85;0.89;149
44;180.66;96.79;1.74;150
44;181.16;96.71;0.77;151
44;181.66;96.54;1.59;152
44;181.66;96.17;1.5;153
44;181.66;95.11;1.4;154
44;180.66;92.7;1.28;155
44;180.66;92.5;1.45;156
44;182.66;91.7;1.49;157
44;182.66;91.7;1.49;158
44;182.66;91.75;1.38;159
44;182.16;92.24;1.07;160
44;181.66;92.48;1.04;161
44;181.66;92.45;1.46;162
44;181.66;92.3;1.81;163
44;181.66;91.49;0.7;164
44;181.16;91.2;1.67;165
44;182.16;91.37;0.81;166
44;184.04;92.07;0.69;167
45;17.03;39.25;39.31;52
45;16.95;39.25;39.35;53
45;17.1;38.75;39.65;54
45;18.09;39.25;39.54;55
45;19.14;38.75;39.44;56
45;20.52;37.75;39.66;57
45;20.7;37.75;39.27;58
45;20.35;38.75;37;59
45;20.58;37.75;36.07;60
45;20.65;37.75;35.44;61
45;21;37.75;34.95;62
45;20.7;37.75;34.39;63
45;20.16;36.75;34.65;64
45;19.53;36.25;34.1;65
45;20.25;36.75;32.52;66
45;20.04;39.25;28.64;67
45;21.01;38.75;28.21;68
45;21.6;40.25;25.46;69
45;22.87;40.25;23.78;70
45;27.96;39.75;21.31;71
45;28.01;39.75;19.96;72
45;28.07;39.25;18.8;73
45;27.64;38.25;18.29;74
45;25.1;34.75;19.33;75
45;25.1;34.75;19.33;76
45;25.3;35.25;20.16;77
45;25.9;35.25;20.09;78
45;28.51;37.75;20.45;79
45;28.51;37.75;20.45;80
45;30;37.75;19.53;81
45;27.08;35.75;22.47;82
45;27.57;32.25;21.36;83
45;28.32;31.25;20.56;84
45;28.11;30.75;19.38;85
45;28.82;29.75;19.07;86
45;30.49;28.25;18.77;87
45;31.44;27.25;17.81;88
45;32.75;26.75;16.64;89
45;33.55;26.25;15.78;90
45;34.37;25.75;14.63;91
45;35.05;25.25;13.58;92
45;35.7;24.75;12.13;93
45;36.29;25.25;11.03;94
45;39.72;26.75;9.91;95
45;40.18;26.25;9.03;96
45;40.42;26.25;8.73;97
45;40.91;26.75;7.48;98
45;41.47;26.75;6.98;99
45;42.56;25.25;7.55;100
45;43.82;25.25;8.9;101
45;44.43;25.25;9.03;102
45;44.51;24.75;9.47;103
45;44.67;24.25;9.88;104
45;44.73;23.25;9.93;105
45;43.58;21.75;9.75;106
45;43.36;21.25;9.5;107
45;43.27;20.75;7.71;108
45;43.83;19.25;5.65;109
45;44.92;18.75;4.7;110
45;45.51;18.25;4.07;111
45;47.45;18.75;0.92;112
45;48.14;17.75;0.98;113
45;50.11;15.75;1.04;114
45;52.13;13.25;0.96;115
45;52.24;13.25;1.3;116
45;52.24;13.25;1.3;117
45;55.4;11.75;2.71;118
45;55.04;11.25;3.23;119
45;56.44;12.25;1.27;120
45;57.97;12.25;0.99;121
45;58.85;12.25;1.13;122
45;59.55;13.25;1.2;123
45;60.37;12.25;3.03;124
45;59.85;12.25;3.14;125
45;59.54;12.25;3.34;126
45;61.12;14.25;2;127
45;61.57;14.25;2.51;128
45;61.03;13.25;3.23;129
45;62.35;15.25;1.54;130
45;61.64;14.75;0.73;131
45;61.99;14.75;0.97;132
45;62.31;15.75;1.11;133
45;63.09;14.75;1.07;134
45;63.4;15.25;1.09;135
45;63.52;15.75;1.02;136
45;63.62;15.75;1.07;137
45;63.77;16.25;0.87;138
45;63.77;16.25;0.87;139
45;63.89;16.75;0.8;140
45;63.12;20.75;0.75;141
45;63.12;20.75;0.75;142
45;63.41;22.75;0.79;143
45;63.3;23.25;1.29;144
45;62.5;24.25;0.88;145
45;62.5;24.25;0.88;146
45;62.84;23.75;0.94;147
45;62.82;23.25;1;148
45;62.82;23.25;1;149
45;62.61;23.25;1.13;150
45;62.28;23.25;0.99;151
45;61.89;23.75;0.83;152
45;61.65;22.75;0.85;153
45;61.93;22.25;0.96;154
45;62.27;22.75;1.05;155
46;100.66;105.89;7.51;55
46;100.16;105.54;8.55;56
46;100.66;105.53;8.78;57
46;101.16;105.83;8.93;58
46;101.66;106.17;7.93;59
46;96.66;103.12;16.04;60
46;97.16;102.86;14.3;61
46;97.16;102.86;14.3;62
46;96.66;103.35;14.74;63
46;97.66;104.51;13.14;64
47;131.34;98.63;0.69;55
47;131.11;98.49;0.69;56
47;131.58;98.34;0.69;57
47;132.65;98.57;0.69;58
47;131.86;98.08;0.69;59
47;131.16;97.36;3.38;60
47;130.16;97.25;1.42;61
47;131.89;97.77;0.69;62
47;133.39;98.26;0.69;63
47;127.66;97.93;1.29;64
47;127.66;97.93;1.29;65
47;128.66;98.15;0.97;66
47;128.66;98.96;1;67
47;127.66;98.49;2.11;68
47;127.66;98.24;1.07;69
47;127.66;98.15;0.83;70
47;127.66;98.19;2.02;71
47;127.66;97.81;1.69;72
47;127.16;97.63;2.06;73
47;127.16;97.78;1.03;74
47;126.66;97.63;1.09;75
47;126.16;97.56;1.41;76
47;126.16;98.59;0.96;77
47;126.16;98.52;2.26;78
47;126.66;97.77;2.22;79
47;127.16;97.77;1.35;80
47;127.66;98.05;0.9;81
47;128.16;98.72;0.8;82
47;128.66;98.87;0.76;83
47;129.66;98.76;1.01;84
47;129.66;97.59;2.11;85
47;130.16;97.47;1.09;86
47;129.66;98.13;1.44;87
47;129.66;98.53;1.46;88
47;129.66;98.53;1.46;89
47;130.16;96.92;2.05;90
47;131.66;97.01;0.82;91
47;131.66;97.6;1.59;92
47;132.16;97.63;1.95;93
47;134.66;98.21;1.07;94
47;133.66;96.39;7.07;95
47;134.16;96.49;8.87;96
47;134.66;96.73;9.05;97
47;134.66;96.71;9.8;98
47;134.66;96.49;10.66;99
47;134.66;96.1;10.65;100
47;133.66;95.4;11.69;101
47;133.16;95.14;12.79;102
47;133.16;95.04;12.84;103
47;133.16;94.95;12.9;104
47;133.16;94.46;13.43;105
47;133.66;94.6;13.61;106
47;134.66;95.46;13.64;107
47;134.66;95.46;13.64;108
47;134.66;95.46;13.64;109
47;134.66;95.85;13.42;110
47;135.16;96.51;11.91;111
47;135.16;96.71;11.8;112
47;135.16;96.8;11.98;113
47;136.16;97.47;12.42;114
47;136.16;98.45;14.82;115
47;137.16;98.84;12.48;116
47;136.66;100.21;13.24;117
47;137.66;100.36;12.41;118
47;137.66;100.35;12.64;119
47;137.66;100.27;12.23;120
47;137.66;101.69;13.25;121
47;138.16;102.19;12.4;122
47;139.16;102.2;12.58;123
47;139.66;102.62;13.1;124
47;140.66;103.17;14.08;125
47;141.16;104.07;14.77;126
47;142.16;104.84;12.51;127
47;142.16;104.76;13.6;128
47;142.16;104.67;14.88;129
47;143.16;105.56;15.27;130
47;145.16;105.9;12.57;131
48;1;27.21;12.69;57
48;0.97;27.41;12.69;58
48;1.2;28.29;12.69;59
48;1.24;26.78;12.72;60
48;1.77;25.88;9.69;61
48;2.1;26.06;12.81;62
48;2.15;25.25;12.44;63
48;2.12;24.73;12.2;64
48;2.67;24.56;9.69;65
48;2.95;24.79;2.93;66
48;3.33;24.66;3.26;67
48;3.84;24.93;3.27;68
48;4.95;24.76;2.68;69
48;4.28;24.28;11.75;70
48;3.95;23.77;12.13;71
48;3.8;23.62;12.15;72
48;3.46;23.81;12.23;73
48;2.94;23.73;12.35;74
48;2.38;23.4;12.35;75
48;2.32;23.69;12.3;76
48;2.74;23.65;12.25;77
48;4.02;23.39;12.51;78
48;4.62;23.59;12.76;79
48;4.82;23.71;12.68;80
48;4.36;23.38;12.49;81
48;3.04;23.18;11.75;82
48;1.8;22.7;9.49;83
48;1.23;22.57;9.39;84
49;110.16;95.48;38.39;60
49;110.16;95.28;38.02;61
49;110.66;94.62;39.05;62
49;111.16;93.87;39.68;63
49;111.66;94.18;38.99;64
49;112.16;92.27;38.18;65
49;111.66;90.71;39.41;66
49;111.16;89.34;39.13;67
49;110.16;89.37;39.38;68
49;109.16;88.23;39.18;69
49;108.66;87.27;38.8;70
49;108.66;86.32;39.15;71
49;108.66;84.72;39.32;72
49;109.66;79.94;39.5;73
49;109.66;76.69;37.93;74
49;109.66;74.1;39.41;75
49;109.66;73.47;39.66;76
50;201.16;2.74;19.21;60
50;201.16;4.13;16.59;61
50;201.16;4.64;14.64;62
50;200.66;6.41;18.19;63
50;201.16;6.83;18.76;64
50;201.16;7.36;18.41;65
50;200.16;4.93;14.33;66
50;200.16;4.77;13.95;67
50;200.66;4.82;11.67;68
50;201.16;5.45;12.44;69
50;200.16;5.56;12.74;70
50;199.66;5.45;11.62;71
50;199.66;4.81;12.55;72
50;198.74;4.25;11.62;73
50;199.04;3.75;11;74
50;199.3;3.75;11.49;75
50;198.94;3.25;11.46;76
50;198.56;3.25;12.84;77
50;197.89;2.75;13.08;78
50;197.56;3.75;11.06;79
50;197.41;4.25;9.14;80
50;196.33;3.75;8.66;81
50;195.55;4.75;9.9;82
50;195.24;4.75;9.62;83
50;194.97;3.75;9.73;84
50;195.7;3.75;10.91;85
50;196.61;2.25;8.71;86
50;196.8;4.75;10.8;87
50;197.09;5.25;9.19;88
50;196.33;5.25;9.52;89
50;195.42;5.25;10.38;90
50;197.06;3.75;8.56;91
50;195.86;5.25;9.39;92
50;195.03;5.25;10.17;93
50;195.9;3.25;8.52;94
50;197.12;3.25;8.91;95
50;195.36;2.25;10.01;96
50;194.32;4.25;8.97;97
50;194.47;4.75;8.6;98
50;196.91;2.25;9.54;99
50;195.97;0.75;6.66;100
51;100.16;106.69;5.69;70
51;100.66;106.66;6.61;71
51;100.66;106.19;6.68;72
51;100.16;105.76;5.84;73
51;99.66;104.55;4.68;74
51;99.66;103.3;3.65;75
51;99.89;103.75;0.92;76
51;99.59;103.75;1.05;77
51;99.59;103.75;1.05;78
51;99.34;102.75;2.39;79
51;100.64;102.25;1.17;80
51;101.58;101.75;0.9;81
51;102.03;101.25;1;82
51;105.39;99.25;1.23;83
51;105.39;99.25;1.23;84
51;105.49;99.25;0.7;85
51;105.15;97.75;1.34;86
51;105.29;96.75;0.98;87
51;105.2;96.25;0.87;88
51;108.23;94.25;0.83;89
51;108.23;94.25;0.83;90
51;111.59;92.25;1.13;91
51;111.78;92.75;1.33;92
51;113.22;94.75;1.21;93
51;115.85;94.25;0.97;94
51;116.7;94.75;0.74;95
51;116.7;94.75;0.74;96
51;115.59;95.75;0.92;97
51;115.59;95.75;0.92;98
51;115.58;95.75;1.08;99
51;115.79;95.75;0.99;100
51;117.97;96.75;0.98;101
51;118.76;96.75;1.42;102
51;119.85;96.75;0.78;103
51;119.89;96.25;1.22;104
51;122.36;95.25;0.9;105
51;125.99;94.25;1.17;106
51;128.3;92.75;0.76;107
51;128.35;92.25;1.35;108
51;129.79;90.75;1.03;109
51;133.26;87.75;1.11;110
51;132.88;86.75;0.7;111
51;134.36;86.25;0.99;112
51;135.16;85.33;1.36;113
51;135.16;84.75;1.19;114
51;135.16;84.51;1.04;115
51;135.16;84.47;0.93;116
51;135.16;84.25;1.23;117
51;134.16;84.61;1.22;118
51;134.16;84.39;1.52;119
51;134.66;84.66;1.38;120
51;134.66;84.66;1.38;121
51;134.66;85.16;1.34;122
51;134.66;85.67;1.3;123
51;134.66;85.71;1.41;124
51;134.66;85.75;1.51;125
51;134.66;85.75;1.51;126
51;134.66;85.75;1.51;127
51;133.66;81.99;5.75;128
51;134.16;82.76;5.23;129
51;135.16;83.11;5.21;130
51;136.16;83.83;3.8;131
51;137.16;84.39;1.67;132
51;137.66;84.85;0.82;133
51;136.66;85.33;1.45;134
51;137.16;86.05;1.2;135
51;137.66;86.74;0.86;136
51;137.66;87.14;0.98;137
51;137.66;87.27;1.29;138
51;138.16;88.09;1.26;139
51;139.16;89.78;0.89;140
51;139.66;91.11;1.23;141
51;138.66;90.12;2.85;142
51;139.16;90.75;2.78;143
51;138.96;91.25;4.37;144
51;139.41;91.75;3.76;145
51;139.78;94.75;4.35;146
51;139.44;96.25;5.05;147
51;139.9;96.75;4.33;148
51;140.27;98.75;5.42;149
51;141.18;100.25;3.82;150
51;141.68;102.75;3.58;151
51;142.96;104.25;3.68;152
51;143.52;105.25;6.67;153
51;146.24;106.25;5.65;154
52;89.59;106.75;15.35;70
52;87.79;106.75;13.91;71
52;86.99;106.75;11.73;72
52;86.86;106.75;9.96;73
52;89.16;106.65;6.62;74
52;89.16;106.65;6.62;75
52;89.16;106.65;6.62;76
52;88.66;106.53;5.32;77
52;88.66;106.58;3.98;78
52;87.66;106.6;4.89;79
52;85.16;105.56;2.08;80
52;84.16;104.12;1.57;81
52;84.16;104.12;1.57;82
52;83.66;103.8;1.56;83
52;83.66;103.47;1.17;84
52;84.16;101.42;1.8;85
52;85.16;101.36;0.74;86
52;85.16;101.67;0.82;87
52;85.16;101.7;1.13;88
52;86.16;101.79;1.92;89
52;84.22;104.25;2.32;90
52;84.68;103.25;0.95;91
52;84.68;103.25;0.95;92
52;84.68;103.25;0.95;93
52;84.68;102.25;2.01;94
52;85.56;105.25;0.83;95
52;85.43;106.25;1.03;96
52;82.74;102.75;9.13;97
52;81.85;102.25;9.75;98
52;82.01;102.75;9.37;99
52;82.27;105.25;9.44;100
52;82.63;105.25;9.7;101
52;83.14;106.75;8.99;102
52;83.72;106.75;9.01;103
53;190.56;106.75;30.14;71
53;189.59;106.75;29.55;72
53;188.46;106.75;29.36;73
53;187.09;105.25;32.03;74
53;186.07;104.25;34.12;75
53;185.91;102.75;34.43;76
53;184.28;102.75;34.12;77
53;185.53;101.75;33.7;78
53;186.38;102.25;32.25;79
53;185.64;102.25;31.76;80
53;185.33;100.25;33.29;81
53;184.67;99.25;34.62;82
53;183.41;99.75;35.83;83
53;183.01;99.25;37.34;84
53;182.37;99.25;37.26;85
53;181.26;99.75;37.51;86
53;180.72;100.25;38.43;87
53;180.44;100.25;39.2;88
53;180.53;99.75;39.4;89
53;180.93;99.75;39.6;90
53;179.59;99.75;36.17;91
53;177.2;103.25;35.94;92
53;175.72;103.75;37.74;93
53;175.86;103.75;38.75;94
53;175.19;103.75;38.97;95
53;174.94;103.75;38.31;96
53;175.31;103.75;37.19;97
53;175.41;104.75;35.82;98
53;176.89;103.75;38.3;99
53;176.46;104.75;38.36;100
53;176.35;105.25;38.72;101
53;177.9;105.25;38.53;102
53;178.57;104.75;39.58;103
53;179.07;105.25;38.84;104
53;178.95;104.75;38.41;105
53;178.92;104.25;38.05;106
53;179.35;101.75;39.62;107
53;177.96;104.25;39.01;108
53;177;105.25;39.58;109
53;178.28;101.25;39.53;110
53;178.62;100.75;39.43;111
53;177.83;100.75;39.57;112
54;74.87;106.25;26.93;72
54;74.16;104.54;25.45;73
54;74.66;104.26;26.6;74
54;74.66;104.26;26.6;75
54;74.66;104.26;26.6;76
54;74.66;104.26;26.6;77
54;74.66;104.26;26.6;78
54;74.66;104.26;26.6;79
54;74.66;104.16;25.23;80
54;75.16;103.63;24.42;81
54;74.66;103.89;24.5;82
54;74.66;103.82;24.94;83
54;77.16;100.46;24.09;84
54;78.16;98.96;24.99;85
54;78.16;98.94;24.74;86
54;78.16;98.87;23.99;87
54;76.16;93.84;21.42;88
54;76.16;93;21.73;89
54;75.66;91.81;19.46;90
54;75.66;89.86;19.42;91
54;75.16;87.86;18.23;92
54;75.16;87.07;16.92;93
54;75.66;86.44;18.61;94
54;77.16;85.39;17.63;95
54;77.16;85.86;18.63;96
54;80.45;84.84;18.69;97
54;81.05;85.07;18.69;98
54;81.74;84.27;18.69;99
54;82.2;83.27;18.69;100
54;82.75;81.94;18.69;101
54;83.16;81;18.69;102
54;83.06;79.6;18.69;103
54;82.46;78.67;18.69;104
54;81.65;76.45;18.69;105
54;80.37;75.84;18.69;106
54;80.81;76.25;21.69;107
54;80.84;75.88;21.69;108
54;80.74;75.2;21.69;109
54;78.89;73.93;18.69;110
54;78.92;73.55;18.69;111
54;78.96;73.39;18.69;112
54;78.16;72.75;16.96;113
54;77.66;72.22;17.15;114
54;77.62;70.25;15.36;115
54;77.31;68.75;11.89;116
54;77.66;68.75;12.29;117
54;77.73;66.75;9.4;118
54;78.1;66.75;9.52;119
54;78.17;66.25;9.46;120
54;78.36;65.25;7.83;121
54;78.37;64.75;7.28;122
54;77.84;63.25;5.06;123
54;78.02;61.75;5.87;124
54;77.37;61.75;3.76;125
54;75.08;60.75;2;126
54;75.08;60.75;2;127
54;74.98;59.75;1.4;128
54;75.32;58.75;1.65;129
54;75.31;57.25;1.42;130
54;75.31;57.25;1.42;131
54;74.98;56.75;1.63;132
54;75.19;56.25;1.97;133
54;74.84;54.75;2.08;134
54;74.69;53.75;1.19;135
54;74.69;53.75;1.19;136
54;74.69;53.75;1.19;137
54;74.73;53.75;1;138
54;74.63;52.75;2.1;139
54;73.38;49.75;1.67;140
54;73.49;48.25;1.03;141
54;72.4;47.25;0.79;142
54;72.73;47.75;5.86;143
54;72.79;47.75;7.27;144
54;72.81;47.75;7.73;145
54;72.81;47.75;7.73;146
54;72.67;47.75;8.3;147
54;72.41;47.75;9.87;148
54;72.12;47.25;9.78;149
54;71.88;46.75;11.52;150
54;71.25;46.25;11.77;151
54;70.93;45.75;11.8;152
54;70.88;45.75;12.45;153
54;73.23;42.25;15.38;154
54;73.41;42.75;16.52;155
54;73.78;42.75;17.93;156
54;74.8;41.75;18.89;157
54;74.47;40.75;20.98;158
54;74.77;40.25;18.95;159
54;74.68;39.75;19.67;160
54;74.45;39.75;20.34;161
54;73.66;39.84;21.09;162
54;73.16;39.59;21.73;163
54;73.16;39.27;23.27;164
54;73.16;38.42;26.46;165
54;72.66;38.62;25.61;166
54;71.22;35.25;29.71;167
54;71.65;34.75;32.86;168
54;71.25;35.25;32.56;169
54;70.6;34.25;33.71;170
54;70.51;33.75;34.09;171
54;70.51;33.25;34.35;172
54;70.47;33.25;34.26;173
54;70.94;32.75;33.95;174
54;70.9;34.25;32.59;175
54;71.12;31.75;34.73;176
54;70.52;30.25;36.55;177
54;70.24;30.75;36.22;178
54;71.24;30.75;36.59;179
54;69.64;30.25;35.55;180
54;69.59;30.75;35.18;181
54;69.82;31.25;35.15;182
54;69.61;32.25;34.37;183
55;200.66;18.83;20.64;72
55;199.66;18.57;20.98;73
55;200.16;18.57;17.99;74
55;199.66;18.49;21.15;75
55;199.66;18.29;20.85;76
55;199.16;18.44;22.52;77
55;199.16;18.44;22.52;78
55;198.66;18.6;24.18;79
55;199.16;18.33;22.68;80
55;197.66;17.45;22.11;81
55;198.66;18.25;22.37;82
55;198.16;18.59;22.64;83
55;198.16;18.32;21.24;84
55;198.16;18.21;21.41;85
55;198.66;15.91;21.65;86
55;198.16;17.09;22.46;87
55;197.66;17.77;22.24;88
55;197.66;17.77;22.24;89
55;198.66;17.44;21.19;90
55;197.66;17.13;21.98;91
55;197.16;17.06;21.66;92
55;196.16;16.66;22.01;93
55;192.66;15.58;20.64;94
55;190.16;15.94;19.76;95
55;189.16;16.2;19.77;96
55;188.66;16.45;19.58;97
55;188.66;16.34;19;98
55;188.16;16.8;19.16;99
55;188.16;16.8;19.16;100
55;187.16;16.75;19.03;101
55;187.16;16;19.75;102
55;186.66;16.45;20.76;103
55;186.66;16.45;20.76;104
55;186.66;16.45;20.76;105
55;186.66;16.45;19.94;106
55;186.66;16.45;19.94;107
55;186.16;16.26;17.28;108
55;186.16;16.26;17.28;109
55;185.16;16.86;16.59;110
55;185.16;16.86;15.7;111
55;185.16;16.86;15.7;112
55;184.16;17.56;17.43;113
55;183.66;16.93;14.57;114
55;182.16;15.67;12.62;115
55;180.16;15.69;13.98;116
55;179.16;16.14;12.33;117
55;177.16;16.59;12.69;118
55;177.4;14.85;9.69;119
55;177.25;14.04;9.69;120
55;177.22;13.72;9.69;121
55;177;13.5;9.69;122
55;176.14;12.16;9.69;123
55;175.22;11.41;9.69;124
55;174.62;10.61;9.69;125
55;170.11;7.22;9.69;126
55;169.58;7.05;9.69;127
55;169.53;7.23;6.69;128
55;169.98;7.22;6.69;129
55;170.24;7.3;6.69;130
55;170.24;7.37;3.69;131
55;169.04;7.75;3.69;132
55;167.86;7.68;3.69;133
55;167.41;7.69;3.69;134
55;167.01;7.56;3.69;135
55;166.04;7.19;0.69;136
55;165.91;7.15;0.69;137
55;165.5;7.02;0.69;138
55;164.32;6.95;0.69;139
55;162.35;7.39;0.69;140
55;160.47;7.24;0.69;141
55;158.96;6.9;0.69;142
55;156.86;6.98;0.69;143
55;156.86;6.98;0.69;144
55;155.33;7.56;0.69;145
55;154.04;7.89;0.69;146
55;152.88;8.27;0.69;147
55;152.4;8.42;0.69;148
55;151.72;9.78;6.69;149
55;150.93;10.4;6.69;150
55;150.84;10.66;6.69;151
55;150.79;10.79;6.69;152
55;150.42;10.67;6.69;153
55;149.68;9.77;12.69;154
55;149.68;9.77;12.69;155
55;149.68;9.77;12.69;156
55;149.3;11.02;18.69;157
55;149.26;11.14;18.69;158
55;149.15;11.91;21.69;159
55;145.64;10.11;21.69;160
55;142.89;10.91;21.69;161
55;143.04;10.83;21.69;162
55;140.34;9.12;21.69;163
55;140.07;9.16;21.69;164
55;139.13;8.95;24.69;165
55;138.36;8.69;24.69;166
55;137.28;8.7;27.69;167
55;137.38;8.1;27.69;168
55;136.95;7.95;27.69;169
55;135.08;6.82;27.69;170
55;134.41;6.99;30.69;171
55;133.75;4.31;30.69;172
55;132.85;3.28;30.69;173
55;132.41;2.76;33.69;174
55;131.93;1.25;33.45;175
55;132.32;0.25;32.46;176
56;32.16;42.21;11.33;82
56;32.16;42.21;11.33;83
56;31.66;42.25;10.83;84
56;31.66;42.33;10.96;85
56;31.66;42.13;11.19;86
56;31.66;41.99;11.79;87
56;31.66;41.49;12.35;88
56;31.66;41.15;13.18;89
56;32.66;40.82;13.15;90
56;32.66;40.82;13.15;91
56;32.66;40.74;13.02;92
56;32.66;40.55;13.24;93
56;32.16;40.66;13.98;94
56;31.66;40.88;14.36;95
56;31.16;41.24;15.24;96
56;30.66;41.29;15.62;97
56;30.66;41.58;16.36;98
56;30.16;41.72;17.69;99
56;29.66;41.47;18.39;100
56;30.16;42.28;18.34;101
56;30.66;42.24;18.79;102
56;30.16;42.44;17.53;103
56;30.16;42.82;18.16;104
56;30.16;43.59;18.36;105
56;30.16;43.76;18.38;106
56;29.66;43.96;18.18;107
56;29.66;44.04;18.3;108
56;29.16;43.67;18.52;109
56;29.16;43.57;18.62;110
56;28.66;43.61;18.18;111
56;28.66;43.61;18.18;112
56;29.16;43.47;18.73;113
56;28.82;42.75;20.45;114
56;28.66;43.28;19.78;115
56;28.16;43.63;19.85;116
56;27.16;43.87;19.23;117
56;27.16;43.92;19.59;118
56;28.93;43.25;20.97;119
56;27.55;43.25;19.45;120
56;27.45;42.75;19.79;121
56;26.42;42.75;19.51;122
56;26.73;42.25;20.55;123
56;26.63;41.25;21;124
56;25.96;41.25;21.1;125
56;25.66;41.25;21.02;126
56;25.54;40.25;20.59;127
56;25.51;41.25;20.98;128
56;25.66;41.25;21.02;129
56;25.99;41.25;21.98;130
56;25.58;41.25;21.29;131
56;25.51;41.25;20.98;132
56;25.45;41.25;20.67;133
56;25.45;41.25;20.67;134
56;25.45;41.25;20.67;135
56;25.45;41.25;20.67;136
56;25.87;41.75;19.82;137
56;25.93;42.25;21.5;138
56;25.49;42.75;21.3;139
56;25;42.75;22.31;140
56;25.32;42.25;23.33;141
56;24.68;42.25;22.88;142
56;24.68;42.25;22.88;143
56;25.13;42.25;21;144
56;25.13;42.25;21;145
56;25.07;42.25;20.69;146
56;25.07;42.25;20.69;147
56;24.75;42.75;19.65;148
56;24.75;42.75;19.65;149
56;24.75;42.75;19.65;150
56;24.63;42.75;20.49;151
56;24.91;43.75;19.55;152
56;24.91;43.75;19.55;153
56;24.91;43.75;19.55;154
56;25.06;43.75;19.59;155
56;25.36;43.75;19.67;156
56;25.26;43.25;18.53;157
56;25.01;42.75;18.83;158
56;25.01;42.75;18.83;159
56;24.71;42.75;18.75;160
56;24.41;42.75;18.67;161
56;24.32;42.75;18.94;162
56;24.11;42.75;18.59;163
56;23.65;42.75;18.46;164
56;23.65;42.75;18.46;165
56;23.31;43.25;17.41;166
56;23.31;43.25;17.41;167
56;23.35;42.75;18.38;168
56;23.35;42.75;18.38;169
56;23.01;43.25;17.32;170
56;23.47;43.25;17.45;171
56;23.47;43.25;17.45;172
56;23.9;43.75;16.61;173
56;23.9;43.75;16.61;174
56;23.5;43.75;16.8;175
56;22.99;45.25;16.82;176
56;22.67;45.75;17.29;177
56;22.71;45.75;18.18;178
56;22.29;46.25;17.45;179
56;22.29;46.25;17.45;180
56;21.66;45.75;17.32;181
56;21.43;45.75;16.97;182
56;21.1;46.25;15.96;183
57;85.11;106.35;9.69;82
57;84.76;106.23;9.69;83
57;84.66;106.25;9.69;84
57;84.16;106.25;9.69;85
57;84.66;106.25;9.69;86
57;85.26;105.96;6.69;87
57;85.33;105.97;6.69;88
57;85.37;105.96;6.69;89
57;85.41;104.14;8.17;90
57;85.31;104.43;5.21;91
57;82.85;96.75;1.38;92
57;82.85;96.75;1.38;93
57;82.98;96.75;1.47;94
57;82.1;98.75;1.17;95
57;82.3;97.75;4.54;96
57;83.67;98.75;4.76;97
57;83.64;98.25;4.56;98
57;83.35;98.75;3.87;99
57;84.05;98.25;5.94;100
57;85.63;98.25;8.34;101
57;87.89;98.75;9;102
57;89.6;98.25;9.17;103
57;89.01;98.25;9.83;104
57;89.78;97.25;10.06;105
57;90.4;96.75;10.78;106
57;91.57;95.75;9.61;107
57;91.35;95.75;9.44;108
57;91.14;95.75;9.08;109
57;91.98;94.75;9.63;110
57;92.87;93.25;9.45;111
57;92.45;93.25;7.8;112
57;92.32;92.25;7.21;113
57;91.83;92.75;5.35;114
57;91.11;92.75;3.86;115
57;90.85;92.75;3.9;116
57;90.62;93.75;2.14;117
57;90.5;92.75;3.63;118
57;90.67;93.25;1.29;119
57;90.67;93.25;1.29;120
57;90.93;93.25;1.25;121
57;90.93;93.25;1.25;122
57;91.86;93.25;1.01;123
57;91.63;93.25;0.82;124
57;91.84;92.75;0.83;125
57;91.47;92.25;1.36;126
57;91.57;92.75;0.86;127
57;91.56;93.75;0.69;128
57;91.36;93.25;0.86;129
58;177.99;37.75;1;84
58;178.05;40.25;0.96;85
58;178.99;40.75;1.4;86
58;179.6;41.25;1.27;87
58;180.16;41.25;1.74;88
58;180.56;41.25;2.06;89
58;181.12;41.25;1.9;90
58;181.9;39.75;4.8;91
58;183.51;40.75;1.41;92
58;185.99;41.75;1.25;93
58;187.31;42.75;0.94;94
58;188.68;43.25;1.3;95
58;189.72;43.25;0.84;96
58;189.61;43.25;1.44;97
58;189.94;43.25;1.3;98
58;189.38;43.75;1.57;99
58;193.02;44.75;1.68;100
58;192.82;45.75;1.86;101
58;192.8;46.75;1.45;102
59;197.93;36.25;38.66;88
59;196.47;36.25;37.62;89
59;196.06;35.75;38.06;90
59;196.03;35.25;39.63;91
59;195.56;35.25;38.3;92
59;195.15;34.75;39.57;93
59;194.84;35.75;39.05;94
59;194.39;36.25;39.23;95
59;193.97;37.25;38.89;96
59;193.88;37.25;39;97
59;193.72;37.25;38.63;98
59;193.44;37.75;37.86;99
59;193.74;36.75;38.96;100
59;194.56;36.75;38.4;101
59;195.5;36.75;37.69;102
60;142.31;106.25;8.14;88
60;143.64;106.75;6.32;89
60;143.43;105.75;10.18;90
60;143.84;106.25;9.31;91
60;144.36;106.75;8.48;92
60;144.89;106.75;8.61;93
60;145.34;106.25;9.26;94
60;145.73;106.75;8.45;95
60;146.28;105.25;9.5;96
60;145.71;103.75;10.09;97
60;147.1;104.25;10.34;98
60;148.46;105.25;10.18;99
60;148.58;104.75;9.07;100
60;147.95;103.25;10.26;101
60;148.66;104.3;9.7;102
60;148.66;104.08;9.8;103
60;149.16;103.77;8.45;104
60;148.66;103.74;8.06;105
60;148.66;103.76;7.62;106
60;148.66;104.45;6.64;107
60;149.16;104.94;4.41;108
60;147.16;105.49;4.64;109
60;147.16;105.26;3.16;110
60;147.66;104.89;0.77;111
60;147.16;103.83;1.07;112
60;147.16;103.83;1.07;113
60;150.16;103.52;1.25;114
60;153.16;103.42;0.76;115
60;155.16;104.31;2.3;116
60;156.16;105.88;4.27;117
60;158.66;106.49;5.3;118
61;101.66;52.17;1.78;90
61;102.16;51.43;2.83;91
61;102.16;52.23;2.58;92
61;101.66;52.29;1.47;93
61;102.16;53.08;3.94;94
61;102.16;53.08;3.94;95
61;102.16;53.42;2.01;96
61;102.16;53.56;1.32;97
61;102.16;54.56;3.74;98
61;101.66;54.67;2.83;99
61;101.16;55.1;1.78;100
61;101.66;55.32;2.59;101
61;100.66;55.21;2.41;102
61;99.66;54.45;1.16;103
61;99.16;54.07;0.72;104
61;99.66;54.26;2.62;105
61;100.16;53.63;1.43;106
61;99.66;53.07;1.56;107
61;99.66;53.48;2.43;108
61;99.16;54.1;2.43;109
61;99.66;54.52;1.82;110
61;99.16;53.58;0.97;111
61;99.16;53.22;3.41;112
61;99.66;53.64;5.48;113
61;99.66;53.99;4.38;114
61;99.16;53.27;2.35;115
61;99.16;53.06;6.26;116
61;99.16;52.63;8.64;117
61;97.66;51.74;5.83;118
61;97.66;51.66;6.1;119
61;97.66;52.66;6.77;120
61;98.16;53.36;3.92;121
61;98.16;54.26;6.54;122
61;99.16;55.02;6.69;123
61;99.66;54.04;6.08;124
61;100.16;52.7;4.95;125
61;100.66;51.89;6.18;126
61;101.16;52.47;7.56;127
61;100.66;55.06;10.22;128
61;101.16;56.23;7;129
61;100.66;56.72;6.29;130
61;100.16;57.06;4.5;131
61;100.16;58.05;5.15;132
61;100.66;58.65;6.31;133
61;100.86;59.75;6.62;134
61;100.97;61.25;5.8;135
61;101.32;62.25;7.21;136
61;101.63;62.25;5.7;137
62;7.37;104.04;39.25;92
62;7.47;103.95;39.69;93
62;9.7;103.88;39.69;94
62;9.7;103.88;39.69;95
62;9.15;104.19;39.69;96
62;9.01;104.19;39.69;97
62;8.89;104.49;39.69;98
62;7.16;104.63;38.65;99
62;7.16;104.63;38.65;100
62;7.16;104.24;37.96;101
62;7.16;104.59;37.03;102
62;6.66;105.48;37.15;103
62;6.66;105.48;37.15;104
62;7.16;105.13;37.67;105
62;7.56;105.04;36.69;106
62;7.99;105.02;36.69;107
62;10.14;105.08;36.69;108
62;10.13;104.93;36.69;109
62;10.79;103.87;36.69;110
62;11.22;103.71;36.69;111
62;11.63;103.4;36.69;112
62;12.31;102.46;39.69;113
62;12.31;102.46;39.69;114
62;12.31;102.46;39.69;115
62;12.7;101.87;39.69;116
62;13.51;101.11;39.69;117
62;14.03;100.21;39.69;118
62;14.03;100.21;39.69;119
62;14.26;99.33;39.69;120
62;15.78;98.39;39.69;121
62;15.78;98.39;39.69;122
62;16.02;97.65;39.69;123
62;16.06;97.3;36.69;124
62;17.05;96.81;36.69;125
62;18.61;96.14;36.69;126
62;18.6;95.85;36.69;127
62;20.81;93.66;36.69;128
62;22.23;92.11;33.69;129
62;22.22;91.95;33.69;130
62;24.1;89.55;30.69;131
62;25.43;88.86;30.69;132
62;25.63;88.9;33.69;133
62;24.08;90.5;33.69;134
62;23.83;91.42;33.69;135
62;24.74;91.83;33.69;136
62;24.53;91.84;30.69;137
62;26.43;90.36;30.69;138
62;26.27;90.81;27.69;139
62;26.27;90.81;27.69;140
62;26.45;91.27;27.69;141
62;27.84;91.36;27.69;142
62;27.84;91.36;27.69;143
62;28.2;92.29;24.69;144
62;28.52;92.27;24.69;145
62;28.83;92.26;24.69;146
62;29.15;92.4;24.69;147
62;31.27;92.63;21.69;148
62;31.85;93.28;18.69;149
62;32.02;93.44;18.69;150
62;32.55;94.23;18.69;151
62;32.31;95.73;18.69;152
62;32.31;95.73;18.69;153
62;32.31;95.73;18.69;154
62;32.35;96.55;18.69;155
62;32.17;97.96;15.69;156
62;32.2;98.63;15.69;157
62;31.95;100.14;15.69;158
62;31.29;102.16;12.69;159
62;30.4;102.04;15.69;160
62;29.86;103.57;12.69;161
62;29.26;104.77;12.69;162
62;29.19;106.16;9.69;163
62;29.69;106.61;12.69;164
63;22.17;26.82;39.69;94
63;22.75;27.55;39.69;95
63;22.57;27.61;39.69;96
63;22.57;27.52;39.69;97
63;23.53;28.75;36.69;98
63;24.95;29.11;36.69;99
63;24.67;28.05;39.43;100
63;27.88;28.97;39.34;101
63;29.7;29.61;39.21;102
63;32.93;30.35;38.78;103
63;33.07;29.9;38.57;104
63;33.19;29.78;38.37;105
63;33.44;29.47;38.43;106
63;34.34;29.66;38.32;107
63;34.76;28.9;38.15;108
63;35.34;29.12;38.08;109
63;35.86;28.86;37.94;110
63;36.17;28.54;37.92;111
63;36.92;28.65;37.96;112
63;38.83;31.23;34.26;113
63;39.48;33.11;34.24;114
63;39.9;35.24;33.75;115
63;39.9;36.79;31.91;116
63;39.11;37.17;31.25;117
63;38.25;38.27;29.28;118
63;37.09;39.52;27.19;119
63;35.74;40.45;25.74;120
63;35.02;40.97;23.37;121
63;35.55;41.28;21.22;122
63;35.92;41.93;20.66;123
63;36.25;42.61;20.2;124
63;36.08;42.79;19.68;125
63;35.86;42.47;18.19;126
63;35.48;41.5;17.99;127
63;35.46;40.21;17.15;128
63;36.3;39.92;15.02;129
63;36.86;40.12;14.32;130
63;37.96;40.72;12.01;131
63;39.44;41.34;9.81;132
63;40.09;41.3;10.62;133
63;41.1;41.58;9.53;134
63;41.81;41.82;9.67;135
63;43.12;42.02;9.56;136
63;44.33;42.24;9.45;137
63;44.88;41.8;9.74;138
63;45.33;41.58;9.57;139
63;44.97;41.41;8.83;140
63;44.76;41.43;8.17;141
63;44.79;41.54;6.22;142
63;44.93;41.68;4.32;143
63;44.63;41.88;3.84;144
63;44.95;42.44;3.62;145
63;45.06;43.1;3.43;146
63;45.07;43.47;3.29;147
63;45.12;43.85;3.34;148
63;45.22;43.92;3.27;149
63;45.75;44.26;3.27;150
63;46.13;44.85;3.31;151
63;46.38;45.13;3.36;152
63;46.79;45.32;3.5;153
63;48.37;45.55;3.32;154
63;48.34;45.58;3.31;155
63;48.69;45.76;3.18;156
63;48.55;45.98;3.05;157
63;48.48;45.97;3.07;158
63;48.39;45.85;3.14;159
63;48.47;45.74;2.88;160
63;48.48;45.98;2.66;161
63;48.9;46.01;2.46;162
63;49.17;46.24;2.37;163
63;49.26;46.6;2.4;164
63;49.17;46.91;2.38;165
63;49.18;47.1;2.43;166
63;49.01;47.3;2.52;167
63;48.69;47.7;2.54;168
63;48.12;48.13;2.39;169
63;47.43;48.19;2.2;170
63;46.74;48.17;1.69;171
63;46.4;48.3;0.69;172
63;45.85;48.47;0.69;173
63;45.01;48.77;0.69;174
63;43.96;48.72;0.69;175
63;41.35;49.48;0.69;176
63;39.79;50.33;0.69;177
63;38.25;50.77;0.69;178
64;176;46.74;0.69;95
64;175.16;46.55;0.69;96
64;174.91;45.27;0.69;97
64;171.06;41.7;0.69;98
64;167.16;39.65;3.59;99
64;164.16;39.44;1.44;100
64;161.66;39.58;2.62;101
64;162.16;39.97;0.73;102
64;161.66;40.21;1.28;103
64;161.16;40.35;0.73;104
64;158.66;41.24;1.33;105
64;157.16;42.67;1.54;106
64;156.66;43.97;0.98;107
64;154.16;44.19;1.72;108
64;152.16;44.31;1.71;109
64;148.16;47.54;1.65;110
64;146.66;45.86;1.61;111
64;147.66;47.13;1.12;112
64;148.16;45.65;0.74;113
64;145.66;45.72;0.99;114
64;143.66;44.55;1.36;115
64;138.66;43.51;4.42;116
64;138.66;43.89;1.77;117
64;139.16;44.36;1.63;118
64;138.66;40.47;1.11;119
64;137.16;35.09;0.93;120
64;134.16;36.6;0.73;121
64;134.66;34.44;1.13;122
64;135.66;34.71;1.15;123
64;132.66;35.45;1.47;124
64;127.44;43.75;2;125
64;129.03;44.25;2.22;126
64;130.22;43.25;2.37;127
64;126.95;41.75;0.75;128
64;126.57;41.25;2.1;129
64;129.44;42.25;2.84;130
64;128.96;43.75;1.77;131
64;128.2;44.25;0.86;132
64;127.42;41.25;2.77;133
64;127.39;39.75;2.42;134
64;125.98;40.25;2.3;135
64;125.41;40.25;2.03;136
64;125.93;38.75;0.88;137
64;127.33;39.75;2.39;138
64;127.59;40.75;1.75;139
64;126.49;40.75;0.96;140
64;124.54;39.25;0.79;141
64;124.37;37.75;1.77;142
64;125.69;37.75;2.48;143
64;126.38;38.25;1.15;144
64;124.69;36.75;0.97;145
64;123.07;36.25;2.88;146
64;120.75;34.82;0.69;147
64;115.98;32.71;0.69;148
64;115.69;30.05;0.69;149
64;116.66;28.81;0.69;150
64;117.58;28.53;0.69;151
64;118.48;28.72;0.69;152
64;119.51;29.08;0.69;153
64;120.42;29.22;0.69;154
64;121.5;30;0.69;155
64;121.89;31.89;0.69;156
64;121.33;29.54;6.69;157
64;122.41;28.66;9.69;158
64;123.36;29.19;9.69;159
64;122.78;29.97;9.69;160
64;120.66;28.47;9.69;161
64;123.02;28.2;9.69;162
64;119.98;27.92;9.69;163
64;118.72;26.41;9.69;164
64;117.8;24.87;6.69;165
64;117.06;23.2;6.69;166
64;116.07;22.16;3.69;167
64;116.14;20.63;3.69;168
64;115.69;19.36;6.69;169
64;116.91;18.22;3.69;170
64;114.2;20.5;6.69;171
64;117.8;18.13;0.69;172
64;117.31;19.37;0.69;173
64;115.76;21.04;0.69;174
64;115.23;21.56;0.69;175
64;115.58;18.41;0.69;176
64;114.7;18.08;0.69;177
64;114.09;20.06;0.69;178
64;113.72;17.87;0.69;179
64;115.59;19.36;0.69;180
64;113.53;17.45;0.69;181
64;112.38;17.21;0.69;182
64;110.51;16.79;0.69;183
65;14.57;14.36;36.69;105
65;15.92;14.22;39.15;106
65;16.67;14.34;36.69;107
65;15.93;14.6;36.69;108
65;14.08;14.73;39.22;109
65;15.44;15.48;36.69;110
65;16.76;15.13;39.01;111
65;20.12;15.67;36.69;112
65;21.78;16.06;36.69;113
65;21.9;16.31;39.69;114
65;22.7;16.22;39.69;115
65;23.14;16.07;36.69;116
65;21.29;15.3;36.69;117
65;21.69;15.16;36.69;118
65;24.54;17.28;36.69;119
65;25.1;18.96;36.69;120
65;24.98;21.36;39.69;121
65;25.81;21.55;36.69;122
65;26.7;21.96;36.69;123
65;25.59;21.26;39.69;124
65;26.05;21.61;36.69;125
65;25.97;21.15;36.69;126
65;25.05;20.99;36.69;127
65;24.84;20.5;36.69;128
65;23.71;20.3;39.04;129
65;23.61;20.18;38.99;130
65;23.64;20.2;39.02;131
65;24.31;20.07;38.89;132
65;25.3;20.13;36.29;133
65;25.22;20.03;36.22;134
65;25.35;19.59;38.46;135
65;25.45;19.28;38.39;136
65;25.73;18.12;37.22;137
65;25.98;17.45;37.02;138
65;26.58;16.43;35.44;139
65;27.04;16.26;35.42;140
65;26.85;15.87;36.31;141
65;27.71;14.82;33.59;142
65;29.04;13.9;30.32;143
65;28.97;14.31;30.05;144
65;29.76;14.51;27.83;145
65;30.1;14.57;27.58;146
65;30.38;14.25;24.95;147
65;30.7;14.41;24.91;148
65;30.77;14.73;24.65;149
65;30.92;14.47;24.33;150
65;31.1;13.78;24.13;151
65;30.7;13.16;24.12;152
65;30.34;12.48;24.04;153
65;30.36;11.69;22.11;154
65;30.21;11.05;22.03;155
65;30.12;10.86;21.86;156
65;30.34;10.36;21.78;157
65;30.47;10.19;21.68;158
65;30.45;9.86;21.62;159
65;30.73;9.29;21.48;160
65;30.74;9.04;21.5;161
65;30.69;9.24;21.46;162
65;30.67;9.38;21.43;163
65;31.09;9.19;21.36;164
65;31.58;9.1;21.24;165
65;31.78;8.51;19.91;166
65;31.64;7.95;18.34;167
65;31.66;7.76;17.99;168
65;31.32;7.29;17.65;169
65;30.67;6.99;17.32;170
65;30.16;6.54;16.96;171
65;30;6.13;16.68;172
65;29.87;6.2;16.4;173
65;29.51;6.37;16.12;174
65;29.08;6.5;16.03;175
65;28.44;6.26;14.15;176
65;28.2;6.13;14.06;177
65;27.92;6.06;13.95;178
65;27.06;5.55;12.19;179
65;26.6;5.43;11.94;180
65;26.38;5.62;11.91;181
65;26.09;5.31;11.57;182
65;25.73;4.7;10.92;183
66;5.47;45.5;18.69;106
66;5.4;45.5;18.69;107
66;5.4;45.5;18.69;108
66;5.64;45.9;21.69;109
66;3.53;48.04;18.69;110
66;2.27;48.15;18.69;111
66;1;48.58;15.69;112
67;1.14;35.75;2.96;107
67;2.66;35.75;2.94;108
67;3.43;34.25;2.98;109
67;4.11;33.25;0.72;110
67;4.24;32.75;2.26;111
67;5.12;32.25;4.75;112
67;5.31;32.75;7.25;113
67;3.53;32.75;9.54;114
67;2.72;32.25;9.47;115
67;2.7;32.25;11.62;116
67;2.73;32.25;11.96;117
67;2.57;31.75;9.61;118
67;2.57;31.75;10.33;119
67;2.4;31.75;11.06;120
67;1.82;31.75;10.83;121
67;1.31;32.25;11.2;122
68;11.88;0.25;32.05;110
68;12.86;0.25;31.75;111
68;14.25;1.25;32.45;112
68;15.46;1.75;31.42;113
68;16.98;2.75;31.92;114
68;16.98;2.75;31.92;115
68;18.9;4.25;32.26;116
68;22.61;4.75;32.79;117
68;23.74;5.25;33.02;118
68;24.67;4.25;31.51;119
68;25.07;4.75;32.08;120
68;25.47;5.25;32.65;121
68;27.38;5.75;31.34;122
68;27.99;6.25;30.47;123
68;28.93;7.25;29.93;124
68;29.17;7.25;28.46;125
68;30;7.75;27.63;126
68;30.53;8.25;28.02;127
68;31.74;8.75;26.25;128
68;31.85;9.25;25.76;129
68;32.46;9.75;25.67;130
68;32.86;10.25;25.51;131
68;33.43;9.75;23.8;132
68;33.43;10.25;21.92;133
68;34.05;9.75;22.09;134
68;34.69;8.75;20.62;135
68;36.35;8.75;20.81;136
68;36.97;8.25;20.97;137
68;37.96;5.75;22.3;138
68;37.25;4.75;22.92;139
68;36.91;4.25;22.31;140
68;36.84;5.25;22.81;141
68;36.9;4.75;24.15;142
68;37.23;3.75;23.98;143
68;37.07;2.25;22.38;144
68;36.5;0.25;20.7;145
68;37.25;0.25;21.42;146
68;37.83;0.25;22.36;147
68;37.94;0.25;22.91;148
68;37.72;0.25;23.91;149
68;37.67;0.25;24.68;150
68;37.3;0.25;22.76;151
68;38.25;0.25;24.55;152
69;74.93;102.45;9.69;114
69;74.35;101.56;12.69;115
69;74.75;101.87;9.69;116
69;74.86;101.51;9.69;117
69;74.72;101.7;9.69;118
69;75;102.35;9.69;119
69;74.62;102.67;9.69;120
69;73.69;100.07;12.69;121
69;73.04;99.17;12.69;122
69;73.07;98.33;12.69;123
69;72.72;97.21;12.69;124
69;72.46;96.25;9.69;125
69;72.21;95.78;9.69;126
69;72.12;95.71;9.69;127
69;71.86;95.67;9.69;128
69;70.9;96;9.69;129
69;70.57;96.06;9.69;130
69;70.64;96.37;6.69;131
69;70.05;95.91;3.69;132
69;69.85;95.77;3.69;133
69;69.13;96.15;3.69;134
69;68.41;95.79;6.69;135
69;68.27;96.73;3.69;136
69;68.42;97.15;3.69;137
69;68.28;97.35;3.69;138
69;67.82;97.44;6.69;139
69;67.36;98.29;6.69;140
69;67.21;98.92;6.69;141
69;66.94;99.85;3.69;142
69;67.12;100.44;3.69;143
69;67.2;100.95;3.69;144
69;67.12;102.11;3.69;145
69;67.05;102.21;3.69;146
69;66.13;102.89;6.69;147
69;66.41;103.11;3.69;148
69;66.87;104.36;3.69;149
69;66.24;105.21;6.69;150
69;65.92;105.87;6.69;151
69;65.11;105.56;6.69;152
69;65.2;105.63;6.69;153
69;64.99;105.92;6.69;154
69;65.17;106.5;6.69;155
69;65.17;106.5;6.69;156
70;3.16;81.37;28.37;115
70;5.16;82.38;39.38;116
70;6.16;81.99;38.1;117
70;6.16;81.44;37.59;118
70;6.16;79.92;39.03;119
70;3.66;81.22;38.47;120
70;2.66;80.64;38.71;121
70;2.16;80.05;37.65;122
70;2.16;80.05;37.65;123
70;3.16;80.08;39.62;124
70;2.66;79.6;37.15;125
70;3.66;79.45;38.55;126
70;3.16;79.52;37.84;127
71;0.48;93.75;10.11;119
71;0.61;94.25;7.09;120
71;1.06;93.75;9.22;121
71;0.95;92.75;7.93;122
71;0.89;92.25;7.22;123
71;0.74;91.75;5.3;124
71;0.55;91.25;2.95;125
71;0.89;90.25;3.61;126
71;0.89;90.25;3.61;127
71;1.09;91.25;2.88;128
71;1.22;91.25;3;129
71;1.83;91.25;3.21;130
71;2.03;91.25;2.63;131
71;1.6;90.75;2;132
71;1.27;91.25;0.91;133
71;0.62;90.75;0.86;134
71;0.87;89.25;3.36;135
71;1.3;89.25;3.59;136
71;1.63;89.25;4.1;137
71;2.54;89.75;3.84;138
71;1.49;94.25;0.89;139
71;1.91;94.75;1.13;140
71;2.23;94.25;4.49;141
71;2.96;94.75;3.88;142
71;2.39;95.25;4.88;143
71;3.77;96.25;3;144
71;2.9;96.25;3.9;145
71;2.77;97.25;4.6;146
71;3.33;98.25;4.43;147
71;4.63;99.25;6.29;148
71;5.69;99.25;7.46;149
71;6.49;98.75;7.24;150
71;5.99;98.75;6.78;151
71;6.9;98.75;7.07;152
71;6.9;98.75;7.07;153
71;7.03;98.75;7.19;154
71;7.27;98.75;7.42;155
71;7.13;99.25;6.93;156
71;7.73;99.25;6.74;157
71;8.83;98.75;7;158
71;8.97;98.25;7.49;159
71;10.54;98.25;7.84;160
71;11.32;98.25;7.63;161
71;11.32;98.25;7.63;162
71;11.4;97.25;6.7;163
71;11.47;96.75;6.94;164
71;11.12;96.25;6.97;165
71;9.99;95.75;6.82;166
71;9.46;95.25;6.88;167
71;7.97;95.25;6.78;168
71;8.6;96.25;6.85;169
71;8.36;96.25;7.39;170
71;7.87;96.25;9.35;171
71;7.6;97.25;9.51;172
71;7.6;97.25;9.51;173
71;7.25;97.25;9.92;174
71;7.08;97.25;9.94;175
71;7.08;97.25;9.94;176
71;6.93;97.75;9.46;177
71;6.93;97.75;9.46;178
71;6.16;97.75;9.29;179
71;6.18;97.25;9.66;180
71;5.88;96.25;10.06;181
71;4.66;93.62;9.03;182
71;3.66;91.56;9.52;183
72;181.1;105.25;39.62;125
72;182.16;104.11;39.09;126
72;183.16;104.13;38.76;127
72;183.19;105.75;39.19;128
72;178.16;104.71;38.91;129
72;179.16;105.32;36.32;130
72;179.16;105.9;35.31;131
72;179.66;106.11;34.29;132
72;179.66;105.47;35.27;133
72;179.66;105.22;34.98;134
72;180.16;105.32;33.45;135
72;180.66;105.34;32.78;136
72;181.66;105.7;31.3;137
72;181.66;105.54;31.01;138
72;181.66;105.32;30.65;139
72;183.16;105.54;28.21;140
72;183.16;105.18;26.46;141
72;183.66;105.46;26.28;142
72;185.66;104.34;21.54;143
72;186.66;103.03;18.8;144
72;185.66;102.35;19.07;145
72;184.66;102.56;18.87;146
72;183.66;102.83;18.33;147
72;183.66;103.2;17.69;148
72;184.16;103.5;16.22;149
72;184.16;103.56;16.16;150
72;183.66;103.33;15.72;151
72;183.16;102.88;14.99;152
72;183.16;102.59;12.93;153
72;180.66;101.99;12.92;154
72;180.16;101.9;12.42;155
72;179.66;101.82;12.46;156
72;179.66;101.92;11.16;157
72;178.66;101.84;11.33;158
72;177.66;102.17;11.22;159
72;176.66;102.92;10.13;160
72;176.16;103.34;9.26;161
72;175.66;103.25;10.46;162
72;176.66;103.21;9.75;163
72;176.66;103.2;10.19;164
72;177.16;103.94;8.87;165
72;177.16;103.94;8.87;166
72;177.16;104.47;7.96;167
72;176.66;104.29;9.65;168
72;176.16;103.91;9.62;169
72;176.16;103.92;9.16;170
72;176.16;103.93;8.93;171
72;176.16;103.93;8.93;172
72;176.66;103.57;8.59;173
72;176.66;102.99;9.81;174
72;177.16;102.49;8.99;175
72;178.16;102.23;9.94;176
72;179.66;102.71;11.61;177
72;181.66;102.69;12.27;178
72;182.66;103.24;11.3;179
72;184.66;104.29;9.59;180
72;186.66;104.56;11.18;181
72;188.16;104.99;11.15;182
72;188.16;105;11.3;183
73;0.66;74.1;4.39;126
73;1.06;73.25;5.54;127
73;0.85;73.75;4.91;128
73;1.38;71.75;3.42;129
73;1.38;71.75;3.42;130
73;1.38;71.75;3.42;131
73;1.76;71.25;4.63;132
73;2.38;70.75;6.07;133
73;2.55;70.75;4.31;134
73;3.74;70.25;5.4;135
73;5.06;69.75;5.45;136
73;5.54;71.25;3.65;137
73;6.26;71.25;4.42;138
73;6.51;72.25;3.19;139
73;6.98;71.75;3.94;140
73;7.59;72.25;3.33;141
73;7.77;71.75;3.97;142
73;7.77;71.75;3.97;143
73;7.77;71.75;3.97;144
73;8.94;70.75;5.72;145
73;9.56;70.75;5.77;146
73;10.33;70.25;5.03;147
73;11.23;71.25;5.31;148
73;10.9;72.25;5.48;149
73;10.74;72.75;4.85;150
73;10.41;73.75;3.59;151
73;10.24;74.25;2.96;152
73;10.89;75.25;3.17;153
73;10.98;75.75;3.24;154
73;9.44;76.25;2.81;155
73;9.14;75.75;4.35;156
73;8.36;76.25;4.11;157
73;8.36;76.25;4.11;158
73;8.36;76.25;4.11;159
73;7.89;76.25;5.02;160
73;7.52;76.75;5.01;161
73;8.45;76.75;7.94;162
73;8.28;77.25;7.35;163
73;8.28;77.25;7.35;164
73;8.45;76.75;7.94;165
73;8.62;76.25;8.53;166
73;8.62;76.25;8.53;167
73;8.62;76.25;8.53;168
73;5.66;75.51;0.93;169
73;5.16;75.3;1.44;170
73;6.16;74.53;3.41;171
73;8.16;73.72;1.23;172
73;8.66;74.44;2.12;173
73;7.16;74;1.91;174
73;6.66;73.99;1.29;175
73;5.66;73.1;0.9;176
73;3.66;72.28;0.98;177
73;3.16;72.28;1.39;178
73;3.16;71.96;1.39;179
73;2.66;71.86;1.28;180
73;2.16;71.93;1.22;181
73;2.66;72.69;1.18;182
73;1.66;72.97;2.1;183
74;151.71;88.75;21.79;130
74;150.78;90.75;20.76;131
74;152.4;89.25;21.14;132
74;152.79;89.75;22.22;133
74;156.64;87.25;22.66;134
74;157.39;87.75;21.99;135
75;83.71;43.75;38.71;137
75;83.68;43.25;39.41;138
75;83.77;43.25;39.03;139
75;83.29;43.25;38.14;140
75;82.07;42.75;38.92;141
75;81.43;42.75;39.16;142
75;79.74;42.75;38.34;143
75;79.27;43.25;38.17;144
75;77.39;41.75;39.19;145
75;77.45;41.75;37.66;146
75;75.63;40.25;39.11;147
75;74.32;39.75;36.01;148
75;73.58;39.75;34.64;149
75;73.58;39.25;34.16;150
75;73.11;38.75;31.16;151
75;71.82;37.75;28.66;152
75;71.82;37.75;28.66;153
75;71.82;37.75;28.66;154
75;71.82;37.75;28.66;155
75;72.1;37.25;27.91;156
75;73.43;38.25;20.87;157
75;71.86;35.25;21.91;158
75;71.86;35.25;21.91;159
75;71.91;34.75;22.84;160
75;72.38;34.25;21.8;161
75;72.14;34.25;20.71;162
75;72.56;34.75;18.3;163
75;72.5;35.25;17.38;164
75;73.95;34.25;16.64;165
75;73.06;34.25;17.11;166
75;72.62;34.25;17.34;167
75;72.72;34.25;16.65;168
75;67.32;37.25;19.91;169
75;67.75;37.25;19.7;170
75;67.86;37.75;19.35;171
75;67.37;37.75;20.15;172
75;66.12;37.75;19.04;173
75;65.97;38.25;19.96;174
75;65.97;38.25;19.96;175
75;65.69;37.75;22.08;176
75;64.36;38.25;21.29;177
75;63.89;38.75;19.53;178
75;63.4;38.75;16.88;179
75;62.26;35.75;19.23;180
75;61.2;35.25;17.58;181
75;61.23;35.75;15.95;182
75;61.44;36.25;13.57;183
76;106.35;106.75;22.19;143
76;107.8;106.75;20.02;144
76;107.8;106.75;20.02;145
76;106.56;104.25;21.99;146
76;105.84;103.75;21.86;147
76;105.66;103.25;21.43;148
76;105.66;103.25;21.43;149
76;105.59;102.25;22.62;150
76;104.4;101.75;25.22;151
76;103.33;95.25;26.99;152
76;102.46;93.25;26.96;153
76;101.87;93.25;25.15;154
76;101.03;92.75;24.26;155
76;100.39;91.75;25.35;156
76;100.22;91.25;25.38;157
76;100.02;90.75;24.26;158
76;100.16;91.25;22.94;159
76;101.3;89.75;19.4;160
76;103.18;88.75;19.28;161
76;103.37;89.25;18.6;162
76;103.61;88.75;18.59;163
76;106.24;89.25;15.79;164
76;106.24;89.25;15.79;165
76;107.19;89.25;15.64;166
76;107.3;89.25;15.06;167
76;107.37;89.75;13.87;168
76;107.66;90.75;14.28;169
76;107.89;91.25;13.58;170
76;108.11;91.75;12.87;171
76;108.13;91.25;11.96;172
76;108.67;91.75;12.35;173
76;109.8;92.25;11.95;174
76;112.07;92.75;9.8;175
76;115.38;92.75;9.66;176
76;115.66;93.25;8.94;177
76;116.43;93.25;8.9;178
76;118.25;93.25;8.83;179
76;120.96;93.25;8.84;180
76;122.5;93.25;8.19;181
76;124.84;93.75;6.63;182
76;125.47;94.25;10.06;183
77;65.66;59.52;37.93;143
77;64.16;59.26;38.48;144
77;62.66;58.89;37.79;145
77;62.66;59.03;39.3;146
77;62.66;58.11;39.07;147
77;62.16;56.86;37.22;148
77;62.16;56.8;39.33;149
77;62.16;56.8;39.33;150
77;61.16;56.25;39.24;151
77;61.66;55.19;38.95;152
77;62.16;54.66;38.91;153
77;62.66;53.77;39.62;154
77;63.16;53.59;38.66;155
77;62.66;52.85;38.69;156
77;62.66;51.97;39.37;157
77;61.66;51.5;39.62;158
77;61.66;51.4;39.67;159
77;61.66;51.09;39.12;160
77;61.66;51.09;39.12;161
77;61.66;50.26;39.23;162
77;61.66;50.12;38.76;163
77;62.16;48.35;39.44;164
77;61.66;48.28;39.29;165
77;62.16;48.02;38.89;166
77;63.16;47.28;38.79;167
77;64.16;47.34;39.17;168
77;64.16;45.34;39.59;169
77;65.16;45.41;38.86;170
77;66.66;46.45;39.1;171
77;66.66;46.73;38.77;172
77;67.66;46.41;39.21;173
78;163.88;50.75;39.36;146
78;162.83;50.25;39.41;147
78;163.16;51.09;38.03;148
78;163.16;51.09;38.03;149
78;162.16;51.18;38.18;150
78;161.66;51.94;37.53;151
78;161.66;51.94;37.53;152
78;162.16;54.08;32.74;153
78;161.16;54.06;37.39;154
78;160.93;54.75;37.28;155
78;160.2;55.75;36.14;156
78;159.99;55.75;36.44;157
78;160.66;56.25;34.75;158
78;159.74;55.25;39.51;159
78;161.24;54.75;36.18;160
78;162.16;54.07;37.58;161
78;161.66;53.45;37.85;162
78;161.66;53.45;37.85;163
78;162.16;52.98;38.1;164
78;163.16;53.16;36.68;165
78;163.66;53.09;35.49;166
78;164.16;53.23;33.57;167
78;164.66;52.74;33.9;168
78;165.16;52.09;33.02;169
78;165.66;51.05;33.6;170
78;166.16;50.28;32.41;171
78;166.16;50.1;31.21;172
78;166.16;49.36;32.19;173
78;167.16;49.06;30.57;174
78;168.16;48.99;31.52;175
78;170.16;49.1;31.72;176
78;170.16;48.93;32.37;177
78;171.66;49.32;31.18;178
78;171.66;49.03;34.1;179
78;171.66;49.11;35.28;180
78;171.16;49.34;39.36;181
78;171.16;49.34;39.36;182
78;173.66;48.89;39.67;183
79;118.79;105.47;36.69;147
79;118.84;105.58;36.69;148
79;118.16;106.66;37.97;149
79;117.16;105.52;38.87;150
79;117.16;106.48;35.5;151
79;116.16;105.25;38.68;152
79;115.36;104.75;38.85;153
79;115.66;103.08;36.92;154
79;116.16;102.71;33.75;155
79;117.44;102.25;30.59;156
79;117.44;102.25;30.59;157
79;116.91;102.75;29.76;158
79;116.11;103.25;27.81;159
79;114.23;103.25;27.08;160
79;113.94;103.25;26.1;161
79;113.29;102.25;27.17;162
79;110.83;102.25;27.28;163
79;110.86;101.25;28.12;164
79;112.2;99.25;29.34;165
79;112.75;98.25;29.7;166
79;112.41;97.75;30.25;167
79;110.71;98.25;31.16;168
79;110.13;97.75;32.95;169
79;110.03;97.75;33.98;170
79;110.28;97.75;35.03;171
79;110.08;98.75;34;172
79;109.95;98.75;34.04;173
79;106.55;95.75;34.19;174
79;106.55;95.25;33.91;175
79;106.29;94.75;33.86;176
79;106.06;94.25;33.53;177
79;105.77;93.75;33.79;178
79;105.86;94.75;32.01;179
79;104.69;94.75;30.41;180
79;105.17;94.25;31.56;181
79;105.17;94.25;31.56;182
79;106.25;90.75;31.5;183
80;79;106.75;3.7;148
80;78.39;106.75;4.32;149
80;77.7;106.75;4.86;150
80;76.53;106.75;5.66;151
80;76.27;106.75;5.1;152
80;75.91;106.75;4.14;153
80;75.49;106.75;6.03;154
80;75.45;105.75;4.77;155
80;74.86;105.75;4.53;156
80;73.29;105.75;4.7;157
80;72.41;105.25;4.36;158
80;70.78;102.2;3.69;159
80;70.87;102.13;3.69;160
80;70.36;101.97;0.69;161
80;70.25;101.89;3.69;162
80;69.24;101.67;0.69;163
80;68.85;101.54;0.69;164
80;68.66;100.78;0.69;165
80;68.15;99.82;0.69;166
80;67.4;98.91;0.69;167
80;67.66;98.84;3.18;168
80;67.16;98.36;2.41;169
80;66.16;96.98;3.49;170
80;66.16;95.39;5.86;171
80;67.16;94.89;2.4;172
80;66.66;94.6;5.1;173
80;66.66;93.82;4.03;174
80;66.16;93.44;4.87;175
80;65.66;92.36;8.53;176
80;65.16;91.99;10.38;177
80;65.16;91.84;10.32;178
80;65.16;91.48;9.69;179
80;65.66;88.06;9.7;180
80;65.16;87.33;10.15;181
80;64.66;87.64;10.26;182
80;65.66;85.35;12.37;183
81;13.92;8.25;39.4;155
81;14.05;8.75;38.98;156
81;16.37;9.25;39.49;157
81;17.66;9.25;39.02;158
81;19.29;8.25;39.59;159
81;20.58;7.25;39.35;160
81;21.29;6.25;39.07;161
81;22.56;5.25;39.14;162
81;23.56;4.75;39.64;163
81;25.1;4.75;38.89;164
81;27.24;4.25;39.04;165
81;28.93;3.75;39.32;166
81;30.13;3.75;39.38;167
81;31.73;3.75;39.45;168
81;34.93;2.25;39.6;169
81;35.76;1.75;39.63;170
81;36.5;0.25;38.76;171
81;37.19;0.25;36.16;172
81;38.39;0.25;34.27;173
81;39.06;0.25;36.03;174
82;102.66;95.97;39.25;158
82;102.66;94.45;38.86;159
82;102.35;94.25;36.69;160
82;101.48;92.75;38.28;161
82;101.44;91.75;37.94;162
82;101.63;90.25;37.02;163
82;101.33;89.75;36.22;164
82;101.08;89.25;36.08;165
82;101.27;88.75;34.65;166
82;101.85;87.75;33.52;167
82;102.24;87.25;33.69;168
82;102.84;86.75;34.06;169
82;103.24;86.75;33.47;170
82;105.54;87.25;31.46;171
82;108.12;85.75;30.36;172
82;109.21;85.75;29.3;173
82;109.8;85.25;29.83;174
82;111.07;85.25;30.2;175
82;111.83;84.75;30.36;176
82;113.82;84.25;30.47;177
82;115.33;83.75;31.21;178
82;116.64;83.75;31.42;179
82;116.97;83.75;30.98;180
82;115.33;84.25;29.53;181
82;118.16;84.06;29.36;182
82;117.66;84.59;30.03;183
83;42.89;38.75;38.37;159
83;41.98;37.75;38.75;160
83;42.53;37.25;39;161
83;39.89;36.25;38.71;162
83;36.66;35.6;38.61;163
83;36.66;35.6;38.61;164
83;34.66;35.85;39.49;165
83;34.66;35.85;39.49;166
83;33.16;38.01;39.07;167
83;32.66;38.5;37.38;168
83;30.66;39.71;37.94;169
83;30.66;39.71;37.94;170
83;27.13;41.25;37.6;171
83;24.68;42.75;34.51;172
83;24.69;43.75;30.89;173
83;23.95;44.75;31.6;174
83;24.11;45.75;28.85;175
83;21.78;47.25;29.68;176
83;20.42;48.25;28.88;177
83;19.59;49.75;27.63;178
83;17.31;52.75;26.77;179
83;15.66;57.25;24.48;180
83;15.31;57.75;24.85;181
83;14.4;59.75;24;182
83;11.12;61.25;25.69;183
84;0.64;42.75;6.35;161
84;1.35;42.75;5.99;162
84;3.44;43.25;3.58;163
84;4.94;42.75;4.14;164
84;2.83;43.75;4.23;165
84;3.03;43.75;4.86;166
84;3.56;42.75;3.65;167
84;2.4;42.25;5.09;168
84;2.27;41.75;5.28;169
84;2.28;42.25;2.79;170
84;2.16;41.75;3.68;171
84;2.12;41.25;3.83;172
84;1.78;40.25;4.92;173
84;1.05;41.25;3.66;174
84;0.82;41.25;5.18;175
84;1;41.25;1.63;176
84;1.13;41.25;2.02;177
84;0.96;41.25;1.2;178
85;73.13;105.75;38.72;162
85;72.64;104.75;38.46;163
85;72.78;102.75;39.5;164
85;71.62;100.25;39.56;165
85;71.62;100.25;39.56;166
85;73.12;100.25;39.25;167
85;73.04;99.25;39.36;168
85;72.6;97.75;39.57;169
85;72.31;97.25;39.39;170
85;72.08;96.25;38.29;171
85;72.43;97.25;35.91;172
85;70.08;94.25;39.61;173
85;68.27;93.25;39.39;174
85;68.2;92.25;39.54;175
85;68.25;92.25;39.27;176
85;68.25;92.25;39.27;177
85;67.82;92.25;39.39;178
85;67.27;92.25;39.18;179
85;68.46;89.25;39.63;180
85;68.79;88.75;37.37;181
85;68.92;89.75;34.84;182
85;68.35;86.75;34.04;183
86;15.79;33.26;36.69;169
86;14.53;32.52;39.13;170
86;13.7;32.75;38.19;171
86;13.7;32.75;38.19;172
86;14.13;32.25;38.09;173
86;14.94;33.25;38.78;174
86;14.94;33.25;38.78;175
86;14.79;33.75;38.05;176
86;15.44;34.25;38.18;177
86;17.62;34.25;38.51;178
86;18.84;34.25;38.65;179
86;18.84;34.25;38.65;180
86;17.56;35.25;39.03;181
86;17.28;36.75;39.3;182
86;17.76;38.75;38.44;183
87;179.16;106.4;35.67;173
87;180.66;106.73;37.88;174
87;181.16;106.53;36.27;175
88;62.1;31.75;39.56;175
88;62.65;30.75;38.48;176
88;63.64;31.25;39.64;177
88;64.12;30.75;39.41;178
88;64.66;32.01;39.67;179
88;64.37;31.25;39.4;180
88;64.44;33.25;37;181
88;65.16;32.53;39.61;182
88;63.78;32.75;39.24;183
89;69.52;11.11;39.04;176
89;68.66;11.47;39.51;177
89;68.66;11.47;39.51;178
89;68.66;11.36;39.36;179
89;68.66;11.36;39.36;180
89;68.16;11.74;38.63;181
89;67.16;12.18;39.66;182
89;63.66;13.09;35.11;183
