LTDB013_a;1.15;1.15;4;15
0;0;1;0;0
1;82.87;566.09;23.35;1
1;86.78;568.39;23.43;2
1;86.78;568.39;23.43;3
1;85.96;569.54;20.38;4
1;85.25;570.69;23.51;5
1;84.43;571.84;20.49;6
1;82.09;571.84;20.49;7
1;82.14;570.69;23.51;8
1;81.17;572.99;25.62;9
1;80.64;575.29;23.68;10
1;81.46;574.14;26.66;11
1;81.46;574.14;26.66;12
1;81.73;572.99;27.63;13
1;80.38;570.69;25.55;14
1;76.6;571.84;28.61;15
1;79.7;574.14;28.66;16
1;78.87;575.29;25.69;17
1;79.14;574.14;26.66;18
1;79.14;574.14;26.66;19
1;79.14;574.14;26.66;20
1;79.41;572.99;27.63;21
1;77.53;575.29;23.68;22
1;77.95;574.14;30.65;23
1;77.8;574.14;24.65;24
1;77.8;574.14;24.65;25
1;78.52;575.29;21.66;26
1;80.13;574.14;24.65;27
1;79.3;575.29;21.66;28
1;80.13;574.14;24.65;29
1;80.13;574.14;24.65;30
1;78.58;574.14;24.65;31
1;77.44;574.14;20.59;32
1;79.9;571.84;26.6;33
1;79.54;571.84;22.54;34
1;80.75;571.84;18.43;35
1;80.44;570.69;17.33;36
1;77.83;571.84;16.36;37
1;76.57;572.99;17.46;38
1;76.57;572.99;17.46;39
1;76.57;572.99;17.46;40
1;76.57;572.99;17.46;41
1;76.57;572.99;17.46;42
1;77.44;574.14;20.59;43
1;77.44;574.14;20.59;44
1;77.44;574.14;20.59;45
1;79.14;574.14;26.66;46
1;79.14;574.14;26.66;47
1;78.31;575.29;23.68;48
1;77.47;576.44;20.7;49
1;77.47;576.44;20.7;50
1;77.47;576.44;20.7;51
1;76.3;574.14;16.5;52
1;76.3;574.14;16.5;53
1;76.57;572.99;17.46;54
1;76.3;574.14;16.5;55
1;75.55;576.44;16.64;56
1;75.55;576.44;16.64;57
1;75.07;577.59;17.72;58
1;75.13;576.44;20.7;59
1;73.55;576.07;19.93;60
1;73.55;576.07;19.93;61
1;73.33;575.71;17.19;62
1;74.13;575.94;17.19;63
1;75.27;575.72;13.19;64
1;75.98;575.6;13.19;65
1;78.11;575.36;13.19;66
1;78.7;575.12;13.19;67
1;79.97;575.37;17.19;68
1;81.31;579.74;13.19;69
1;82.26;580.1;13.19;70
1;78.02;576.05;17.19;71
1;77.68;575.37;17.19;72
1;77.68;575.37;17.19;73
1;76.42;575.02;17.19;74
1;76.65;574.91;17.19;75
1;76.65;574.91;17.19;76
1;76.65;575.02;17.19;77
1;76.19;575.71;17.19;78
1;76.19;575.82;17.19;79
1;75.62;576.05;17.19;80
1;74.24;575.25;17.19;81
1;75.46;575.14;21.19;82
1;74.47;574.22;17.19;83
1;75.02;574.04;21.19;84
1;74.24;574.45;17.19;85
1;75.96;575.48;17.19;86
1;75.96;575.48;17.19;87
1;77.23;574.48;21.19;88
1;76.68;573.93;21.19;89
1;76.68;573.93;21.19;90
1;77.23;573.93;21.19;91
1;75.24;573.05;21.19;92
1;74.02;573.08;17.19;93
1;73.33;573.76;17.19;94
1;73.33;574.11;17.19;95
1;73.33;573.76;17.19;96
1;73.33;573.54;17.19;97
1;73.33;573.19;17.19;98
1;73.21;573.08;17.19;99
1;73.21;573.54;17.19;100
1;73.9;573.65;17.19;101
1;74.13;573.54;17.19;102
1;73.02;574.06;13.19;103
1;72.54;574.65;13.19;104
1;71.25;575.23;13.63;105
1;71.25;576.55;18.99;106
1;70.1;575.75;12.16;107
1;71.25;575.63;15.99;108
1;71.25;574.93;16.37;109
1;71.25;574.8;16.75;110
1;70.1;574.83;15.64;111
1;70.1;574.82;16.01;112
1;70.1;574.69;16.75;113
1;70.1;574.11;17.12;114
1;70.1;573.74;18.56;115
1;70.1;573.29;18.56;116
1;70.1;572.85;16.38;117
1;70.1;572.85;16.38;118
1;71.25;572.5;18.63;119
1;71.25;572.28;16.37;120
2;70.1;550.1;11.76;1
2;70.1;550.46;11.76;2
2;68.95;550.18;9.55;3
2;68.95;550.54;11.53;4
2;68.95;551.36;13.45;5
2;68.95;552.26;14.57;6
2;67.8;551.57;10.55;7
2;67.8;551.7;11.31;8
2;64.35;550.8;7.49;9
2;65.5;550.87;12.69;10
2;65.5;550.68;11.63;11
2;65.5;550.68;11.63;12
2;66.65;550.26;13.29;13
2;67.8;551.33;14.64;14
2;66.65;551.77;8.08;15
2;67.8;553.55;16.75;16
2;67.8;551.13;12.81;17
2;68.95;550.41;13.45;18
2;68.95;549.16;13.07;19
2;67.8;547.55;14.99;20
2;68.95;547.61;15.31;21
2;70.1;546.47;12.16;22
2;72.4;547.17;17.54;23
2;72.78;546.22;13.19;24
2;73.85;547.28;13.19;25
2;73.73;547.99;13.19;26
2;71.42;548.52;9.19;27
2;70.1;550.82;11.76;28
2;72.4;550.26;15.16;29
2;70.8;549.13;9.19;30
2;73.26;547.64;13.19;31
2;74.68;547.52;13.19;32
2;76.34;546.69;13.19;33
2;77.05;546.69;13.19;34
2;74.72;545.71;9.19;35
2;73.01;546.2;9.19;36
2;71.91;547.54;9.19;37
2;70.8;547.05;9.19;38
2;70.1;546.88;10.13;39
2;68.95;546.81;10.35;40
2;68.95;547.14;13.07;41
2;70.1;546.24;10.54;42
2;71.17;546.56;9.19;43
2;71.78;547.17;9.19;44
2;72.15;547.3;9.19;45
2;72.9;548.59;13.19;46
2;72.52;547.79;9.19;47
2;73.5;547.79;9.19;48
2;73.5;548.03;9.19;49
2;73.01;548.28;9.19;50
2;72.64;548.64;9.19;51
2;71.68;547.87;5.19;52
2;72.76;548.64;9.19;53
2;71.68;547.87;5.19;54
2;71.3;547.87;5.19;55
2;71.3;546.99;5.19;56
2;71.25;545.93;1.19;57
2;71.25;545.8;1.19;58
2;69.68;545.67;1.19;59
2;67.8;546.38;2.77;60
2;67.8;546.46;3.21;61
2;66.65;544.75;2.38;62
2;67.8;544.6;6.99;63
2;66.65;543.5;4.89;64
2;68.95;544.77;9.95;65
2;68.95;545.63;9.95;66
2;71.25;547.78;14.43;67
2;72.54;547.64;13.19;68
2;70.8;546.93;9.19;69
2;71.25;547.22;11.17;70
2;71.25;547.22;11.17;71
2;71.78;546.2;9.19;72
2;71.42;545.95;9.19;73
2;71.25;546.14;12.82;74
2;72.4;547.09;17.15;75
2;71.25;546.67;12;76
2;73.26;546.57;13.19;77
2;73.26;546.57;13.19;78
2;71.42;544.73;9.19;79
2;73.5;543.87;9.19;80
2;73.5;543.87;9.19;81
2;73.99;544.48;9.19;82
2;73.38;544.48;9.19;83
2;72.27;544.48;9.19;84
2;72.15;544.48;9.19;85
2;73.14;545.39;13.19;86
2;72.03;544.48;9.19;87
2;71.78;543.99;9.19;88
2;71.17;543.01;9.19;89
2;70.1;542.01;7.61;90
2;70.1;541.6;8.46;91
2;68.95;541.42;3.63;92
2;69.78;542.69;5.19;93
2;70.1;543.28;7.17;94
2;70.1;544.26;9.3;95
2;70.1;544.03;10.95;96
2;69.91;542.56;5.19;97
2;71.05;543.75;9.19;98
2;71.95;544.44;13.19;99
2;70.93;543.38;9.19;100
2;72.15;543.75;9.19;101
2;73.01;543.87;9.19;102
2;73.5;543.87;9.19;103
2;73.5;543.62;9.19;104
2;73.5;543.87;9.19;105
2;72.69;543.45;5.19;106
2;72.69;544.33;5.19;107
2;71.93;545.09;5.19;108
2;72.52;546.32;9.19;109
2;73.5;546.32;9.19;110
2;73.62;546.07;9.19;111
2;72.4;546.44;9.19;112
2;70.1;547.36;8.88;113
2;70.1;547.69;9.3;114
2;70.1;547.69;9.3;115
2;70.1;547.69;9.3;116
2;68.95;547.08;7.5;117
2;68.95;546.91;7.91;118
2;68.95;546.17;7.91;119
2;70.1;546.14;11.76;120
3;108.78;556.85;9.19;1
3;108.78;556.73;9.19;2
3;108.78;556.73;9.19;3
3;108.9;556.73;9.19;4
3;109.39;558.3;13.19;5
3;110.37;560.04;9.19;6
3;110.74;562;9.19;7
3;111.16;562.92;13.19;8
3;110.98;563.24;17.19;9
3;110.22;563.75;13.19;10
3;108.56;564.34;13.19;11
3;108.04;565.92;9.19;12
3;108.56;567.66;13.19;13
3;108.65;567.51;9.19;14
3;108.9;568;9.19;15
3;108.78;568.36;9.19;16
3;108.16;568.73;9.19;17
3;107.8;568.24;9.19;18
3;107.8;567.51;9.19;19
3;106.69;566.41;9.19;20
3;106.66;565.05;13.19;21
3;108.04;564.45;9.19;22
3;108.04;563.96;9.19;23
3;107.18;563.34;9.19;24
3;107.18;562.85;9.19;25
3;107.18;562;9.19;26
3;107.55;562.36;9.19;27
3;107.31;563.47;9.19;28
3;108.78;562.85;9.19;29
3;109.27;562.36;9.19;30
3;109.27;562.36;9.19;31
3;109.27;562.36;9.19;32
3;109.27;562.36;9.19;33
3;109.27;562.36;9.19;34
3;109.39;562.36;9.19;35
3;109.51;561.92;5.19;36
3;109.51;561.03;5.19;37
3;109.02;560.89;9.19;38
3;108.87;560.4;5.19;39
3;108.32;559.24;1.19;40
3;108.32;559.11;1.19;41
3;107.8;558.33;1.19;42
3;107.23;557.61;5.19;43
3;106.62;556.63;1.19;44
3;104.7;556.73;5.19;45
3;104.19;555.84;5.19;46
3;104.53;554.54;1.19;47
3;104.19;554.96;5.19;48
3;104.4;553.89;1.19;49
3;105.47;555.14;9.19;50
3;105.71;556.24;9.19;51
3;105.71;556.48;9.19;52
3;105.71;556.6;5.19;53
3;104.19;554.83;5.19;54
3;103.75;554.89;9.19;55
3;104.49;554.89;9.19;56
3;105.1;555.63;9.19;57
3;105.96;554.2;5.19;58
3;104.61;554.03;9.19;59
3;104.37;554.16;9.19;60
3;103.14;554.03;9.19;61
3;103.39;554.77;9.19;62
3;104.49;554.77;9.19;63
3;104.73;554.4;9.19;64
3;104.61;554.4;9.19;65
3;104.24;554.89;9.19;66
3;104.37;554.65;9.19;67
3;104.37;554.65;9.19;68
3;104.37;554.52;9.19;69
3;104.37;554.52;9.19;70
3;104.37;554.52;9.19;71
3;103.39;554.65;9.19;72
3;103.26;553.18;9.19;73
3;103.02;552.44;9.19;74
3;102.04;552.32;9.19;75
3;101.79;552.69;9.19;76
3;100.57;554.4;9.19;77
3;100.08;555.14;9.19;78
3;100.08;555.14;9.19;79
3;99.96;554.52;9.19;80
3;99.96;554.03;9.19;81
3;99.77;552.81;5.19;82
3;98.37;552.05;5.19;83
3;96.86;551.16;5.19;84
3;96.48;551.16;5.19;85
3;96.86;551.92;5.19;86
3;96.57;551.28;1.19;87
3;96.86;552.3;5.19;88
3;96.6;553.06;5.19;89
3;97.36;553.44;5.19;90
3;96.96;553.89;1.19;91
3;93.57;556.22;5.19;92
3;92.43;557.49;5.19;93
3;96.05;557.67;1.19;94
3;96.44;557.28;1.19;95
3;96.05;557.28;1.19;96
3;96.6;557.23;5.19;97
3;96.6;556.35;5.19;98
3;96.6;556.1;5.19;99
3;96.6;555.97;5.19;100
3;96.53;556.48;9.19;101
3;96.53;556.48;9.19;102
3;96.53;556.48;9.19;103
3;96.53;556.36;9.19;104
3;96.4;556.73;9.19;105
3;95.79;557.34;9.19;106
3;96.89;556.73;9.19;107
3;97.63;555.26;9.19;108
3;97.14;555.14;9.19;109
3;96.4;554.16;9.19;110
3;96.4;553.79;9.19;111
3;96.65;553.42;9.19;112
3;95.55;553.18;9.19;113
3;95.55;553.18;9.19;114
3;95.91;552.81;9.19;115
3;96.53;552.44;9.19;116
3;95.91;551.58;9.19;117
3;95.91;551.46;9.19;118
3;95.3;551.58;9.19;119
3;95.55;549.75;9.19;120
4;161;556.77;33.19;1
4;161;556.77;33.19;2
4;159.82;558.05;33.19;3
4;160.8;557.26;33.19;4
4;160.7;555.29;33.19;5
4;161.39;554.21;33.19;6
4;162.06;555.58;38.8;7
4;160.91;556.55;39.57;8
4;160.09;556.53;37.19;9
4;158.72;557.45;41.19;10
4;159.71;556.34;37.19;11
4;159.81;556.34;37.19;12
4;161.13;557.19;37.19;13
4;162.06;558;38.19;14
4;162.06;558.09;39.41;15
4;162.06;558.04;40.91;16
4;163.21;556.45;38.98;17
4;163.21;556.27;39.57;18
4;162.06;555.6;39.41;19
4;162.08;555.69;33.19;20
4;161.19;555.98;33.19;21
4;160.7;555.98;33.19;22
4;160.7;555.98;33.19;23
4;161.39;557.75;33.19;24
4;161.39;556.28;33.19;25
4;161;556.57;33.19;26
4;161.19;556.08;33.19;27
4;161.39;553.62;33.19;28
4;158.54;554.6;33.19;29
4;158.82;554.83;29.19;30
4;158.34;555.59;33.19;31
4;156.73;557.72;41.19;32
4;158.54;555.88;33.19;33
4;158.73;554.6;33.19;34
4;156.77;554.8;33.19;35
4;155.37;556.54;41.19;36
4;156.69;555.87;37.19;37
4;154.74;556.91;41.19;38
4;153.66;557.09;41.19;39
4;153.39;557.81;41.19;40
4;154.02;559.25;41.19;41
4;156.32;556.53;37.19;42
4;157.95;555.39;33.19;43
4;156.22;556.53;37.19;44
4;155.18;557.66;37.19;45
4;154.15;559.64;37.19;46
4;155.39;558.64;33.19;47
4;155.98;558.24;33.19;48
4;157.06;557.36;33.19;49
4;161.09;553.52;33.19;50
4;161.59;552.83;33.19;51
4;160.21;554.11;33.19;52
4;161.07;553.6;29.19;53
4;160.56;553.39;29.19;54
4;160.15;554.21;29.19;55
4;160.35;553.39;29.19;56
4;158.82;554.52;29.19;57
4;159.74;554.01;29.19;58
4;161.17;553.29;29.19;59
4;161.58;554.11;29.19;60
4;160.86;553.9;29.19;61
4;159.91;554.11;33.19;62
4;161.48;552.16;29.19;63
4;160.21;552.24;33.19;64
4;161.17;551.04;29.19;65
4;159.82;551.95;33.19;66
4;155.81;554.6;32.29;67
4;155.78;552.54;33.19;68
4;155.09;556.18;33.19;69
4;156.15;555.64;29.19;70
4;156.27;555.69;33.19;71
4;156.27;555.98;33.19;72
4;155.56;556.91;37.19;73
4;155.56;556.34;37.19;74
4;154.2;555.91;41.19;75
4;153.75;556;41.19;76
4;152.3;557.09;41.19;77
4;146.13;556.43;37.19;78
4;148.17;556.9;39.92;79
4;147.43;558.05;38.87;80
4;147.22;558.05;39.45;81
4;149.38;559.2;39.7;82
4;149.43;559.2;39.38;83
4;148.54;556.9;39.59;84
4;148.8;559.2;38.87;85
4;149.62;558.05;38.5;86
4;150.36;559.2;38.5;87
4;150.65;559.2;40.89;88
4;150.16;559.2;39.26;89
4;150.48;559.2;39.27;90
4;151.14;556.9;39.3;91
4;149.39;555.75;40.97;92
4;147.14;556.9;40.04;93
4;147.06;558.05;39.71;94
4;147.58;559.2;39.24;95
4;148.28;558.05;40.55;96
4;148.28;558.05;38.81;97
4;148.38;558.05;36.33;98
4;148.5;558.05;39.47;99
4;149.09;559.2;38.68;100
4;149.28;558.05;40.25;101
4;149.21;558.05;38.63;102
4;149.66;561.49;36.21;103
4;149.32;560.35;40.6;104
4;149.72;561.49;39.46;105
4;148.41;560.35;39.8;106
4;147.42;560.35;38.61;107
4;146.52;559.2;40.36;108
4;147.48;559.2;40.37;109
4;147.48;560.35;39.98;110
4;147.82;561.49;38.66;111
4;147.68;561.49;40.05;112
4;148.91;560.35;40.72;113
4;150.48;559.2;41.13;114
4;150.72;560.35;39.51;115
4;149.84;561.49;38.36;116
4;151.32;562.64;37.64;117
4;152.7;562.64;39.34;118
4;150.46;564.94;39.17;119
4;151.85;563.79;40.84;120
5;209.45;548.15;21.19;1
5;209.3;548.25;21.19;2
5;209.76;551.16;21.19;3
5;207.62;554.34;25.19;4
5;208.18;554.41;29.19;5
5;207.42;553.09;25.19;6
5;205.78;556.77;25.19;7
5;205.35;556.84;29.19;8
5;206.98;555;25.19;9
5;206.24;553.9;25.19;10
5;205.86;556.24;25.19;11
5;206.23;557.34;21.19;12
5;205.92;556.66;25.19;13
5;205.39;557.5;25.19;14
5;205.31;558.02;25.19;15
5;204.86;558.33;25.19;16
5;205.04;559.2;25.7;17
5;203.72;559.2;23.62;18
5;203.91;559.2;25.29;19
5;204.47;560.35;23.57;20
5;204.09;559.2;26.92;21
5;203.28;562.64;21.46;22
5;202.05;564.94;26.06;23
5;201.82;566.09;20.8;24
5;202.12;566.09;26.04;25
5;201.66;567.24;23.88;26
5;200.91;566.09;28.28;27
5;200.93;567.24;26.48;28
5;201.55;569.54;23.81;29
5;201.4;568.39;31.76;30
5;200.54;568.39;34.42;31
5;199.7;568.39;30.66;32
5;198.36;570.69;29.67;33
5;198.19;569.54;33.99;34
5;198.52;568.39;36.26;35
5;201.74;568.39;31.16;36
5;201.91;568.39;30.86;37
5;201.91;568.39;30.86;38
5;201.53;570.69;28.84;39
5;201.57;571.84;35.07;40
5;199.47;572.99;33.73;41
5;199.51;575.29;36.55;42
5;199.75;575.29;36.68;43
5;200.42;576.44;33.06;44
5;200.42;576.44;33.06;45
5;200.91;577.59;32.96;46
5;203.13;576.44;40.56;47
5;204.39;577.59;41.14;48
5;201.43;577.59;36.8;49
5;203.51;578.74;34.75;50
5;203.22;578.74;33.17;51
5;205.74;579.89;32.06;52
5;202.81;579.89;36.45;53
5;198.9;578.74;39.8;54
5;199.06;578.74;40.55;55
5;200.99;577.59;39.98;56
5;203.48;577.59;36.17;57
5;201.86;576.44;36.03;58
5;200.72;577.59;35.35;59
5;200.43;576.44;31.96;60
5;200.09;576.44;33.6;61
5;200.48;577.59;34.16;62
5;200.61;576.44;38.49;63
5;201.69;572.99;41.19;64
5;202.18;572.99;40.41;65
5;201.24;572.99;39.87;66
5;199.75;572.99;38.66;67
5;199.02;574.14;39.88;68
5;197.05;576.44;35.83;69
5;196.93;575.29;38.62;70
5;201.06;575.29;35.63;71
5;201.48;574.14;39.53;72
5;201.18;575.29;38.54;73
5;202.8;576.44;37.61;74
5;205.36;577.59;33.29;75
5;204.49;577.59;32.06;76
5;203.43;577.59;34.73;77
5;201.31;577.59;33.9;78
5;200.18;574.14;34.83;79
5;199.8;572.99;33.17;80
5;200.98;571.84;31.64;81
5;200.12;570.69;34.68;82
5;198.91;572.99;29.56;83
5;198.01;571.84;33.31;84
5;196.95;574.14;27.22;85
5;196.4;572.99;29.22;86
5;196.21;572.99;27.14;87
5;196.03;570.69;30.22;88
5;195.46;570.69;30.65;89
5;195.26;569.54;33.34;90
5;197.67;571.84;28.02;91
5;198.99;574.14;27.26;92
5;198.89;574.14;31.46;93
5;200.12;577.59;27.7;94
5;201.89;578.74;33.15;95
5;203.02;581.03;33.8;96
5;202.53;578.74;38.71;97
5;202.57;581.03;31.45;98
5;201.84;578.74;36.29;99
5;201.64;578.74;38.58;100
5;200.59;577.59;40.1;101
5;201.55;576.44;40.04;102
5;200.95;578.74;36.15;103
5;205.91;583.33;39.01;104
5;206.63;583.33;39.37;105
5;206.25;581.03;40.56;106
5;206.68;582.18;40.08;107
5;207.71;583.33;40.57;108
5;207.28;585.63;37.44;109
5;207.69;584.48;41.16;110
5;207.24;585.63;40.61;111
5;207.24;585.63;40.61;112
5;207.71;586.78;37.04;113
5;209.09;585.63;38.99;114
5;208.75;585.63;39.45;115
5;207.55;585.63;38.86;116
5;208.1;585.63;39.45;117
5;208.1;585.63;39.45;118
5;209.06;583.33;40.93;119
5;209.04;583.33;39.63;120
6;184.18;417.46;29.19;1
6;186.71;417.74;29.19;2
6;187.07;414.73;25.19;3
6;190.02;413.1;25.19;4
6;192.19;412.33;25.19;5
6;192.1;409.74;25.19;6
6;194.45;407.34;21.19;7
6;196.02;406.64;21.19;8
6;196.32;404.09;21.19;9
6;196.71;405.17;21.19;10
6;196.87;404.4;21.19;11
6;200.07;403.62;21.19;12
6;205.49;401.86;25.19;13
6;207.65;403.07;25.19;14
6;210.02;402.15;25.19;15
6;211.85;400.94;25.19;16
6;215.29;400.63;25.19;17
6;218.58;402.02;21.19;18
6;224.32;404.53;21.19;19
6;226.84;404.61;17.19;20
6;230.66;406.95;21.19;21
6;231.25;408.08;17.19;22
6;231.92;409.77;21.19;23
6;233.63;412.28;21.19;24
6;232.8;415.83;17.19;25
6;231.97;419.1;17.19;26
6;231.75;420.27;17.19;27
6;230.33;421.19;21.19;28
6;229.19;423.96;21.19;29
6;228.43;424.81;21.19;30
6;226.39;425.92;17.19;31
6;226.39;425.92;17.19;32
6;220.86;423.53;13.19;33
6;222.36;422.53;17.19;34
6;222.36;422.53;17.19;35
6;218.12;423.34;17.19;36
6;216.96;423.84;21.19;37
6;214.31;422.94;21.19;38
6;209.94;422.52;21.19;39
6;207.22;423.52;17.19;40
6;207.92;423.54;21.19;41
6;207.31;425.16;17.19;42
6;208.41;423.74;17.19;43
6;208.25;423.51;17.19;44
6;208.25;423.51;17.19;45
6;206.43;423.37;17.19;46
6;205.11;423.41;21.19;47
6;204.54;423.97;25.19;48
6;202.1;425.14;29.19;49
6;200.73;424.34;33.19;50
6;201.41;424.85;33.19;51
6;196.91;428.83;33.19;52
6;197.81;428.77;37.19;53
6;197.97;428.57;41.19;54
6;197.17;427.86;41.19;55
6;197.17;427.86;41.19;56
6;196.22;428.8;41.19;57
6;196;428.95;41.19;58
6;194.47;429.97;41.19;59
6;194.25;430.12;41.19;60
6;195.11;425.79;41.19;61
6;191.71;424.59;37.19;62
6;191.29;421.15;41.19;63
6;191.36;420.79;41.19;64
6;189.67;417.37;37.19;65
6;192.46;419.12;41.19;66
6;188.71;415.98;41.19;67
6;187.24;412.9;41.19;68
6;184.23;411.77;41.19;69
6;182.9;408.9;41.19;70
6;184.95;406.3;41.19;71
6;184.07;405.95;41.19;72
6;184.07;405.95;41.19;73
6;182.97;407.6;41.19;74
6;183.12;407.82;41.19;75
6;181.48;399.78;38.21;76
6;183.17;401.95;33.89;77
6;180.54;395.84;40.73;78
6;180.75;395.19;41.11;79
6;181.18;389.75;42.01;80
6;182.68;388.13;38;81
6;181.03;385.63;42;82
6;180.92;384.49;42;83
6;182.29;378.67;39.72;84
6;184.68;382.57;38.31;85
6;183.38;380.55;36.31;86
6;182.24;378.91;40.53;87
6;184.22;377.63;37.69;88
6;185.06;377.07;37.87;89
6;184.66;377.75;37.1;90
6;184.21;376.28;36.28;91
6;183.94;377.24;36.73;92
6;181.59;377.02;37.05;93
6;181.72;376.4;39.02;94
6;182.68;377.91;38.91;95
6;183.79;375.9;37.77;96
6;183.1;373.76;37.26;97
6;184.55;375.28;38.25;98
6;183.42;373.71;36.97;99
6;181.26;376.92;38.36;100
6;188.74;366.54;34.33;101
6;188.56;365.84;36.68;102
6;189.93;362.64;39.04;103
6;190.96;363.79;36.01;104
6;188.75;360.34;39.7;105
6;188.66;359.2;40.55;106
6;189.63;359.2;39.12;107
6;187.95;356.9;40.56;108
6;186.84;355.75;40.42;109
6;185.2;354.6;38.53;110
6;183.48;352.3;38.4;111
6;183.48;352.3;38.4;112
6;181.03;347.7;38.46;113
6;178.84;345.4;41.01;114
6;178.83;345.4;40.14;115
6;178.83;345.4;40.14;116
6;178.83;345.4;40.14;117
6;178.81;345.4;38.4;118
6;178.07;343.1;39.5;119
6;178.51;338.51;36.7;120
7;167.8;373.6;1.38;1
7;167.8;374.06;1.66;2
7;167.8;374.06;1.66;3
7;167.8;374.06;1.66;4
7;167.8;374.06;1.66;5
7;167.8;374.06;1.66;6
7;164.35;376.87;2.29;7
7;164.35;376.87;2.29;8
7;164.35;377.78;2.83;9
7;164.35;378.11;1.74;10
7;164.35;378.11;1.74;11
7;164.35;377.94;2.28;12
7;164.35;377.94;2.28;13
7;164.35;377.94;2.28;14
7;164.35;377.94;2.28;15
7;165.5;378.56;4.08;16
7;167.8;378.78;3.89;17
7;167.8;377.89;1.36;18
7;168.95;378.66;4.65;19
7;168.95;378.82;4.08;20
7;167.8;379.55;3.05;21
7;167.8;380.46;3.6;22
7;167.8;380.46;3.6;23
7;166.65;381.38;2.03;24
7;166.65;381.38;2.03;25
7;167.8;381.2;4.71;26
7;167.8;381.2;4.71;27
7;167.8;381.2;4.71;28
7;167.8;381.2;4.71;29
7;166.65;380.47;1.47;30
7;165.5;380.28;1.88;31
7;165.5;380.28;1.88;32
7;166.65;381.34;3.97;33
7;166.65;381.34;3.97;34
7;165.5;381.35;1.87;35
7;165.5;381.19;2.42;36
7;165.5;381.19;2.42;37
7;165.5;381.19;2.42;38
7;165.5;381.31;3.8;39
7;165.5;381.31;3.8;40
7;165.5;381.31;3.8;41
7;164.35;380.25;1.73;42
7;164.35;379.92;2.82;43
7;164.35;379.43;4.44;44
7;164.35;379.43;4.44;45
7;164.35;379.43;4.44;46
7;164.35;379.43;4.44;47
7;163.21;380.8;3.19;48
7;165.5;381.14;4.34;49
7;165.5;381.14;4.34;50
7;164.35;381.45;3.08;51
7;164.35;381.45;3.08;52
7;165.5;381.14;4.34;53
7;166.65;380.56;4.8;54
7;167.8;380.33;2.19;55
7;167.8;380.33;2.19;56
7;167.8;380.49;1.63;57
7;167.8;380.04;1.35;58
7;167.8;379.72;2.48;59
7;167.8;379.72;2.48;60
7;167.8;380.3;4.16;61
7;166.65;380.14;2.59;62
7;165.5;380.73;2.15;63
7;165.5;380.73;2.15;64
7;165.5;380.86;3.52;65
7;164.35;382.4;1.72;66
7;164.35;383.76;2.53;67
7;164.35;383.76;2.53;68
7;164.35;383.76;2.53;69
7;165.5;383.1;4.88;70
7;165.5;382.82;4.06;71
7;165.5;382.82;4.06;72
7;165.5;383.27;4.33;73
7;165.5;383.27;4.33;74
7;165.5;382.99;3.51;75
7;165.5;383.67;1.31;76
7;166.65;384.14;1.73;77
7;166.65;384.14;1.73;78
7;166.65;384.14;1.73;79
7;166.65;384.14;1.73;80
7;166.65;383.3;4.51;81
7;166.65;383.3;4.51;82
7;165.5;382.43;1.87;83
7;166.65;382.68;4.79;84
7;165.5;382.26;2.42;85
7;165.5;383.1;4.88;86
7;164.35;382.63;4.43;87
7;163.21;382.6;4.25;88
7;162.06;381.73;1.7;89
7;162.06;381.73;1.7;90
7;162.06;381.73;1.7;91
7;162.06;381.73;1.7;92
7;162.06;381.57;2.24;93
7;162.06;380.94;2.51;94
7;162.06;380.04;1.98;95
7;162.06;379.58;1.71;96
7;162.06;379.09;3.31;97
7;160.91;378.03;1.31;98
7;160.91;379.96;3.67;99
7;160.91;379.96;3.67;100
7;160.91;380.41;3.93;101
7;160.91;380.75;2.89;102
7;160.91;380.75;2.89;103
7;160.91;380.92;2.36;104
7;160.91;380.92;2.36;105
7;160.91;381.48;3.93;106
7;159.76;381.8;2.74;107
7;159.76;382.08;3.51;108
7;159.76;382.08;3.51;109
7;159.76;382.08;3.51;110
7;159.76;382.08;3.51;111
7;159.76;382.08;3.51;112
7;159.76;382.08;3.51;113
7;159.76;382.08;3.51;114
7;159.76;382.08;3.51;115
7;160.91;382.55;3.93;116
7;160.91;384.07;4.18;117
7;159.76;384.93;4.54;118
7;158.61;384.37;2.85;119
7;160.91;384.26;6.76;120
8;141.37;384.53;4.1;1
8;141.37;384.78;4.76;2
8;142.52;386.62;6.83;3
8;142.52;386.62;6.83;4
8;142.52;387.69;6.83;5
8;142.52;387.69;6.83;6
8;140.22;385.59;4.01;7
8;142.52;386.67;11.5;8
8;142.52;388.42;8.76;9
8;142.52;390.73;8.35;10
8;141.37;390.39;5.43;11
8;140.22;389.2;7.85;12
8;135.62;388.03;1.76;13
8;137.92;389.02;9.04;14
8;137.92;389.02;9.04;15
8;137.92;390.08;9.04;16
8;134.47;392.42;10.25;17
8;134.47;392.42;10.25;18
8;135.62;393.78;12.97;19
8;136.77;396.67;10.56;20
8;139.07;396.02;9;21
8;139.07;396.02;9;22
8;141.37;396.59;14.66;23
8;141.37;400.96;14.27;24
8;139.07;400.27;9.02;25
8;139.07;399.24;12.09;26
8;139.07;397.08;9.01;27
8;140.22;395.83;9.56;28
8;140.22;394.58;9.97;29
8;136.77;392.65;3.55;30
8;139.07;391.86;11.03;31
8;136.77;390.3;3.95;32
8;137.92;391.42;5.11;33
8;139.07;393.11;10.63;34
8;140.22;395.34;14.86;35
8;141.37;396.79;14.25;36
8;139.07;398.56;8.18;37
8;140.22;399.02;10.61;38
8;140.22;397.54;10.39;39
8;140.22;395.86;10.59;40
8;137.92;395.72;5.13;41
8;139.07;398.59;10.25;42
8;137.92;396.42;8.05;43
8;139.07;395.82;9.41;44
8;139.07;393.9;8.99;45
8;139.07;393.51;9.81;46
8;134.47;393.05;2.55;47
8;136.77;393.65;8.11;48
8;136.77;392.68;11.14;49
8;136.77;388.78;3.74;50
8;134.47;389.2;3.77;51
8;132.17;391.71;1.79;52
8;132.17;390.86;2.4;53
8;131.02;389.53;1.71;54
8;132.17;388.1;3.6;55
8;132.17;388.54;3.81;56
8;129.87;389.36;3.06;57
8;129.87;389.36;3.06;58
8;131.02;389.68;5.73;59
8;133.32;389.9;10.88;60
8;133.32;388.48;7.32;61
8;134.47;389.21;9.24;62
8;135.62;390.33;10.38;63
8;133.32;388.66;1.42;64
8;134.47;388.76;3.56;65
8;135.62;389.1;6.34;66
8;134.47;389.24;4.8;67
8;133.32;388.95;3.07;68
8;134.47;389.28;5.82;69
8;134.47;389.28;5.82;70
8;134.47;389.28;5.82;71
8;134.47;389.28;5.82;72
8;133.32;388.55;3.89;73
8;134.47;388.69;7.04;74
8;134.47;388.11;8.24;75
8;134.47;390.7;9.45;76
8;137.92;393.81;13.3;77
8;137.92;394.8;11.3;78
8;139.07;395.22;10.64;79
8;137.92;394.93;7.83;80
8;139.07;395.22;10.64;81
8;140.22;395.51;13.45;82
8;141.37;396.07;18.85;83
8;143.67;395.26;17.9;84
8;142.52;394.53;14.84;85
8;142.52;394.53;14.84;86
8;141.37;393.83;12.81;87
8;143.67;394.68;19.1;88
8;142.52;394.95;15.04;89
8;144.81;394.15;15.03;90
8;144.81;394.15;15.03;91
8;143.67;393.84;12.12;92
8;144.81;394.15;15.03;93
8;144.81;394.12;13.99;94
8;143.67;394.16;9.15;95
8;145.96;394.72;12.91;96
8;143.67;397.22;13.81;97
8;143.67;397.22;13.81;98
8;143.67;395.84;16.68;99
8;142.52;395.12;13.61;100
8;142.52;394.98;16.06;101
8;142.52;395.43;17.27;102
8;141.37;395.83;17.26;103
8;141.37;395.66;18.65;104
8;139.07;396.18;16.07;105
8;139.07;397.02;16.47;106
8;136.77;396.29;12.35;107
8;137.92;395.77;16.65;108
8;141.37;394.22;18.44;109
8;141.37;395.8;16.26;110
8;140.22;396.31;11.83;111
8;141.37;394.88;12.81;112
8;141.37;394.06;13.42;113
8;142.52;394.37;16.26;114
8;143.67;396.5;18.51;115
8;141.37;396.55;12.61;116
8;141.37;397.59;12.62;117
8;141.37;397.89;17.27;118
8;141.37;397.9;18.27;119
8;140.22;398.07;16.67;120
9;275.85;368.98;36.28;1
9;278.15;368.16;39.1;2
9;277;369.24;37.43;3
9;273.55;369.59;33.76;4
9;268.95;371.14;34.11;5
9;266.65;369.96;32.72;6
9;265.5;369.19;29.43;7
9;268.95;368.34;34.07;8
9;271.25;367.38;34.68;9
9;270.1;368.91;32.55;10
9;265.5;372.69;30.4;11
9;265.5;373.07;33.24;12
9;264.35;375.37;34.13;13
9;265.5;373.15;32.6;14
9;264.35;371.81;31.15;15
9;266.65;370.27;30.12;16
9;266.65;369.99;29.32;17
9;265.5;369.64;28.91;18
9;265.5;370.37;29.18;19
9;265.5;371.43;26.81;20
9;268.95;372.88;26.39;21
9;266.65;373.02;20.46;22
9;266.65;375.85;26.99;23
9;266.65;378.04;27.83;24
9;265.5;378.26;26.23;25
9;265.5;377.76;29.55;26
9;266.65;378.79;29.17;27
9;266.65;379.1;27.17;28
9;267.8;378.79;25.52;29
9;267.8;377.59;21.74;30
9;267.8;376.14;22.28;31
9;267.8;377.11;22.3;32
9;268.95;378.17;21.84;33
9;267.8;377.45;21.31;34
9;267.8;377.86;22.59;35
9;268.95;376.55;20.82;36
9;270.1;376.46;22.92;37
9;271.25;373.6;19.36;38
9;271.25;373.6;19.36;39
9;272.4;373.82;22.38;40
9;271.25;374.4;20.83;41
9;268.95;374.58;17.75;42
9;270.1;374.52;19.87;43
9;271.25;374.45;21.99;44
9;271.25;374.45;21.99;45
9;270.1;372.63;19.12;46
9;271.25;373.23;19.21;47
9;271.25;373.37;19.65;48
9;271.25;374.03;20.68;49
9;272.4;375.54;22.69;50
9;271.25;376.38;25.01;51
9;270.1;376.37;23.63;52
9;268.95;376.6;26.03;53
9;268.95;375.71;28.2;54
9;270.1;374.68;33.03;55
9;268.95;374.03;27.91;56
9;270.1;374.05;29.28;57
9;270.1;374.05;29.28;58
9;267.8;373.53;24.21;59
9;268.95;371.86;29.91;60
9;267.8;372.21;31.48;61
9;265.5;372.27;29.21;62
9;267.8;371.21;30.41;63
9;267.8;370.78;29.21;64
9;267.8;370.58;27.73;65
9;268.95;370.67;25.53;66
9;268.95;370.67;25.53;67
9;270.1;370.63;27.59;68
9;267.8;371.54;27.74;69
9;268.95;370.63;29.08;70
9;268.95;370.12;28.54;71
9;268.95;370.12;28.54;72
9;268.95;370.12;28.54;73
9;267.8;370.15;26.5;74
9;268.95;370.85;28.82;75
9;267.8;371.4;27.33;76
9;267.8;370.79;22.78;77
9;268.95;370.75;24.84;78
9;266.65;370.82;20.71;79
9;267.8;370.79;22.78;80
9;268.95;370.75;24.84;81
9;268.95;370.75;24.84;82
9;268.95;370.75;24.84;83
9;268.95;370.75;24.84;84
9;268.95;370.75;24.84;85
9;267.8;371.16;22.92;86
9;268.95;371.49;25.13;87
9;268.95;372.46;25.14;88
9;268.95;373.65;24.88;89
9;270.1;374.19;26.81;90
9;270.1;374.55;26.96;91
9;270.1;375.01;26.41;92
9;268.95;376.89;23.94;93
9;270.1;376.81;26.02;94
9;268.95;375.77;26.43;95
9;268.95;375.77;26.43;96
9;267.8;376.02;25.89;97
9;265.5;374.91;23.87;98
9;265.5;374.82;24.55;99
9;264.35;374.47;26.99;100
9;263.21;374.54;25.01;101
9;264.35;374.47;26.99;102
9;263.21;374.54;25.01;103
9;263.21;374.4;24.6;104
9;260.91;372.43;27.52;105
9;260.91;372.43;27.52;106
9;260.91;372.79;27.65;107
9;263.21;373.26;28.69;108
9;264.35;373.38;29.35;109
9;264.35;372.97;28.16;110
9;265.5;372.91;30.14;111
9;265.5;372.91;30.14;112
9;265.5;372.91;30.14;113
9;265.5;372.91;30.14;114
9;266.65;373.07;29.1;115
9;266.65;373.07;29.1;116
9;264.35;372.81;24.96;117
9;264.35;372.81;24.96;118
9;264.35;372.58;25.23;119
9;265.5;372.3;27.49;120
10;294.82;438.51;25.19;1
10;295.18;438.51;25.32;2
10;295.53;438.51;25.46;3
10;295.16;437.36;28.54;4
10;295.78;437.36;27.64;5
10;295.04;436.21;30.6;6
10;297.07;436.21;25.09;7
10;295.45;435.06;25.47;8
10;294.68;436.21;20.65;9
10;291.7;436.21;18.32;10
10;288.96;437.36;16.33;11
10;289.62;438.51;13.23;12
10;288.57;438.51;13.44;13
10;287.44;440.8;11.82;14
10;285.09;440.8;16.23;15
10;283.1;441.95;18;16
10;281.56;443.1;17.66;17
10;281.46;444.25;17.86;18
10;282.84;446.55;17.24;19
10;283.98;447.7;19.01;20
10;285.28;450;15.21;21
10;285.46;451.15;15.05;22
10;285.13;453.45;12.35;23
10;284.72;454.6;13.08;24
10;287.97;453.45;12.34;25
10;287.08;453.45;13.62;26
10;285.72;453.45;11.49;27
10;284.07;451.15;15.06;28
10;285.33;454.6;7.35;29
10;288.11;458.05;8;30
10;289.33;458.05;6.28;31
10;289.32;456.9;10.2;32
10;290.17;459.2;3.21;33
10;289.33;458.05;6.28;34
10;290.08;456.9;10.49;35
10;291.95;455.75;9.7;36
10;294.96;455.75;4.12;37
10;295.1;454.6;3.7;38
10;295.1;454.6;3.7;39
10;295.01;452.3;6.19;40
10;296.27;451.15;2.07;41
10;296.27;451.15;2.07;42
10;294.32;451.15;1.34;43
10;294.32;451.15;1.34;44
10;293.63;450;3.58;45
10;292.16;448.85;1.96;46
10;291.41;447.7;3.62;47
10;291.23;446.55;3.71;48
10;293.05;445.4;1.47;49
10;292.56;441.95;2.41;50
10;293.14;440.8;2.82;51
10;292.13;439.66;1.99;52
10;292.84;437.36;2.02;53
10;294.31;435.06;2.36;54
10;294.81;431.61;2.62;55
10;293.92;430.46;3.96;56
10;293.92;430.46;3.96;57
10;293.92;430.46;3.96;58
10;293.71;429.31;4.19;59
10;294.73;429.31;2.44;60
10;295.56;429.31;4.18;61
10;296.98;429.31;2.58;62
10;299.19;429.31;1.25;63
10;299.19;429.31;1.25;64
10;298.71;428.16;4.98;65
10;298.85;429.31;2.57;66
10;298.5;429.31;3.16;67
10;298.23;429.31;5.91;68
10;297.59;429.31;8.46;69
10;297.62;429.31;9.17;70
10;299.28;431.61;2.2;71
10;297.5;430.46;9.47;72
10;297.59;430.46;11.53;73
10;297.53;430.46;10.16;74
10;298.13;430.46;6.96;75
10;298.34;429.31;8.75;76
10;300.01;428.16;11.12;77
10;302.88;428.16;7.28;78
10;301.96;427.01;10.84;79
10;301.2;427.01;9.84;80
10;302.11;428.16;6.27;81
10;303.01;429.31;2.7;82
10;303.79;429.31;3.73;83
10;303.5;429.31;7.91;84
10;304.56;427.01;11.82;85
10;306.16;425.86;11.38;86
10;307.39;424.71;11.51;87
10;308.42;425.86;3.37;88
10;308.82;425.86;1.22;89
10;308.57;424.71;3.73;90
10;308.57;424.71;3.73;91
10;310.36;425.86;1.81;92
10;310.33;425.86;4.86;93
10;310.33;425.86;4.86;94
10;312.4;424.71;4.42;95
10;313.56;424.71;4.09;96
10;315.22;423.56;5.02;97
10;316.08;421.58;7.2;98
10;318.38;421.21;8.68;99
10;320.68;418.49;12.75;100
10;320.68;417.88;15.87;101
10;321.83;418.89;12.45;102
10;322.98;416.98;14.7;103
10;322.98;416.25;15.93;104
10;324.12;416.48;13.83;105
10;322.98;415.48;16.55;106
10;321.83;415.34;15.04;107
10;321.83;415.34;15.04;108
10;321.83;415.39;15.65;109
10;322.98;415.94;17.13;110
10;322.98;415.94;17.13;111
10;322.98;415.94;17.13;112
10;321.83;414.99;20.45;113
10;321.83;414.64;21.05;114
10;321.83;414.64;21.05;115
10;321.83;414.64;21.05;116
10;321.83;412.33;22.27;117
10;321.83;410.73;22.31;118
10;321.83;409.93;22.33;119
10;324.12;405.79;20.54;120
11;270.57;458.05;1.41;1
11;270.81;456.9;1.62;2
11;269.92;458.05;1.7;3
11;270.03;458.05;2.28;4
11;269.79;459.2;2.07;5
11;270.06;459.2;1.64;6
11;270.33;459.2;1.2;7
11;268.25;460.35;2.43;8
11;268.1;460.35;3.42;9
11;267.78;459.2;6.04;10
11;268.1;460.35;3.42;11
11;267.78;459.2;6.04;12
11;267.78;459.2;6.04;13
11;268.1;460.35;3.42;14
11;267.78;459.2;6.04;15
11;268.1;460.35;3.42;16
11;268.1;460.35;3.42;17
11;267.78;459.2;6.04;18
11;267.78;459.2;6.04;19
11;268.1;460.35;3.42;20
11;267.87;460.35;2.29;21
11;267.35;459.2;2.22;22
11;267.35;459.2;2.22;23
11;266.56;459.2;3.5;24
11;266.99;460.35;1.43;25
11;267.98;460.35;2.86;26
11;267.98;460.35;2.86;27
11;267.98;460.35;2.86;28
11;268.25;460.35;2.43;29
11;268.25;460.35;2.43;30
11;268.25;460.35;2.43;31
11;268.25;460.35;2.43;32
11;268.25;460.35;2.43;33
11;268.25;460.35;2.43;34
11;268.25;460.35;2.43;35
11;268.25;460.35;2.43;36
11;268.25;460.35;2.43;37
11;268.25;460.35;2.43;38
11;268.25;460.35;2.43;39
11;266.75;456.9;5.97;40
11;267.07;458.05;3.3;41
11;266.95;458.05;2.73;42
11;267.21;458.05;2.29;43
11;267.35;459.2;2.22;44
11;267.35;459.2;2.22;45
11;267.35;459.2;2.22;46
11;266.97;459.2;2.07;47
11;266.47;459.2;1.36;48
11;266.47;459.2;1.36;49
11;265.97;460.35;1.57;50
11;266.09;460.35;2.14;51
11;266.09;460.35;2.14;52
11;266.61;460.35;1.29;53
11;266.61;460.35;1.29;54
11;266.61;460.35;1.29;55
11;266.61;460.35;1.29;56
11;266.61;460.35;1.29;57
11;266.61;460.35;1.29;58
11;266.47;460.35;2.29;59
11;266.47;460.35;2.29;60
11;266.47;460.35;2.29;61
11;266.47;460.35;2.29;62
11;266.47;460.35;2.29;63
11;266.47;460.35;2.29;64
11;266.25;458.05;6.14;65
11;267.88;459.2;1.35;66
11;267.82;458.05;3.58;67
11;268.64;459.2;1.64;68
11;268.64;459.2;1.64;69
11;269.11;458.05;3.01;70
11;269.11;458.05;3.01;71
11;268.77;458.05;1.27;72
11;268.33;456.9;3.38;73
11;268.33;456.9;3.38;74
11;268.62;458.05;2.29;75
11;267.87;456.9;6.39;76
11;268.2;458.05;3.73;77
11;268.24;458.05;2.14;78
11;267.95;456.9;3.24;79
11;267.62;455.75;5.94;80
11;267.95;456.9;3.24;81
11;267.95;456.9;3.24;82
11;267.62;455.75;5.94;83
11;267.95;456.9;3.24;84
11;268.12;458.05;1.57;85
11;268.12;458.05;1.57;86
11;268.12;458.05;1.57;87
11;268.12;458.05;1.57;88
11;268.12;458.05;1.57;89
11;268.12;458.05;1.57;90
11;268.12;458.05;1.57;91
11;267.73;455.75;6.51;92
11;269.11;458.05;3.01;93
11;269.65;458.05;2.14;94
11;269.46;456.9;3.81;95
11;269.62;456.9;2.8;96
11;269.47;455.75;2.89;97
11;269.82;454.6;3.71;98
11;270.09;454.6;3.27;99
11;270.47;454.6;3.41;100
11;270.1;453.45;6.16;101
11;270.47;454.6;3.41;102
11;270.47;454.6;3.41;103
11;270.1;453.45;6.16;104
11;270.47;454.6;3.41;105
11;270.47;454.6;3.41;106
11;270.47;454.6;3.41;107
11;270.1;453.45;6.16;108
11;270.47;454.6;3.41;109
11;270.47;454.6;3.41;110
11;270.47;454.6;3.41;111
11;270.47;454.6;3.41;112
11;269.47;455.75;2.89;113
11;269.47;455.75;2.89;114
11;269.47;455.75;2.89;115
11;269.47;455.75;2.89;116
11;270.16;456.9;1.92;117
11;270.19;458.05;1.26;118
11;269.84;456.9;3.95;119
11;270.19;458.05;1.26;120
12;376.52;484.48;40.76;1
12;376.52;484.48;40.76;2
12;376.52;484.48;40.76;3
12;376.52;484.48;40.76;4
12;376.52;484.48;40.76;5
12;376.52;484.48;40.76;6
12;376.52;484.48;40.76;7
12;376.52;484.48;40.76;8
12;376.42;484.48;40.31;9
12;376.03;484.48;40.76;10
12;375.06;485.63;39.78;11
12;374.18;486.78;39.26;12
12;374.28;487.93;38.72;13
12;374.68;490.23;40.95;14
12;374.68;490.23;40.95;15
12;376.42;490.23;38.8;16
12;376.98;491.38;40.65;17
12;376.98;491.38;40.65;18
12;376.98;491.38;40.65;19
12;376.89;491.38;40.18;20
12;376.99;491.38;39.47;21
12;378.04;493.68;39.17;22
12;377.65;494.83;39.92;23
12;376.97;498.28;39.79;24
12;377.25;499.43;39.09;25
12;377.44;499.43;38.83;26
12;376.76;501.72;41.06;27
12;375.64;502.87;40.46;28
12;374.98;504.02;39.83;29
12;374.42;505.17;38.41;30
12;374.6;505.17;38.14;31
12;376.94;505.17;36.95;32
12;376.84;506.32;40.44;33
12;375.27;505.17;39.57;34
12;375.27;505.17;39.57;35
12;375.27;505.17;39.57;36
12;375.27;505.17;39.57;37
12;374.94;505.17;40.09;38
12;374.94;505.17;40.09;39
12;374.94;505.17;40.09;40
12;374.94;505.17;40.09;41
12;374.94;505.17;40.09;42
12;374.94;505.17;40.09;43
12;374.02;504.02;38.19;44
12;373.36;504.02;39.23;45
12;373.04;501.46;41.19;46
12;372.37;504.02;40.78;47
12;372.1;502.87;37.87;48
12;372.1;502.87;37.87;49
12;372.1;502.87;37.87;50
12;372.1;502.87;37.87;51
12;372.24;502.87;38.86;52
12;375.85;505.85;38.6;53
12;375.85;505.85;38.6;54
12;376.88;507.99;33.19;55
12;375.85;508.6;39.85;56
12;375.78;508.63;37.19;57
12;374.7;509.23;41.11;58
12;375.85;510.96;38;59
12;374.52;510.3;41.19;60
12;375.27;509.34;37.19;61
12;375.03;507.38;37.19;62
12;373.92;505.48;41.19;63
12;373.33;503.87;41.19;64
12;373.07;503.3;41.19;65
12;374.48;502.97;37.19;66
12;377;503.54;37.01;67
12;375.85;500.5;37.28;68
12;373.43;499.11;41.19;69
12;373.43;499.11;41.19;70
12;373.06;500.11;41.19;71
12;372.79;501.82;41.19;72
12;372.51;503.53;41.19;73
12;372.51;503.53;41.19;74
12;373.48;503.47;41.19;75
12;375.38;503.81;37.19;76
12;375.96;503.82;33.19;77
12;373.7;502.88;41.19;78
12;373.7;502.88;41.19;79
12;374.83;503.35;37.19;80
12;373.7;502.88;41.19;81
12;373.7;502.88;41.19;82
12;375.96;503.82;33.19;83
12;373.7;502.88;41.19;84
12;373.55;503.27;41.19;85
12;373.76;503.36;41.19;86
12;373.76;503.36;41.19;87
12;373.76;503.36;41.19;88
12;373.76;503.36;41.19;89
12;376.02;504.32;33.19;90
12;373.76;503.36;41.19;91
12;373.76;503.36;41.19;92
12;376.02;504.32;33.19;93
12;373.76;503.36;41.19;94
12;374.89;503.84;37.19;95
12;373.76;503.36;41.19;96
12;373.76;503.36;41.19;97
12;373.98;503.69;37.19;98
12;372.86;503.21;41.19;99
12;372.99;503.5;41.19;100
12;372.99;503.5;41.19;101
12;375.23;504.46;33.19;102
12;372.45;503.05;41.19;103
12;374.91;502.68;33.19;104
12;375.21;501.85;33.19;105
12;375.58;501.53;33.19;106
12;373.33;500.67;41.19;107
12;373.33;500.67;41.19;108
12;373.33;500.67;41.19;109
12;375.28;502.13;37.19;110
12;375.28;502.13;37.19;111
12;374.55;501.85;41.19;112
12;375.85;502.37;37.39;113
12;375.85;502.37;37.39;114
12;375.85;502.37;37.39;115
12;377;503.77;37.48;116
12;377;504.01;37.94;117
12;377;504.01;37.94;118
12;377;504.01;38.66;119
12;378.15;504.25;37.89;120
13;432.17;495.84;2.84;1
13;432.17;498.98;1.64;2
13;429.87;500.83;2.09;3
13;429.87;500.79;1.47;4
13;429.87;501.11;1.87;5
13;428.72;503.09;2.58;6
13;426.42;503.91;5.88;7
13;427.57;506.12;1.78;8
13;426.42;508.34;2.29;9
13;422.98;513.72;3.56;10
13;418.38;513.18;8.84;11
13;416.08;514.81;9.67;12
13;414.93;515.48;11.5;13
13;414.93;516.29;9.54;14
13;414.93;517.42;11.18;15
13;409.18;522.05;19.86;16
13;410.33;522.38;29.09;17
13;410.33;522.06;32.71;18
13;409.18;522.04;35.5;19
13;408.03;524.04;36.14;20
13;409.18;524.26;37.02;21
13;410.33;526.54;35.79;22
13;409.18;528.11;40.41;23
13;406.88;530.53;40.74;24
13;409.18;532.02;41.07;25
13;408.03;533.76;40.31;26
14;379.3;534.86;37.65;1
14;379.3;534.33;38.14;2
14;380.45;532.91;39.13;3
14;380.45;532.06;40.54;4
14;380.45;532.06;40.54;5
14;380.45;532.06;40.54;6
14;380.45;533.2;40.69;7
14;380.45;533.2;40.69;8
14;380.45;533.2;40.69;9
14;381.6;535.17;40.31;10
14;381.6;535.77;39.16;11
14;378.15;535.94;39.45;12
14;378.15;535.94;39.45;13
14;378.15;535.94;39.45;14
14;378.15;535.94;39.45;15
14;377;535.35;39.79;16
14;377;535.35;39.79;17
14;377;535.35;39.79;18
14;377;538.49;38.64;19
14;377;538.39;39.35;20
14;377;537.6;40.1;21
14;377;537.36;38.49;22
14;375.28;536.7;37.19;23
14;375.85;534.49;38.52;24
14;375.85;534.49;38.52;25
14;375.85;534.49;38.52;26
14;375.85;535.89;38.42;27
14;375.85;535.89;38.42;28
14;375.85;535.89;38.42;29
14;375.85;535.89;38.42;30
14;375.85;535.89;38.42;31
14;375.85;535.89;38.42;32
14;375.85;535.89;38.42;33
14;376.83;538.69;33.19;34
14;375.68;537.59;37.19;35
14;377;538.92;33.83;36
14;377;538.92;33.83;37
14;377;538.48;33.61;38
14;375.85;537.21;37.13;39
14;374.7;536.12;41.13;40
14;375.85;537.21;37.13;41
14;375.85;537.11;37.86;42
14;375.85;537.11;37.86;43
14;375.85;537.11;37.86;44
14;374.4;538.35;37.19;45
14;373.68;539.6;37.19;46
14;373.32;539.89;37.19;47
14;372.22;538.74;41.19;48
14;372.15;538.93;41.19;49
14;372.33;539.66;40.01;50
14;372.65;539.66;41.06;51
14;374.11;539.66;39.82;52
14;374.37;539.66;39.15;53
14;375.15;539.64;37.19;54
14;375.15;539.64;37.19;55
14;374.01;538.5;41.19;56
14;374.01;538.5;41.19;57
14;373.59;539.66;41.14;58
14;372.09;543.1;40.36;59
14;374.02;543.1;37.95;60
14;374.02;543.1;37.95;61
14;372.52;541.95;40.4;62
14;372.29;541.95;39.71;63
14;371.96;541.95;38.69;64
14;371.96;541.95;38.69;65
14;371.74;541.95;38;66
14;371.25;543.54;38.44;67
14;371.27;541.95;37.95;68
14;371.27;541.95;37.95;69
14;371.27;541.95;37.95;70
14;371.27;541.95;37.95;71
14;368.95;542.38;40.7;72
14;370.55;541.95;38.55;73
14;370.33;541.95;37.86;74
14;367.8;539.97;39.77;75
14;370.33;541.95;37.86;76
14;370.33;541.95;37.86;77
14;370.33;541.95;37.86;78
14;370.21;541.95;37.52;79
14;370.21;541.95;37.52;80
14;370.21;541.95;37.52;81
14;370.21;541.95;37.52;82
14;370.21;541.95;37.52;83
14;370.21;541.95;37.52;84
14;370.21;541.95;37.52;85
14;370.21;541.95;37.52;86
14;370.21;541.95;37.52;87
14;370.21;541.95;37.52;88
14;370.21;541.95;37.52;89
14;370.21;541.95;37.52;90
14;370.21;541.95;37.52;91
14;367.41;541.95;38.58;92
14;367.41;541.95;38.58;93
14;366.09;543.1;39.72;94
14;365.87;543.1;40.33;95
14;366.65;542.76;39.1;96
14;366.65;542.76;39.1;97
14;366.65;543.8;38.13;98
14;366.65;543.8;38.13;99
14;366.65;544.15;37.8;100
14;366.65;544.09;38.71;101
14;366.65;544.09;38.71;102
14;368.95;545.09;39.06;103
14;368.95;545.09;39.06;104
14;368.95;545.15;38.17;105
14;368.95;545.15;38.17;106
14;368.95;545.15;38.17;107
14;367.8;544.59;38.88;108
14;367.8;544.59;38.88;109
14;366.65;544.37;39.29;110
14;366.65;545.48;37.41;111
14;366.65;545.48;37.41;112
14;365.5;544.72;40.89;113
14;365.5;544.72;40.89;114
14;365.5;544.72;40.89;115
14;366.65;545.48;37.41;116
14;366.65;545.48;37.41;117
14;365.5;544.72;40.89;118
14;364.35;544.21;40.76;119
14;365.5;545.83;39.01;120
15;422.98;466.47;15.77;1
15;428.72;461.27;6.04;2
15;429.87;460.63;3.17;3
15;429.87;460.63;3.17;4
15;429.87;460.63;3.17;5
15;429.87;458.11;2.5;6
15;426.42;455.92;6.27;7
15;421.83;449.68;1.88;8
15;422.98;448;1.72;9
15;424.13;447.82;1.19;10
15;425.27;445.67;2.46;11
15;425.27;442.68;3.17;12
15;425.27;443.66;2.29;13
15;424.13;446.65;1.26;14
15;424.13;444.18;2.51;15
15;426.42;441.84;3.26;16
16;539.07;507.75;4.81;1
16;537.92;507.63;6.21;2
16;537.92;507.63;6.21;3
16;536.77;507.51;7.62;4
16;536.77;507.51;7.62;5
16;535.62;507.48;6.96;6
16;535.62;507.35;3.64;7
16;537.92;505.41;1.31;8
16;537.92;505.86;3.8;9
16;535.62;510.45;8.68;10
16;535.62;511.26;8.23;11
16;534.47;511.13;9.64;12
16;535.62;511.57;7.39;13
16;533.32;511.3;7.55;14
16;532.17;511.47;8.13;15
16;532.17;511.47;8.13;16
16;534.47;511.74;5.28;17
16;532.17;511.47;8.13;18
16;532.17;511.47;8.13;19
16;532.17;511.47;8.13;20
16;533.32;511.6;6.7;21
16;533.32;510.99;5.69;22
16;533.32;510.48;5.3;23
16;534.47;510.1;3.47;24
16;533.32;509.97;4.91;25
16;533.32;508.23;5.19;26
16;535.62;508.48;2.33;27
16;535.62;508.48;2.33;28
16;533.32;508.23;5.19;29
16;535.62;508.48;2.33;30
16;533.32;508.23;5.19;31
16;535.62;508.48;2.33;32
16;535.62;508.06;2.56;33
16;535.62;508.06;2.56;34
16;534.47;511.02;3.64;35
16;535.62;508.08;5.28;36
16;532.17;507.11;8.54;37
16;532.17;507.11;8.54;38
16;531.02;508.48;5.75;39
16;533.32;507.22;7.11;40
16;532.17;507.11;8.54;41
16;531.02;508.7;9.68;42
16;532.17;508.83;8.25;43
16;531.02;508.7;9.68;44
16;533.32;506.2;6.33;45
16;533.32;506.2;6.33;46
16;531.02;506.27;8.35;47
16;533.32;507.31;5.03;48
16;534.47;507.43;3.59;49
16;535.62;507.55;2.16;50
16;534.47;507.54;4.22;51
16;535.62;507.87;4.03;52
16;532.17;507.51;8.32;53
16;533.32;507.74;7.5;54
16;534.47;507.86;6.08;55
16;535.62;507.98;4.66;56
16;535.62;507.98;4.66;57
16;534.47;507.86;6.08;58
16;534.47;507.86;6.08;59
16;535.62;506.12;4.32;60
16;536.77;503.56;3.02;61
16;536.77;501.81;3.31;62
16;537.92;501.49;2.12;63
16;537.92;501.49;2.12;64
16;535.62;501.42;5.59;65
16;534.47;501.56;8.23;66
16;536.77;501.75;5.4;67
16;536.77;501.98;6.64;68
16;535.62;501.88;8.05;69
16;535.62;501.88;8.05;70
16;535.62;501.88;8.05;71
16;535.62;501.88;8.05;72
16;537.92;502.07;5.23;73
16;535.62;501.88;8.05;74
16;532.17;501.6;12.28;75
16;534.47;502.59;9.01;76
16;534.47;503;8.79;77
16;534.47;503;8.79;78
16;533.32;502.9;10.2;79
16;535.62;501.37;7.66;80
16;534.47;500.87;9.29;81
16;534.47;500.87;9.29;82
16;534.47;500.87;9.29;83
16;535.62;500.96;7.88;84
16;534.47;500.87;9.29;85
16;535.62;500.96;7.88;86
16;534.47;500.64;8.07;87
16;534.47;502.72;4.86;88
16;532.17;502.53;7.72;89
16;533.32;503.19;9.36;90
16;532.17;504.18;9.5;91
16;532.17;502.93;7.49;92
16;533.32;503.48;8.53;93
16;533.32;503.48;8.53;94
16;533.32;503.48;8.53;95
16;533.32;503.48;8.53;96
16;533.32;503.48;8.53;97
16;533.32;503.48;8.53;98
16;532.17;502.69;11;99
16;534.47;502.88;8.17;100
16;533.32;502.79;9.59;101
16;533.32;502.79;9.59;102
16;534.47;502.88;8.17;103
16;534.47;502.88;8.17;104
16;534.47;502.88;8.17;105
16;534.47;504.1;7.5;106
16;532.17;503.56;8.5;107
16;534.47;503.76;5.65;108
16;533.32;504.98;7.01;109
16;534.47;505.09;5.58;110
16;533.32;504.69;7.85;111
16;532.17;504.58;9.28;112
16;532.17;504.58;9.28;113
16;533.32;504.39;8.69;114
16;532.17;502.82;6.88;115
16;534.47;503.02;4.01;116
16;531.02;502.72;8.31;117
16;532.17;503.04;8.11;118
16;533.32;503.48;8.53;119
16;534.47;503.69;7.72;120
17;503.44;468.89;1.65;1
17;502.29;468.83;2.96;2
17;503.44;468.89;1.65;3
17;503.44;468.33;1.38;4
17;501.14;468.67;4;5
17;502.29;471.91;3.73;6
17;502.29;471.88;2.03;7
17;502.29;471.88;2.03;8
17;501.14;471.01;1.52;9
17;501.14;471.01;1.52;10
17;501.14;470.45;1.25;11
17;499.99;470.56;2.44;12
17;501.14;470.98;2.23;13
17;501.14;470.98;2.23;14
17;501.14;471.9;2.92;15
17;502.29;471.99;1.59;16
17;501.14;472.7;1.61;17
17;501.14;472.7;1.61;18
17;501.14;472.7;1.61;19
17;501.14;472.62;1.33;20
17;499.99;473.1;2.22;21
17;501.14;473.37;1.45;22
17;501.14;473.37;1.45;23
17;499.99;473.02;1.93;24
17;501.14;473.65;1.58;25
17;501.14;474.48;1.99;26
17;499.99;475.54;2.43;27
17;499.99;476.52;1.68;28
17;499.99;476.6;1.97;29
17;499.99;477.35;2.09;30
17;499.99;477.35;2.09;31
17;499.99;476.17;2.98;32
17;501.14;476.9;1.2;33
17;501.14;476.9;1.2;34
17;499.99;474.24;2.04;35
17;499.99;474.24;2.04;36
17;499.99;474.32;2.32;37
17;499.99;475.23;3.01;38
17;501.14;475.55;1.53;39
17;501.14;476.22;1.36;40
17;499.99;476.49;2.4;41
17;498.84;477.73;2.7;42
17;499.99;478.15;1.49;43
17;497.69;477.86;4.18;44
17;498.84;478.08;3.12;45
17;497.69;475.1;5.25;46
17;499.99;475.54;2.43;47
17;497.69;475.52;4.25;48
17;501.14;475.94;1.23;49
17;501.14;475.94;1.23;50
17;499.99;475.82;2.56;51
17;499.99;476.06;3.41;52
17;499.99;476.41;3.83;53
17;498.84;476.28;5.15;54
17;499.99;476.41;3.83;55
17;501.14;476.54;2.5;56
17;501.14;476.54;2.5;57
17;501.14;476.54;2.5;58
17;501.14;476.54;2.5;59
17;501.14;476.54;2.5;60
17;501.14;476.54;2.5;61
17;498.84;476.28;5.15;62
17;498.84;476.28;5.15;63
17;498.84;476.28;5.15;64
17;502.29;477.03;1.59;65
17;501.14;477.18;3.05;66
17;502.29;478.58;4.55;67
17;502.29;478.58;4.55;68
17;501.14;478.28;5.29;69
17;502.29;477.87;3.71;70
17;501.14;476.94;5.6;71
17;501.14;476.63;6.17;72
17;501.14;476.12;6.88;73
17;501.14;476.12;6.88;74
17;501.14;476.12;6.88;75
17;501.14;476.98;4.9;76
17;502.29;477.11;3.59;77
17;501.14;476.98;4.9;78
17;503.44;472.08;5.53;79
17;505.73;470.76;2.64;80
17;503.44;471.79;6.95;81
17;505.73;470.98;3.21;82
17;504.58;470.71;5.91;83
17;505.73;470.24;3.91;84
17;505.73;470.24;3.91;85
17;504.58;470.71;5.91;86
17;505.73;470.7;4.24;87
17;505.73;470.7;4.24;88
17;505.73;470.91;4.8;89
17;506.88;471.01;3.82;90
17;508.03;471.08;3.65;91
17;508.03;471.08;3.65;92
17;505.73;471.37;7.72;93
17;505.73;470.02;6.78;94
17;506.88;469.55;4.82;95
17;508.03;471.78;8.51;96
17;508.03;471.9;8.4;97
17;508.03;471.9;8.4;98
17;508.03;471.14;7.29;99
17;506.88;471.58;9.18;100
17;508.03;471.81;7.76;101
17;508.03;471.35;7.83;102
17;506.88;470.51;7.28;103
17;506.88;470.51;7.28;104
17;506.88;471.06;7.86;105
17;506.88;471.06;7.86;106
17;506.88;470.96;7.59;107
17;506.88;470.96;7.59;108
17;506.88;470.96;7.59;109
17;506.88;470.96;7.59;110
17;506.88;471.27;8.39;111
17;508.03;470.06;7.92;112
17;508.03;470.06;7.92;113
17;506.88;470.52;9.8;114
17;506.88;470.52;9.8;115
17;506.88;470.52;9.8;116
17;506.88;470.65;9.32;117
17;505.73;470.7;10.16;118
17;505.73;469.73;8.53;119
17;505.73;470.48;10.01;120
18;468.95;540.93;21.04;1
18;468.95;541.03;20.25;2
18;467.8;541.11;21.87;3
18;467.8;541.11;21.87;4
18;467.8;541.11;21.87;5
18;468.95;541.04;18.89;6
18;466.65;540.89;23.17;7
18;466.65;540.89;23.17;8
18;460.91;538.05;22.53;9
18;462.06;538.24;21.07;10
18;460.91;538.74;22.41;11
18;460.91;540.12;20.73;12
18;458.61;539.32;22.78;13
18;457.46;539.89;21.91;14
18;456.31;539.99;25.31;15
18;456.31;540.76;24.35;16
18;457.46;540.97;22.76;17
18;457.46;542.32;25.4;18
18;456.31;542.99;23.74;19
18;455.16;540.56;25.97;20
18;451.71;539.55;19.5;21
18;451.71;539.47;21.96;22
18;450.56;539.87;26.04;23
18;451.71;540.63;25.02;24
18;451.71;540.63;25.02;25
18;450.56;540.24;25.54;26
18;450.56;540.24;25.54;27
18;454.01;539.22;26.17;28
18;454.01;539.22;26.17;29
18;454.01;539.22;26.17;30
18;452.86;540.17;27.86;31
18;455.16;538.92;24.39;32
18;454.01;539.04;27.86;33
18;452.86;539.42;28.83;34
18;450.56;539.88;27.54;35
18;450.56;539.12;27.04;36
18;449.41;539.24;30.71;37
18;450.56;539.98;29.64;38
18;449.41;540.53;27.48;39
18;449.41;540.53;27.48;40
18;449.41;540.81;27.86;41
18;448.26;540.62;29.72;42
18;447.11;538.46;27.4;43
18;447.11;538.3;29.2;44
18;447.11;538.32;30.72;45
18;448.26;539.04;29.58;46
18;447.11;539.17;33.34;47
18;448.26;539.51;29.71;48
18;448.26;539.51;29.71;49
18;450.56;539.67;24.77;50
18;450.56;540.16;27.92;51
18;449.41;542.58;29.25;52
18;449.41;542.58;29.25;53
18;448.26;542.66;29.98;54
18;449.41;542.78;27.5;55
18;450.56;543.28;24.54;56
18;450.56;542.05;23.89;57
18;450.56;541.1;23.63;58
18;449.41;540.33;26.22;59
18;450.56;539.86;24.52;60
18;450.56;540.81;26.3;61
18;450.56;540.81;26.3;62
18;450.56;542.33;24.28;63
18;449.41;541.74;29.62;64
18;449.41;541.74;29.62;65
18;450.56;541.57;28.3;66
18;450.56;541.66;28.92;67
18;452.86;540.73;24.16;68
18;452.86;540.73;24.16;69
18;451.71;540.06;25.77;70
18;453.44;538.63;25.44;71
18;455.16;537.19;25.12;72
18;456.31;537.28;24.35;73
18;456.31;537.8;27.34;74
18;456.31;537.8;27.34;75
18;455.16;537.93;30.71;76
18;455.16;538.4;30.83;77
18;456.31;538.28;27.46;78
18;456.31;538.47;27.22;79
18;456.31;538.47;27.22;80
18;455.16;539.43;28.83;81
18;455.16;539.43;28.83;82
18;455.16;539.62;28.6;83
18;455.16;539.05;29.31;84
18;455.16;539.05;29.31;85
18;455.16;539.41;25.97;86
18;456.31;539.49;22.27;87
18;455.16;539.6;25.73;88
18;457.46;540.58;26.11;89
18;455.16;540.75;28.6;90
18;456.31;539.23;26.27;91
18;457.46;538.83;23.97;92
18;455.16;539.06;30.71;93
18;456.31;538.95;27.34;94
18;455.16;539.25;30.48;95
18;455.16;540.56;28.83;96
18;456.31;539.71;26.39;97
18;456.31;539.71;27.81;98
18;457.46;539.61;24.45;99
18;457.46;539.61;24.45;100
18;457.46;539.61;24.45;101
18;457.46;539.61;24.45;102
18;456.31;539.71;27.81;103
18;457.46;539.42;24.69;104
18;456.31;539.03;25.07;105
18;456.31;538.82;23.86;106
18;455.16;539.33;28.24;107
18;456.31;539.81;28.4;108
18;457.46;539.22;24.93;109
18;455.16;536.22;30.01;110
18;455.16;536.12;29.43;111
18;455.16;536.09;28;112
18;455.16;536.75;27.89;113
18;452.86;538.77;30.38;114
18;452.86;538.77;30.38;115
18;452.86;538.77;30.38;116
18;454.01;539.71;29.18;117
18;452.86;540.08;30.15;118
18;451.71;540.09;33.05;119
18;454.01;540.84;29.18;120
19;541.37;426.57;2.06;1
19;541.37;426.57;2.06;2
19;541.37;426.39;1.83;3
19;541.37;426.23;1.87;4
19;541.37;426.08;1.91;5
19;537.92;426.2;5.22;6
19;536.77;426.88;2.89;7
19;536.77;426.88;2.89;8
19;536.77;428.03;2.03;9
19;536.77;428.21;2.26;10
19;536.77;428.58;2.72;11
19;536.77;428.7;2.41;12
19;536.77;429.39;1.66;13
19;536.77;429.39;1.66;14
19;536.77;429.39;1.66;15
19;535.62;429.58;3.06;16
19;535.62;429.62;1.93;17
19;535.62;429.89;1.58;18
19;535.62;430.5;1.41;19
19;535.62;430.5;1.41;20
19;535.62;430.5;1.41;21
19;535.62;430.98;1.57;22
19;535.62;431.36;2.31;23
19;535.62;431.36;2.31;24
19;535.62;431.36;2.31;25
19;535.62;431.36;2.31;26
19;535.62;431.36;2.31;27
19;535.62;431.36;2.31;28
19;535.62;430.24;2.02;29
19;535.62;430.24;2.02;30
19;535.62;430.35;1.87;31
19;535.62;430.98;2.63;32
19;535.62;430.98;2.63;33
19;535.62;430.98;2.63;34
19;535.62;430.98;2.63;35
19;535.62;431.26;3.84;36
19;535.62;431.35;4.24;37
19;535.62;432.02;3.88;38
19;535.62;432.51;2.72;39
19;535.62;432.97;2.11;40
19;535.62;432.97;2.11;41
19;534.47;433.93;4.17;42
19;534.47;433.76;3.36;43
19;534.47;433.52;3.67;44
19;535.62;432.56;1.6;45
19;535.62;432.68;3.53;46
19;534.47;432.81;7.16;47
19;535.62;432.09;2.21;48
19;535.62;432.09;2.21;49
19;535.62;432.09;2.21;50
19;535.62;432.09;2.21;51
19;535.62;432.09;2.21;52
19;534.47;431.95;2.59;53
19;534.47;431.95;2.59;54
19;534.47;431.95;2.59;55
19;533.32;432.09;4.25;56
19;531.02;432.78;10.86;57
19;532.17;432.01;6.28;58
19;533.32;431.6;2.74;59
19;531.02;432.41;9.82;60
19;532.17;431.71;5.61;61
19;533.32;431.3;2.05;62
19;532.17;431.3;5.08;63
19;532.17;431.3;5.08;64
19;532.17;431.3;5.08;65
19;532.17;431.3;5.08;66
19;531.02;431.81;9.06;67
19;531.02;431.81;9.06;68
19;531.02;431.81;9.06;69
19;532.17;431.4;5.5;70
19;533.32;431.54;4.46;71
19;531.02;432.35;11.45;72
19;533.32;431.15;3.37;73
19;531.02;431.97;10.41;74
19;532.17;431.56;6.89;75
19;533.32;431.15;3.37;76
19;532.17;431.56;6.89;77
19;531.02;431.89;10.01;78
19;531.02;431.89;10.01;79
19;529.87;431.44;12.17;80
19;531.02;430.9;8.19;81
19;531.02;431.32;8.14;82
19;531.02;431.32;8.14;83
19;532.17;430.89;4.56;84
19;531.02;430.89;8.75;85
19;532.17;431.41;8.15;86
19;531.02;431.51;8.96;87
19;531.02;431.78;10.16;88
19;532.17;431.74;7.7;89
19;532.17;431.74;7.7;90
19;533.32;430.55;5.28;91
19;532.17;429.97;6.94;92
19;532.17;429.77;6.68;93
19;533.32;428.66;2.36;94
19;533.32;429.28;4.31;95
19;534.47;429.61;4.14;96
19;534.47;429.71;4.55;97
19;534.47;429.71;4.55;98
19;534.47;429.71;4.55;99
19;534.47;429.71;4.55;100
19;533.32;430.15;7.95;101
19;533.32;430.26;7.8;102
19;534.47;430.05;4.09;103
19;532.17;431.21;11.01;104
19;531.02;430.94;10.81;105
19;533.32;429.97;2.79;106
19;531.02;431.07;9.56;107
19;532.17;430.57;4.45;108
19;532.17;430.78;4.71;109
19;533.32;430.96;2.53;110
19;532.17;431.56;6.89;111
19;532.17;431.56;6.89;112
19;532.17;431.56;6.89;113
19;532.17;431.56;6.89;114
19;532.17;431.6;5.76;115
19;532.17;431.6;5.76;116
19;531.02;431.96;7.79;117
19;531.02;431.96;7.79;118
19;531.02;431.96;7.79;119
19;531.02;431.96;7.79;120
20;543.67;416.88;6;1
20;543.67;416.88;6;2
20;543.67;416.88;6;3
20;541.37;417.81;10.55;4
20;541.37;417.53;8.43;5
20;540.22;418.27;10.67;6
20;540.22;418.51;7.33;7
20;540.22;418.51;7.33;8
20;541.37;417.86;4.39;9
20;540.22;418.51;7.33;10
20;539.07;419.16;10.27;11
20;539.07;419.04;9.92;12
20;540.22;418.47;5.82;13
20;537.92;419.74;10.8;14
20;537.92;419.95;10.52;15
20;539.07;420.18;7.4;16
20;537.92;421.22;9.86;17
20;539.07;420.59;5.29;18
20;537.92;421.2;8.35;19
20;537.92;421.2;8.35;20
20;536.77;422.96;9.38;21
20;536.77;423.82;8.25;22
20;536.77;424.03;7.96;23
20;536.77;424.03;7.96;24
20;536.77;424.03;7.96;25
20;536.77;423.38;7.79;26
20;536.77;423.39;8.82;27
20;536.77;423.6;9.05;28
20;535.62;425.01;11.06;29
20;536.77;424.46;7.91;30
20;537.92;423.91;4.76;31
20;536.77;424.78;8;32
20;537.92;424.68;5.85;33
20;539.07;424.7;4.11;34
20;537.92;427.88;8.25;35
20;540.22;427.9;4.46;36
20;539.07;428.94;8.63;37
20;539.07;429.17;5.48;38
20;537.92;429.58;8.53;39
20;539.07;429.75;9.49;40
20;539.07;428.3;11.71;41
20;540.22;427.86;8.8;42
20;540.22;427.56;8.24;43
20;539.07;427.78;11.42;44
20;539.07;428.55;10.49;45
20;540.22;428.27;9.23;46
20;539.07;428.7;12.12;47
20;539.07;428.7;12.12;48
20;539.07;428.7;12.12;49
20;540.22;428.27;9.23;50
20;540.22;428.68;9.65;51
20;539.07;429.1;12.54;52
20;539.07;429.24;11.47;53
20;540.22;428.83;8.55;54
20;540.22;429.22;9.46;55
20;539.07;429.62;12.35;56
20;539.07;429.62;12.35;57
20;537.92;430.02;15.24;58
20;536.77;430.58;12.24;59
20;535.62;430.98;15.28;60
20;535.62;430.72;14.25;61
20;535.62;430.63;13.9;62
20;535.62;429.62;13.79;63
20;535.62;429.32;13.71;64
20;533.32;429.06;18.63;65
20;533.32;429.06;18.63;66
20;534.47;427.61;13.94;67
20;534.47;426.98;14.76;68
20;534.47;426.98;14.76;69
20;534.47;426.88;14.89;70
20;535.62;426.37;11.76;71
20;534.47;426.88;14.89;72
20;534.47;427.36;16.63;73
20;533.32;427.87;19.71;74
20;534.47;427.46;16.97;75
20;535.62;426.53;15.85;76
20;535.62;426.62;16.19;77
20;536.77;427.88;16.91;78
20;536.77;428.35;18.08;79
20;536.77;428.76;17.58;80
20;536.77;428.68;16.8;81
20;536.77;428.68;16.8;82
20;536.77;428.68;16.8;83
20;536.77;428.77;17.13;84
20;537.92;428.75;16.76;85
20;537.92;428.75;16.76;86
20;536.77;429.01;18.99;87
20;536.77;427.36;17.54;88
20;537.92;426.59;14.09;89
20;536.77;426.88;16.36;90
20;536.77;426.69;15.69;91
20;536.77;427.22;14.57;92
20;536.77;427.22;14.57;93
20;536.77;427.22;14.57;94
20;536.77;427.22;14.57;95
20;536.77;427.33;14.44;96
20;535.62;426.6;18.04;97
20;535.62;426.11;17.3;98
20;534.47;425.95;19.36;99
20;535.62;423.79;17.03;100
20;535.62;423.79;17.03;101
20;534.47;424.37;20.02;102
20;535.62;423.79;17.03;103
20;535.62;423.79;17.03;104
20;535.62;424.7;18.18;105
20;535.62;424.8;18.5;106
20;535.62;424.7;19.08;107
20;535.62;424.7;19.08;108
20;535.62;424.7;19.08;109
20;535.62;424.7;19.08;110
20;535.62;424.7;19.08;111
20;535.62;425.69;20.07;112
20;536.77;425.16;17.15;113
20;536.77;426.16;17.25;114
20;535.43;425.86;15.58;115
20;535.15;427.01;19.01;116
20;535.72;425.86;15.13;117
20;535.43;425.86;15.58;118
20;535.15;425.86;16.03;119
20;535.18;425.86;16.8;120
21;507.45;303.62;41.19;1
21;506.89;303.21;41.19;2
21;504.49;301.85;41.19;3
21;504.49;301.85;41.19;4
21;502.73;301.37;41.19;5
21;501.79;301.51;41.19;6
21;498.73;300.48;41.19;7
21;496.4;299.6;41.19;8
21;490.71;298.71;41.19;9
21;489.04;297.48;41.19;10
21;488.48;297.06;41.19;11
21;486.8;295.82;41.19;12
21;483.9;294.85;39.86;13
21;479.3;291.84;39.25;14
21;477;290.18;40.05;15
21;474.7;288.39;38.14;16
21;474.7;287.22;39.94;17
21;473.55;286.36;39.89;18
21;468.95;284.63;39.44;19
21;467.8;282.87;38.29;20
21;467.8;282.47;38.58;21
21;467.8;282.47;38.58;22
21;467.8;280.08;41.14;23
21;464.35;276.2;40.25;24
21;464.35;276.2;40.25;25
21;463.21;275.14;36.96;26
21;463.21;274.27;36.69;27
21;463.21;273.68;40.54;28
21;462.06;272.6;37.28;29
21;460.91;270.7;34.59;30
21;459.76;269.73;32.99;31
21;460.91;270.82;36.23;32
21;460.91;270.82;36.23;33
21;462.06;272.25;38.38;34
21;463.21;273.27;40.82;35
21;462.06;272.19;37.56;36
21;463.21;273.27;40.82;37
21;460.91;271.11;34.3;38
21;462.06;272.19;37.56;39
21;462.06;271.9;39.47;40
21;460.91;270.82;36.23;41
21;460.91;270.82;36.23;42
21;462.06;271.9;39.47;43
21;460.91;270.82;36.23;44
21;462.06;271.9;39.47;45
21;462.06;271.9;39.47;46
21;462.06;271.9;39.47;47
21;460.91;270.82;36.23;48
21;460.91;270.82;36.23;49
21;462.06;271.9;39.47;50
21;460.91;267.5;32.43;51
21;460.91;267.5;32.43;52
21;460.91;267.77;35.74;53
21;459.76;265.42;33.35;54
21;460.91;266.54;36.59;55
21;460.91;266.13;36.87;56
21;459.76;263.48;37.41;57
21;458.61;263.04;35.58;58
21;458.61;263.04;35.58;59
21;457.46;261.58;34.16;60
21;457.46;260.36;35.74;61
21;457.46;260.36;35.74;62
21;458.61;257.94;35.5;63
21;458.61;257.94;35.5;64
21;459.76;254.71;34.48;65
21;459.76;253.08;32.93;66
21;459.76;251.44;31.36;67
21;462.06;248.44;30.56;68
21;463.21;247.57;29.02;69
21;463.21;247.83;27.16;70
21;465.5;248.86;28.13;71
21;465.5;247.94;24.37;72
21;465.5;247.68;22.67;73
21;465.5;247.34;21.61;74
21;466.65;247.81;24.23;75
21;466.65;247.64;25.5;76
21;465.5;247.68;26.26;77
21;467.8;248.78;30.17;78
21;465.5;248.7;25.83;79
21;468.95;250.51;30.46;80
21;468.95;250.86;27.95;81
21;470.1;252.09;28.46;82
21;471.25;252.8;29.19;83
21;471.25;253.07;27.29;84
21;475.85;255.93;30.28;85
21;480.45;258.18;34.25;86
21;485.04;260.17;40.23;87
21;485.04;260.12;37.3;88
21;488.49;261.53;38.35;89
21;490.79;262.55;39.66;90
21;490.79;262.55;39.66;91
21;491.94;264.13;40.76;92
21;491.94;265.56;40.13;93
21;494.24;270;39.38;94
21;494.24;270;39.38;95
21;494.24;270;39.38;96
21;495.39;271.63;39.87;97
21;495.39;272.49;40.1;98
21;495.39;273.07;39.24;99
21;494.24;278.97;39.04;100
21;496.54;282.53;40.49;101
21;496.54;284.08;39.22;102
21;497.69;287.93;39.34;103
21;497.69;289.95;40.23;104
21;498.84;291.54;35.98;105
21;501.14;292.8;33.02;106
21;504.58;293.91;35.11;107
21;505.73;294.43;31.77;108
21;509.18;295.54;33.97;109
21;509.18;296.04;31.17;110
21;509.18;296.78;29.53;111
21;509.18;298.1;29.58;112
21;511.48;300.3;28.67;113
21;513.78;302.56;25.05;114
21;513.78;302.56;25.05;115
21;513.78;303.11;22.08;116
21;516.08;304.07;23.08;117
21;517.23;304.16;19.59;118
21;517.23;304.16;19.59;119
21;513.78;306.9;14.04;120
22;562.56;305.54;17.19;1
22;563.69;306.33;21.19;2
22;563.3;304.87;21.19;3
22;560.91;301.62;16.42;4
22;562.06;302.47;20.41;5
22;558.61;296.55;12.56;6
22;557.46;295.65;13.43;7
22;557.46;296.55;16.2;8
22;555.16;295.35;16.17;9
22;554.01;294.75;17.44;10
22;550.56;293.01;11.96;11
22;551.71;293.58;14.38;12
22;550.56;292.39;11.68;13
22;552.86;294.15;18.67;14
22;550.56;295.09;15.71;15
22;552.86;299.35;12.62;16
22;554.01;298.71;13.28;17
22;555.16;299.62;12.42;18
22;558.61;303.26;21.64;19
22;558.61;303.26;21.64;20
22;557.46;302.47;17.88;21
22;557.46;303.25;21.17;22
22;557.46;303.53;21.63;23
22;559.76;307.51;23.99;24
22;562.06;311.11;26.69;25
22;563.21;312.45;28.36;26
22;562.06;311.78;24.46;27
22;562.06;313.73;29.37;28
22;562.06;313.73;29.37;29
22;560.91;313.2;23.66;30
22;562.06;313.98;25;31
22;563.21;313.98;25.62;32
22;562.79;315.61;21.19;33
22;565.71;316.77;29.19;34
22;564.58;316.15;25.19;35
22;567.92;318.7;29.19;36
22;566.48;318.96;25.19;37
22;568.49;319.95;33.19;38
22;568.28;320.58;33.19;39
22;567.13;319.73;29.19;40
22;568.23;320.28;33.19;41
22;568.23;320.28;33.19;42
22;569.93;321.02;41.19;43
22;568.06;320.15;33.19;44
23;493.03;257.02;5.19;1
23;491.51;256.5;1.19;2
23;491.51;256.5;1.19;3
23;491.51;256.5;1.19;4
23;491.25;256.51;1.19;5
23;489.95;257.06;1.19;6
23;489.69;258.1;1.19;7
23;488.66;258.39;1.19;8
23;488.4;258.65;1.19;9
23;488.4;258.65;1.19;10
23;488.39;259.96;1.19;11
23;488.52;260.09;1.19;12
23;488.52;260.09;1.19;13
23;488.52;260.09;1.19;14
23;488.52;260.09;1.19;15
23;488.52;260.09;1.19;16
23;488.39;260.22;1.19;17
23;488.13;260.75;1.19;18
23;488.39;261;1.19;19
23;488.39;261;1.19;20
23;488.39;261;1.19;21
23;488.39;261;1.19;22
23;488.39;261;1.19;23
23;488.39;261;1.19;24
23;489.47;260.42;5.19;25
23;488.39;261;1.19;26
23;488.39;261;1.19;27
23;488;261.41;1.19;28
23;489.09;260.81;5.19;29
23;489.98;261.17;5.19;30
23;490.2;261.23;1.19;31
23;490.98;261.47;1.19;32
23;491.75;261.13;5.19;33
23;490.74;261.67;5.19;34
23;490.74;261.15;5.19;35
23;491.12;260.76;5.19;36
23;490.98;261.99;1.19;37
23;492.01;261.38;5.19;38
23;492.26;261.12;5.19;39
23;492.26;261.12;5.19;40
23;492.26;261.12;5.19;41
23;490.72;262.26;1.19;42
23;489.94;262.54;1.19;43
23;489.94;262.54;1.19;44
23;488.77;262.7;1.19;45
23;488.51;262.7;1.19;46
23;488.51;262.7;1.19;47
23;488.64;263.09;1.19;48
23;490.19;265.42;1.19;49
23;490.19;265.42;1.19;50
23;490.2;265.16;1.19;51
23;490.2;265.16;1.19;52
23;490.45;265.42;1.19;53
23;489.68;264.38;1.19;54
23;489.55;264.25;1.19;55
23;490.46;265.15;1.19;56
23;491.49;266.18;1.19;57
23;491.88;266.83;1.19;58
23;491.88;267.88;1.19;59
23;492.66;268.13;1.19;60
23;492.53;268;1.19;61
23;492.4;268.4;1.19;62
23;492.4;268.4;1.19;63
23;492.4;268.93;1.19;64
23;492.4;268.93;1.19;65
23;492.53;268.53;1.19;66
23;492.53;268.53;1.19;67
23;492.4;268.13;1.19;68
23;491.88;268.15;1.19;69
23;491.88;268.15;1.19;70
23;491.88;268.15;1.19;71
23;491.88;268.15;1.19;72
23;491.88;268.15;1.19;73
23;491.75;268.02;1.19;74
23;491.36;267.89;1.19;75
23;491.36;267.89;1.19;76
23;491.1;267.9;1.19;77
23;491.1;267.9;1.19;78
23;491.1;267.9;1.19;79
23;491.1;267.9;1.19;80
23;491.1;267.9;1.19;81
23;491.1;267.9;1.19;82
23;490.97;268.56;1.19;83
23;490.97;268.56;1.19;84
23;491.75;268.81;1.19;85
23;491.75;268.81;1.19;86
23;491.75;268.81;1.19;87
23;491.94;269.15;1.75;88
23;492.14;269.46;1.19;89
23;493.09;269.39;2.86;90
23;493.09;269.39;2.86;91
23;493.09;269.47;3.09;92
23;493.09;269.47;3.09;93
23;493.09;269.47;3.09;94
23;493.09;269.47;3.09;95
23;493.09;269.81;2.1;96
23;494.24;269.54;3.05;97
23;494.24;269.54;3.05;98
23;493.09;269.03;2.42;99
23;493.09;269.03;2.42;100
23;493.09;268.61;3.18;101
23;493.09;268.75;2.93;102
23;493.09;269.44;1.65;103
23;493.09;269.44;1.65;104
23;493.09;269.46;2.38;105
23;493.09;269.46;2.38;106
23;493.09;269.23;1.67;107
23;493.09;269.23;1.67;108
23;493.09;268.95;2.19;109
23;493.09;268.95;2.19;110
23;491.94;269.46;2.67;111
23;493.09;268.81;5.75;112
23;493.09;268.51;4.85;113
23;491.94;268.93;1.77;114
23;493.09;268.89;2.68;115
23;493.09;268.89;2.68;116
23;493.09;268.89;2.68;117
23;494.24;268.44;5.08;118
23;493.09;268.81;2.44;119
23;493.09;269.25;3.12;120
24;505.73;239.32;36.13;1
24;505.73;240.03;37.46;2
24;504.58;240.43;35.19;3
24;505.73;241.12;33.05;4
24;505.73;241.12;33.05;5
24;505.73;241.39;31.53;6
24;505.73;241.39;31.53;7
24;504.58;241.53;29.93;8
24;504.58;241.53;29.93;9
24;504.58;241.28;32.21;10
24;503.44;241.21;31.61;11
24;503.44;240.76;32.75;12
24;503.44;240.46;33.5;13
24;502.29;240.66;33.43;14
24;502.29;240.67;33.78;15
24;501.14;240.6;31.62;16
24;502.29;240.9;35.16;17
24;499.99;240.99;31.95;18
24;501.14;241.05;34.06;19
24;499.99;241.25;30.13;20
24;499.99;241.25;30.13;21
24;498.84;241.2;27.99;22
24;499.99;241.25;30.13;23
24;499.99;241.25;30.13;24
24;498.84;241.2;27.99;25
24;498.84;240.66;27.67;26
24;498.84;240.66;27.67;27
24;499.99;240.72;29.82;28
24;499.99;240.8;29.63;29
24;499.99;241.14;29.59;30
24;499.99;241.14;29.59;31
24;498.84;241.09;27.44;32
24;499.99;241.14;29.59;33
24;498.84;241.09;27.44;34
24;498.84;241.09;27.44;35
24;499.99;241.54;28.63;36
24;501.14;241.91;30.4;37
24;501.14;242.07;30.02;38
24;501.14;243.43;29.51;39
24;502.29;243.35;31.54;40
24;502.29;242.71;32.69;41
24;502.29;242.31;33.26;42
24;502.29;242.31;33.26;43
24;502.29;242.31;33.26;44
24;502.29;242.31;33.26;45
24;502.29;242.31;33.26;46
24;502.29;241.74;33.5;47
24;502.29;241.74;33.5;48
24;502.29;241.74;33.5;49
24;501.14;241.69;31.34;50
24;502.29;241.66;33.68;51
24;501.14;241.61;31.52;52
24;501.14;241.61;31.52;53
24;501.14;241.61;31.52;54
24;501.14;241.22;32.1;55
24;499.99;240.89;29.8;56
24;502.29;240.78;34.3;57
24;499.99;239.47;30.49;58
24;501.14;239.56;32.62;59
24;501.14;239.89;32.59;60
24;501.14;239.89;32.59;61
24;501.14;239.89;32.59;62
24;501.14;240.35;33.43;63
24;501.14;241.09;33.18;64
24;502.29;241.39;35.11;65
24;502.29;241.77;34.2;66
24;501.14;242.3;31.82;67
24;501.14;242.98;31.75;68
24;501.14;243.06;31.92;69
24;501.14;243.06;31.92;70
24;502.29;243.08;34.07;71
24;502.29;243.15;33.53;72
24;502.29;245.07;34.57;73
24;502.29;245.07;34.57;74
24;502.29;245.4;34.54;75
24;502.29;245.97;33.26;76
24;502.29;245.97;33.26;77
24;502.29;246.05;33.07;78
24;502.29;246.72;32.29;79
24;503.44;246.99;33.74;80
24;502.29;247.05;31.53;81
24;502.29;247.05;31.53;82
24;502.29;247.05;31.53;83
24;504.58;247.17;35.04;84
24;504.58;247.5;34.29;85
24;504.58;247.5;33.58;86
24;504.58;247.5;33.58;87
24;504.58;246.43;33.14;88
24;504.58;246.43;33.14;89
24;504.58;246.43;33.14;90
24;504.58;246.43;33.14;91
24;504.58;246.43;33.14;92
24;505.73;246.22;35.78;93
24;505.73;245.82;35.64;94
24;506.88;245.77;37.9;95
24;506.88;245.77;37.9;96
24;506.88;245.62;38.26;97
24;508.03;245.58;40.51;98
24;508.03;245.59;41.18;99
24;506.88;245.79;39.94;100
24;504.58;242.91;36.69;101
24;504.58;242.69;37.23;102
24;502.29;242.25;33.8;103
24;502.29;241.57;35.43;104
24;498.84;240.84;31.64;105
24;499.99;240.54;34.94;106
24;497.69;240.28;31.91;107
24;497.69;239.53;33.7;108
24;497.69;239.53;33.7;109
24;497.69;239.53;33.7;110
24;497.69;239.96;33.83;111
24;498.84;240.03;35.82;112
24;497.69;238.67;36.11;113
24;497.69;238.09;37.46;114
24;497.69;238;38.42;115
24;498.84;238.04;40.48;116
24;496.54;238.41;38.23;117
24;495.39;239.54;36.09;118
24;497.69;240.63;38.82;119
24;497.69;240.59;38.19;120
25;64.02;393.5;29.19;1
25;63.36;390.65;29.19;2
25;63.14;389.77;29.19;3
25;62.26;389.55;29.19;4
25;62.04;388.89;29.19;5
25;62.04;388.89;29.19;6
25;60.73;386.04;29.19;7
25;58.97;383.63;29.19;8
25;58.75;383.63;29.19;9
25;57.44;384.94;29.19;10
25;56.12;384.51;29.19;11
25;53.93;380.56;29.19;12
25;51.08;379.24;29.19;13
25;49.98;378.58;29.19;14
25;49.81;378.87;33.19;15
25;49.59;378.87;33.19;16
25;43.18;376.83;29.19;17
25;41.64;374.63;29.19;18
25;41.42;373.32;29.19;19
25;40.77;373.32;29.19;20
25;40.77;373.32;29.19;21
25;42.96;375.95;29.19;22
25;42.96;376.17;29.19;23
25;42.08;375.95;29.19;24
25;38.13;370.03;29.19;25
25;38.13;369.81;29.19;26
25;37.91;368.05;29.19;27
25;35.62;367.54;30.34;28
25;36.77;366.83;34.97;29
25;34.47;365.82;27.18;30
25;29.87;363.73;28.04;31
25;29.87;363.73;28.04;32
25;31.02;364.16;29.6;33
25;34.47;362.39;26.43;34
25;35.62;364.15;31.08;35
25;36.77;364.69;34.97;36
25;35.62;364.51;27.33;37
25;37.26;365.86;29.19;38
25;37.04;365.86;29.19;39
25;35.62;365.17;27.33;40
25;36.77;362.88;29.78;41
25;37.9;361.76;25.19;42
25;39.01;362.57;29.19;43
25;39.45;363.89;29.19;44
25;40.99;364.54;29.19;45
25;42.3;365.42;29.19;46
25;41.42;364.76;29.19;47
25;42.49;365.74;33.19;48
25;42.3;364.98;29.19;49
25;42.74;366.3;29.19;50
25;42.74;366.3;29.19;51
25;42.74;366.3;29.19;52
25;42.74;366.3;29.19;53
25;42.74;366.3;29.19;54
25;42.96;366.74;29.19;55
25;43.26;367.79;25.19;56
25;44.38;368.02;25.19;57
25;44.38;368.02;25.19;58
25;43.71;368.46;25.19;59
25;43.71;368.46;25.19;60
25;43.18;367.83;29.19;61
25;42.15;367.35;25.19;62
25;43.04;367.79;25.19;63
25;43.39;368.45;21.19;64
25;44.16;369.36;25.19;65
25;44.16;369.36;25.19;66
25;44.16;369.58;25.19;67
25;44.3;369.82;21.19;68
25;43.26;369.81;25.19;69
25;43.49;370.25;25.19;70
25;44.16;370.92;25.19;71
25;45.44;370.5;21.19;72
25;48.62;369.59;21.19;73
25;49.3;369.82;21.19;74
25;52.03;370.27;21.19;75
25;53.62;371.18;21.19;76
25;54.76;369.82;21.19;77
25;56.58;368;21.19;78
25;56.58;367.54;21.19;79
25;56.58;365.04;21.19;80
25;56.58;365.04;21.19;81
25;54.9;364.06;17.19;82
25;54.9;364.06;17.19;83
25;55.67;364.59;21.19;84
25;54.66;364.06;17.19;85
25;54.99;365.04;21.19;86
25;54.43;363.37;17.19;87
25;53.51;361.28;17.19;88
25;53.51;361.28;17.19;89
25;52.81;360.82;17.19;90
25;52.81;360.82;17.19;91
25;51.19;359.2;17.19;92
25;49.57;358.74;17.19;93
25;50.73;358.97;17.19;94
25;51.89;360.13;17.19;95
25;52.71;360;13.19;96
25;51.53;361.41;13.19;97
25;51.3;361.65;13.19;98
25;52.35;363.83;17.19;99
25;52.12;364.29;17.19;100
25;50.35;365.42;13.19;101
25;50.35;365.42;13.19;102
25;50.35;364.24;13.19;103
25;50.27;364.06;17.19;104
25;50.27;364.06;17.19;105
25;50.27;364.29;17.19;106
25;49.41;362.36;13.19;107
25;49.8;362.21;17.19;108
25;48.88;362.44;17.19;109
25;48.65;364.75;17.19;110
25;48.18;364.99;17.19;111
25;47.95;364.99;17.19;112
25;48.85;365.5;21.19;113
25;48.85;365.5;21.19;114
25;48.85;365.5;21.19;115
25;47.95;364.99;17.19;116
25;47.95;365.68;17.19;117
25;47.95;367.53;17.19;118
25;47.03;365.22;17.19;119
25;46.1;364.75;17.19;120
26;33.55;295.47;13.19;1
26;34.49;295.94;13.19;2
26;34.03;295.79;9.19;3
26;32.83;298.66;9.19;4
26;33.55;299.62;9.19;5
26;32.37;299.78;5.19;6
26;33.31;300.1;9.19;7
26;32.36;300.81;9.19;8
26;30.67;300.51;5.19;9
26;30.67;300.51;5.19;10
26;30.42;300.51;5.19;11
26;30.42;300.51;5.19;12
26;29.48;300.81;9.19;13
26;28.77;299.86;9.19;14
26;30.02;299.7;13.19;15
26;28.48;305.62;5.19;16
26;29.48;305.12;9.19;17
26;29.48;304.4;9.19;18
26;28.23;302.95;5.19;19
26;21.42;302.7;5.19;20
26;22.3;302.97;9.19;21
26;20.69;303.43;5.19;22
26;22.15;302.7;5.19;23
26;22.3;302.01;9.19;24
26;21.66;301.73;5.19;25
26;23.02;304.4;9.19;26
26;22.03;303.92;1.19;27
26;21.04;305.65;1.19;28
26;18.38;299.73;1.4;29
26;22.3;300.1;9.19;30
26;21.18;300.51;5.19;31
26;20.79;300.46;1.19;32
26;25.74;297;1.19;33
26;25.24;297.74;1.19;34
26;25.24;297.74;1.19;35
26;24.58;300.51;5.19;36
26;24.34;301.73;5.19;37
26;24.5;304.66;1.19;38
26;24.5;304.66;1.19;39
26;26.48;303.43;1.19;40
26;24.01;301.45;1.19;41
26;23.76;301.45;1.19;42
26;23.76;300.95;1.19;43
26;23.26;301.7;1.19;44
26;23.02;301.7;1.19;45
26;22.39;301.49;5.19;46
26;21.66;301.24;5.19;47
26;21.66;301.24;5.19;48
26;21.66;300.51;5.19;49
26;21.66;300.51;5.19;50
26;22.88;299.78;5.19;51
26;23.12;299.54;5.19;52
26;23.51;298.23;1.19;53
26;24.01;297;1.19;54
26;26.04;297.84;5.19;55
26;25.8;298.57;5.19;56
26;23.26;298.23;1.19;57
26;22.88;300.03;5.19;58
26;22.06;300.81;9.19;59
26;21.35;300.34;9.19;60
26;19.53;298.55;7.88;61
26;18.38;298.32;8.06;62
26;18.38;299.51;4.78;63
26;22.3;300.57;9.19;64
26;23.02;300.57;9.19;65
26;23.98;299.38;9.19;66
26;24.7;299.14;9.19;67
26;25.07;298.81;5.19;68
26;25.07;299.78;5.19;69
26;22.06;299.86;9.19;70
26;22.06;299.86;9.19;71
26;22.06;299.86;9.19;72
26;22.78;300.34;9.19;73
26;22.78;300.34;9.19;74
26;21.59;301.05;9.19;75
26;21.83;302.01;12.52;76
26;21.83;302.01;12.52;77
26;21.82;302.49;9.19;78
26;24.94;303.69;9.19;79
26;23.85;303.43;5.19;80
26;24.22;303.21;9.19;81
26;24.46;302.73;9.19;82
26;23.61;302.46;5.19;83
26;23.61;302.46;5.19;84
26;23.61;302.46;5.19;85
26;22.77;300.95;1.19;86
26;22.77;300.46;1.19;87
26;24.58;300.51;5.19;88
26;26.04;301.24;5.19;89
26;25.49;301.45;1.19;90
26;23.76;300.71;1.19;91
26;24.83;301;5.19;92
26;24.83;300.51;5.19;93
26;26.77;298.57;5.19;94
26;26.77;298.57;5.19;95
26;26.77;298.57;5.19;96
26;26.29;298.57;5.19;97
26;23.26;299.47;1.19;98
26;24.1;300.03;5.19;99
26;25.56;300.03;5.19;100
26;26.61;299.14;9.19;101
26;29;296.51;9.19;102
26;29;296.51;9.19;103
26;27.26;297.84;5.19;104
26;27.26;297.84;5.19;105
26;26.53;299.54;5.19;106
26;25.8;299.05;5.19;107
26;25.56;299.05;5.19;108
26;24.83;299.05;5.19;109
26;25.65;299.38;9.19;110
26;24.94;300.34;9.19;111
26;24.94;300.34;9.19;112
26;24.94;300.34;9.19;113
26;24.94;300.34;9.19;114
26;25.18;300.34;9.19;115
26;26.13;299.38;9.19;116
26;26.85;299.38;9.19;117
26;26.85;299.38;9.19;118
26;26.85;299.38;9.19;119
26;25.8;299.05;5.19;120
27;57.91;279.59;33.19;1
27;57.32;278.86;29.19;2
27;57.32;279.96;29.19;3
27;57.05;279.67;21.19;4
27;57.05;279.67;21.19;5
27;57.96;278.99;21.19;6
27;57.96;278.99;21.19;7
27;58.41;278.99;21.19;8
27;58.87;279.22;21.19;9
27;58.87;279.22;21.19;10
27;58.87;280.58;21.19;11
27;59.32;280.81;21.19;12
27;59.48;280.14;17.19;13
27;59.25;278.29;17.19;14
27;59.1;279.44;21.19;15
27;58.33;282.45;17.19;16
27;58.79;280.6;17.19;17
27;59.02;280.83;17.19;18
27;59.02;280.83;17.19;19
27;59.02;279.91;17.19;20
27;59.72;278.52;17.19;21
27;60.87;279.91;17.19;22
27;60.87;281.06;17.19;23
27;63.18;281.06;17.19;24
27;64.32;280.81;21.19;25
27;65;280.81;21.19;26
27;65;280.81;21.19;27
27;61.6;283.99;21.19;28
27;60.46;286.49;21.19;29
27;60.46;285.58;21.19;30
27;60.46;285.13;21.19;31
27;60;285.81;21.19;32
27;59.48;285.23;17.19;33
27;59.48;285.23;17.19;34
27;55.78;287.54;17.19;35
27;58.33;286.38;17.19;36
27;57.86;284.53;17.19;37
27;57.73;286.04;21.19;38
27;57.28;287.17;21.19;39
27;55.78;286.61;17.19;40
27;55.78;287.08;17.19;41
27;55.2;285.82;13.19;42
27;55.78;285.69;17.19;43
27;55.09;285.46;17.19;44
27;56.25;286.38;17.19;45
27;56.25;285.23;17.19;46
27;56.25;284.3;17.19;47
27;56.71;283.61;17.19;48
27;56.71;282.68;17.19;49
27;57.28;281.94;21.19;50
27;57.55;279.7;13.19;51
27;57.55;279.47;13.19;52
27;57.4;280.6;17.19;53
27;57.73;282.63;21.19;54
27;59.1;284.67;21.19;55
27;58.19;284.67;21.19;56
27;58.64;283.99;21.19;57
27;60.23;282.63;21.19;58
27;60.52;283.94;25.19;59
27;60.52;284.16;25.19;60
27;60.3;285.05;25.19;61
27;59.32;284.67;21.19;62
27;59.86;286.61;25.19;63
27;59.86;287.51;25.19;64
27;57.05;286.72;21.19;65
27;59.78;286.26;21.19;66
27;60.46;283.76;21.19;67
27;60.69;283.31;21.19;68
27;60.46;283.54;21.19;69
27;61.42;284.16;25.19;70
27;62.09;283.71;25.19;71
27;62.09;283.71;25.19;72
27;62.09;283.71;25.19;73
27;61.19;284.61;25.19;74
27;61.05;285.66;29.19;75
27;58.96;283.94;25.19;76
27;59.41;281.93;25.19;77
27;61.48;280.4;29.19;78
27;61.57;280.89;33.19;79
27;59.51;281.71;29.19;80
27;60.06;282.61;33.19;81
27;60.06;281.96;33.19;82
27;60.49;281.1;33.19;83
27;61.57;278.73;33.19;84
27;61.57;279.38;33.19;85
27;61.48;279.96;29.19;86
27;61.48;279.96;29.19;87
27;62.98;279.92;25.19;88
27;62.98;279.92;25.19;89
27;62.14;280.18;29.19;90
27;61.64;279.47;25.19;91
27;62.14;280.62;29.19;92
27;61.7;281.71;29.19;93
27;61.7;281.71;29.19;94
27;60.83;281.49;29.19;95
27;60.83;281.49;29.19;96
27;60.83;281.49;29.19;97
27;60.39;281.05;29.19;98
27;60.39;281.05;29.19;99
27;59.73;280.4;29.19;100
27;58.85;280.4;29.19;101
27;58.77;281.75;33.19;102
27;58.41;281.71;29.19;103
27;58.41;281.71;29.19;104
27;58.41;281.71;29.19;105
27;58.41;281.71;29.19;106
27;57.76;281.93;29.19;107
27;56.62;284.11;33.19;108
27;56.62;284.11;33.19;109
27;56.62;284.11;33.19;110
27;56.62;284.11;33.19;111
27;58.63;280.84;29.19;112
27;58.55;281.32;33.19;113
27;59.41;281.32;33.19;114
27;59.41;281.32;33.19;115
27;58.55;282.82;33.19;116
27;57.05;284.11;33.19;117
27;56.62;284.33;33.19;118
27;55.75;284.97;33.19;119
27;55.12;286.03;37.19;120
28;39.07;274.41;37.19;1
28;38.11;273.57;33.19;2
28;38.11;273.57;33.19;3
28;38.11;273.57;33.19;4
28;38.11;273.35;33.19;5
28;39.28;273.78;37.19;6
28;39.28;273.78;37.19;7
28;38.54;272.28;33.19;8
28;36.17;275.94;33.19;9
28;37.46;275.07;33.19;10
28;38.64;275.47;37.19;11
28;38.11;274.64;33.19;12
28;37.68;272.28;33.19;13
28;36.6;272.28;33.19;14
28;36.6;272.71;33.19;15
28;35.95;272.92;33.19;16
28;36.17;272.28;33.19;17
28;35.74;271.85;33.19;18
28;35.74;271.85;33.19;19
28;35.74;271.85;33.19;20
28;35.74;272.28;33.19;21
28;36.53;273.99;37.19;22
28;36.82;272.28;33.19;23
28;37.16;273.57;37.19;24
28;37.16;274.83;37.19;25
28;37.8;275.05;37.19;26
28;38.54;275.94;33.19;27
28;40.12;277.79;37.19;28
28;39.4;278.95;33.19;29
28;39.83;278.95;33.19;30
28;40.04;279.16;33.19;31
28;40.26;279.16;33.19;32
28;41.18;279.9;37.19;33
28;41.18;279.9;37.19;34
28;41.18;279.9;37.19;35
28;41.18;281.38;37.19;36
28;40.97;281.8;37.19;37
28;40.97;281.8;37.19;38
28;40.97;281.8;37.19;39
28;40.97;281.38;37.19;40
28;40.97;280.54;37.19;41
28;40.26;279.81;33.19;42
28;41.12;278.52;33.19;43
28;42.02;279.48;37.19;44
28;41.12;279.59;33.19;45
28;41.34;280.45;33.19;46
28;41.98;280.89;33.19;47
28;42.2;281.1;33.19;48
28;42.41;282.18;33.19;49
28;42.41;282.82;33.19;50
28;43.92;284.13;37.19;51
28;44.56;284.33;33.19;52
28;44.35;284.97;33.19;53
28;45.19;286.24;37.19;54
28;44.35;285.62;33.19;55
28;44.98;286.45;37.19;56
28;44.98;286.45;37.19;57
28;45.4;285.82;37.19;58
28;44.56;285.19;33.19;59
28;45.4;285.82;37.19;60
28;45.4;285.82;37.19;61
28;44.56;285.19;33.19;62
28;45.4;285.82;37.19;63
28;44.77;286.45;37.19;64
28;44.77;286.45;37.19;65
28;44.77;286.45;37.19;66
28;44.77;286.45;37.19;67
28;45.19;286.45;37.19;68
28;44.35;286.45;37.19;69
28;44.35;286.45;37.19;70
28;45.2;287.07;41.19;71
28;43.08;286.03;37.19;72
28;43.96;286.65;41.19;73
28;42.87;286.03;37.19;74
28;43.75;286.65;41.19;75
28;43.75;286.65;41.19;76
28;43.75;286.65;41.19;77
28;42.87;286.03;37.19;78
28;43.75;286.65;41.19;79
28;43.75;286.65;41.19;80
28;42.3;286.03;41.19;81
28;42.51;285.82;41.19;82
28;42.72;285.61;41.19;83
28;42.92;285.2;41.19;84
28;42.92;285.2;41.19;85
28;42.92;285.2;41.19;86
28;42.92;285.2;41.19;87
28;42.92;285.2;41.19;88
28;42.92;285.2;41.19;89
28;42.92;285.2;41.19;90
28;42.51;283.75;41.19;91
28;41.18;282.86;37.19;92
28;40.97;282.44;37.19;93
28;40.97;281.8;37.19;94
28;40.97;281.17;37.19;95
28;40.75;279.48;37.19;96
28;39.07;278.21;37.19;97
28;39.91;278.21;37.19;98
28;40.33;278.64;37.19;99
28;40.97;278.21;37.19;100
28;41.39;277.79;37.19;101
28;42.41;276.58;33.19;102
28;42.41;276.58;33.19;103
28;41.34;275.94;33.19;104
28;41.81;276.52;37.19;105
28;40.54;275.89;37.19;106
28;39.28;275.68;37.19;107
28;39.28;275.68;37.19;108
28;38.22;275.89;37.19;109
28;39.2;277.33;41.19;110
28;38.22;277.16;37.19;111
28;38.22;277.16;37.19;112
28;38.85;277.79;37.19;113
28;40.12;278.42;37.19;114
28;41.06;279.19;41.19;115
28;41.06;279.19;41.19;116
28;41.06;279.19;41.19;117
28;40.33;278.42;37.19;118
28;39.07;278.64;37.19;119
28;37.59;277.16;37.19;120
29;18.48;245.4;39.37;1
29;18.48;245.4;39.37;2
29;18.48;245.4;39.37;3
29;17.86;245.4;38.18;4
29;17.86;245.4;38.18;5
29;17.86;245.4;38.18;6
29;17.13;244.25;38.5;7
29;15.45;244.25;38.5;8
29;14.93;246.43;41.12;9
29;13.78;244.88;39.67;10
29;13.78;243.84;39.67;11
29;13.78;243.84;39.67;12
29;14.93;246.03;39.97;13
29;14.93;246.24;39.97;14
29;14.93;246.24;39.97;15
29;14.93;246.44;39.97;16
29;14.93;246.44;39.97;17
29;14.93;246.44;39.97;18
29;14.93;245.82;39.97;19
29;14.93;245.61;39.97;20
29;14.93;245.61;39.97;21
29;14.93;245.61;39.97;22
29;14.93;245.61;39.97;23
29;14.93;245.61;39.97;24
29;14.93;245.61;39.97;25
29;14.93;245.61;39.97;26
29;14.93;245.61;39.97;27
29;14.93;245.61;39.97;28
29;14.93;244.78;38.21;29
29;16.18;245.4;39.97;30
29;17.43;245.4;39.97;31
29;17.43;245.4;39.97;32
29;17.64;245.4;39.97;33
29;20.04;246.55;39.67;34
29;21.29;246.55;39.67;35
29;21.21;247.7;38.14;36
29;21.51;248.85;39.06;37
29;22.04;250;38.1;38
29;22.98;252.41;39.71;39
29;22.98;252.41;39.71;40
29;22.98;252.41;39.71;41
29;24.11;252.3;40.67;42
29;21.83;252.3;40.02;43
29;21.83;252.3;40.02;44
29;21.83;252.3;40.02;45
29;21.83;252.3;40.02;46
29;21.83;252.71;40.66;47
29;20.68;253.24;39.7;48
29;20.68;253.86;39.7;49
29;20.68;253.86;39.7;50
29;20.68;253.86;39.7;51
29;20.64;254.6;38.21;52
29;20.68;253.86;39.7;53
29;20.68;253.86;39.7;54
29;21.83;254.38;40.02;55
29;20.68;254.73;38.43;56
29;20.68;254.73;38.43;57
29;20.68;254.73;38.43;58
29;20.68;254.73;38.43;59
29;21.83;254.83;38.09;60
29;21.83;254.83;38.09;61
29;21.83;254.83;38.09;62
29;21.83;254.83;38.09;63
29;21.83;254.83;38.09;64
29;22.98;255.52;41.01;65
29;22.98;254.89;41.01;66
29;22.98;254.48;41.01;67
29;22.98;253.03;41.01;68
29;22.98;253.03;41.01;69
29;22.98;253.03;41.01;70
29;22.98;253.03;41.01;71
29;22.98;253.03;41.01;72
29;22.98;253.03;41.01;73
29;22.98;253.03;41.01;74
29;24.12;254.6;40.05;75
29;24.12;255.02;39.38;76
29;24.12;255.02;39.38;77
29;24.12;255.86;39.38;78
29;25.27;257;39.72;79
29;25.27;257.21;39.72;80
29;25.27;257.84;39.72;81
29;25.27;257.84;39.72;82
29;25.27;258.25;39.72;83
29;24.12;259.24;38.04;84
29;22.98;261.95;41.01;85
29;21.83;263.46;38.09;86
29;21.83;264.09;38.09;87
29;21.83;264.09;38.09;88
29;21.83;264.09;38.09;89
29;21.83;264.09;38.09;90
29;21.83;264.09;38.09;91
29;21.83;264.09;38.09;92
29;21.83;264.09;38.09;93
29;21.83;264.09;38.09;94
29;21.83;264.09;38.09;95
29;21.83;264.09;38.09;96
29;21.83;264.09;38.09;97
29;21.83;264.09;38.09;98
29;21.83;264.09;38.09;99
29;21.83;264.09;38.09;100
29;21.83;264.09;38.09;101
29;21.83;264.09;38.09;102
29;21.83;264.09;38.09;103
29;21.83;264.09;38.09;104
29;21.83;264.09;38.09;105
29;21.83;264.09;38.09;106
29;21.83;264.09;38.09;107
29;21.83;268.6;39.38;108
29;21.83;268.6;39.38;109
29;21.83;268.6;39.38;110
29;21.83;268.6;39.38;111
29;20.68;268.16;38.43;112
29;20.68;268.16;38.43;113
29;20.68;268.16;38.43;114
29;20.68;268.16;38.43;115
29;20.68;268.16;38.43;116
29;20.68;268.16;38.43;117
29;20.68;268.16;38.43;118
29;20.68;268.16;38.43;119
29;20.68;268.16;38.43;120
30;67.46;226.28;33.19;1
30;67.97;227.42;37.19;2
30;68.48;228.77;41.19;3
30;67.97;227.85;37.19;4
30;66.7;228.27;37.19;5
30;66.07;227;37.19;6
30;65.86;226.79;37.19;7
30;65.22;227;37.19;8
30;65.01;228.69;37.19;9
30;65.01;228.9;37.19;10
30;65.01;228.9;37.19;11
30;65.79;228.97;41.19;12
30;66.07;227.85;37.19;13
30;66;229.18;41.19;14
30;65.01;228.69;37.19;15
30;65.58;229.6;41.19;16
30;65.01;228.69;37.19;17
30;65.01;228.69;37.19;18
30;65.01;228.69;37.19;19
30;65.01;228.69;37.19;20
30;65.01;228.69;37.19;21
30;65.01;228.69;37.19;22
30;65.01;228.69;37.19;23
30;64.44;227.79;33.19;24
30;65.01;228.69;37.19;25
30;65.58;229.6;41.19;26
30;64.44;228.22;33.19;27
30;65.79;230.42;41.19;28
30;64.66;228.65;33.19;29
30;65.79;230.42;41.19;30
30;65.65;230.17;37.19;31
30;66.2;232.29;41.19;32
30;66;232.7;41.19;33
30;64.87;231.02;33.19;34
30;64.87;231.02;33.19;35
30;64.66;231.66;33.19;36
30;64.66;231.66;33.19;37
30;65.22;232.49;37.19;38
30;65.52;232.74;33.19;39
30;66.17;233.38;33.19;40
30;66.6;233.38;33.19;41
30;66.38;232.09;33.19;42
30;66.91;232.92;37.19;43
30;65.09;231.45;33.19;44
30;64.66;231.66;33.19;45
30;64.59;232.49;37.19;46
30;64.01;231.23;33.19;47
30;65.17;231.25;41.19;48
30;64.59;230.38;37.19;49
30;64.59;230.38;37.19;50
30;65.17;231.25;41.19;51
30;65.17;231.25;41.19;52
30;65.17;231.25;41.19;53
30;64.59;230.38;37.19;54
30;64.01;229.51;33.19;55
30;62.69;231.65;37.19;56
30;63.3;231.25;41.19;57
30;63.3;231.25;41.19;58
30;63.3;231.05;41.19;59
30;62.69;230.17;37.19;60
30;62.69;230.17;37.19;61
30;63.3;231.05;41.19;62
30;63.3;231.05;41.19;63
30;63.72;231.67;41.19;64
30;63.75;231.65;37.19;65
30;63.75;231.65;37.19;66
30;63.75;231.65;37.19;67
30;64.34;232.5;41.19;68
30;64.34;232.5;41.19;69
30;64.34;232.5;41.19;70
30;63.75;231.65;37.19;71
30;64.34;232.5;41.19;72
30;64.34;232.5;41.19;73
30;64.34;232.5;41.19;74
30;64.34;232.5;41.19;75
30;64.34;232.7;41.19;76
30;63.92;233.53;41.19;77
30;62.9;233.76;37.19;78
30;62.9;233.76;37.19;79
30;63.51;234.57;41.19;80
30;63.51;234.57;41.19;81
30;62.9;233.76;37.19;82
30;62.9;233.76;37.19;83
30;63.51;234.57;41.19;84
30;62.9;233.76;37.19;85
30;63.51;234.57;41.19;86
30;63.51;234.57;41.19;87
30;63.51;234.57;41.19;88
30;65.37;233.95;41.19;89
30;62.9;233.76;37.19;90
30;62.29;232.95;33.19;91
30;63.8;235.32;33.19;92
30;64.38;236.08;37.19;93
30;64.38;236.08;37.19;94
30;64.38;236.08;37.19;95
30;64.38;236.08;37.19;96
30;64.87;236.18;33.19;97
30;65.31;236.18;33.19;98
30;65.86;236.93;37.19;99
30;64.38;236.51;37.19;100
30;64.38;236.51;37.19;101
30;64.38;236.51;37.19;102
30;64.38;236.51;37.19;103
30;65.01;235.66;37.19;104
30;65.01;235.87;37.19;105
30;64.44;235.1;33.19;106
30;64.44;235.1;33.19;107
30;65.22;235.24;37.19;108
30;67.65;236.02;41.19;109
30;66.91;236.51;37.19;110
30;66.91;236.51;37.19;111
30;67.24;237.05;41.19;112
30;67.24;237.05;41.19;113
30;66.7;236.29;37.19;114
30;67.24;237.05;41.19;115
30;66.07;235.45;37.19;116
30;66.82;235.4;41.19;117
30;66.91;233.34;37.19;118
30;67.45;233.53;41.19;119
30;66.28;231.23;37.19;120
31;116.74;243.28;33.19;1
31;117.56;242.05;25.19;2
31;117.15;242.67;29.19;3
31;117.15;242.67;29.19;4
31;117.97;241.44;21.19;5
31;117.15;240.26;29.19;6
31;118.01;239.6;25.19;7
31;118.67;240.27;25.19;8
31;119.12;241.16;25.19;9
31;119.56;242.89;29.19;10
31;119.56;243.33;29.19;11
31;119.12;243.76;29.19;12
31;118.9;243.17;25.19;13
31;118.9;243.17;25.19;14
31;118.9;243.17;25.19;15
31;117.97;242.57;21.19;16
31;117.15;243.76;29.19;17
31;117.97;242.57;21.19;18
31;116.89;243.17;25.19;19
31;116.27;243.98;29.19;20
31;116.67;244.06;25.19;21
31;116.67;245.18;25.19;22
31;117.45;244.06;17.19;23
31;117.45;244.06;17.19;24
31;116.67;245.18;25.19;25
31;117.45;243.83;17.19;26
31;116.52;244.99;17.19;27
31;116;246.07;25.19;28
31;116;246.07;25.19;29
31;115.77;246.07;25.19;30
31;115.33;246.07;25.19;31
31;115.69;245.53;21.19;32
31;115.33;246.07;25.19;33
31;115.33;246.07;25.19;34
31;115.33;246.07;25.19;35
31;115.69;245.53;21.19;36
31;115.69;245.53;21.19;37
31;115.69;245.53;21.19;38
31;115.69;245.53;21.19;39
31;115.01;245.53;21.19;40
31;115.37;244.99;17.19;41
31;115.37;244.99;17.19;42
31;115.01;245.53;21.19;43
31;115.37;244.99;17.19;44
31;115.01;245.53;21.19;45
31;115.37;244.99;17.19;46
31;115.01;245.53;21.19;47
31;114.66;246.07;25.19;48
31;114.66;246.07;25.19;49
31;113.42;245.98;21.19;50
31;112.28;247.12;21.19;51
31;112.59;246.61;17.19;52
31;112.28;247.12;21.19;53
31;112.97;247.25;9.19;54
31;112.66;247.74;13.19;55
31;111.75;249.87;25.19;56
31;112.2;249.87;25.19;57
31;112.87;249.87;25.19;58
31;112.98;249.64;25.19;59
31;113.09;249.42;25.19;60
31;113.42;249.24;29.19;61
31;114.1;248.26;21.19;62
31;114.1;248.26;21.19;63
31;113.76;248.75;25.19;64
31;113.54;249.2;25.19;65
31;113.32;250.31;25.19;66
31;113.65;250.3;21.19;67
31;113.65;250.3;21.19;68
31;113.32;250.76;25.19;69
31;113.65;250.3;21.19;70
31;113.65;250.3;21.19;71
31;113.65;250.3;21.19;72
31;113.65;250.3;21.19;73
31;113.65;250.3;21.19;74
31;113.32;250.76;25.19;75
31;113.32;250.76;25.19;76
31;113.98;249.84;17.19;77
31;113.65;250.3;21.19;78
31;113.65;250.3;21.19;79
31;113.65;250.3;21.19;80
31;113.65;250.3;21.19;81
31;113.65;250.3;21.19;82
31;113.65;250.3;21.19;83
31;113.65;250.3;21.19;84
31;113.65;252.35;21.19;85
31;113.65;250.3;21.19;86
31;113.65;250.3;21.19;87
31;113.65;250.3;21.19;88
31;113.32;250.76;25.19;89
31;113.65;250.3;21.19;90
31;113.65;250.3;21.19;91
31;113.65;250.3;21.19;92
31;113.32;250.76;25.19;93
31;113.65;250.3;21.19;94
31;113.65;250.3;21.19;95
31;113.32;250.76;25.19;96
31;113.32;250.76;25.19;97
31;113.65;250.3;21.19;98
31;113.65;250.3;21.19;99
31;113.65;250.3;21.19;100
31;113.65;250.3;21.19;101
31;113.32;250.76;25.19;102
31;114.1;251.21;21.19;103
31;114.33;251.89;21.19;104
31;114.33;251.89;21.19;105
31;114.67;251.46;17.19;106
31;114.33;252.12;21.19;107
31;114.67;251.69;17.19;108
31;114.33;252.12;21.19;109
31;114.88;252.1;25.19;110
31;115.24;251.67;21.19;111
31;115.24;251.67;21.19;112
31;114.88;252.1;25.19;113
31;114.88;252.1;25.19;114
31;114.88;252.1;25.19;115
31;114.88;252.1;25.19;116
31;115.24;251.67;21.19;117
31;115.24;251.67;21.19;118
31;115.24;251.67;21.19;119
31;115.24;251.67;21.19;120
32;143.48;226.49;41.19;1
32;143.48;226.49;41.19;2
32;142.24;226.49;41.19;3
32;141.41;226.49;41.19;4
32;141.41;226.49;41.19;5
32;141.41;226.07;41.19;6
32;141;225.45;41.19;7
32;141;225.04;41.19;8
32;141;225.04;41.19;9
32;139.96;225.87;41.19;10
32;138.92;226.9;41.19;11
32;138.3;227.11;41.19;12
32;139.78;226.58;37.19;13
32;139.13;225.87;41.19;14
32;139.13;225.04;41.19;15
32;139.13;223.38;41.19;16
32;139.13;223.17;41.19;17
32;138.51;223.17;41.19;18
32;138.51;223.17;41.19;19
32;138.92;223.38;41.19;20
32;139.55;223.38;41.19;21
32;140.17;223.38;41.19;22
32;140.17;223.38;41.19;23
32;142.03;224.42;41.19;24
32;141.82;224.42;41.19;25
32;141.41;223.79;41.19;26
32;141.41;223.38;41.19;27
32;140.58;224.62;41.19;28
32;140.37;225.24;41.19;29
32;140.17;226.07;41.19;30
32;139.96;227.52;41.19;31
32;140.58;227.94;41.19;32
32;140.58;227.94;41.19;33
32;140.58;227.94;41.19;34
32;140.58;227.94;41.19;35
32;140.58;227.11;41.19;36
32;141.41;225.45;41.19;37
32;141.41;225.24;41.19;38
32;141;226.49;41.19;39
32;140.2;227.64;37.19;40
32;139.13;230.22;41.19;41
32;139.13;230.22;41.19;42
32;139.13;230.22;41.19;43
32;139.13;230.01;41.19;44
32;139.13;230.01;41.19;45
32;138.51;229.8;41.19;46
32;138.1;229.8;41.19;47
32;138.1;229.8;41.19;48
32;137.68;229.8;41.19;49
32;137.68;229.8;41.19;50
32;138.3;229.11;37.19;51
32;137.45;229.54;37.19;52
32;136.44;230.42;41.19;53
32;135.77;230.8;37.19;54
32;134.99;231.67;41.19;55
32;135.77;230.8;37.19;56
32;134.99;231.67;41.19;57
32;134.99;231.67;41.19;58
32;135.77;230.8;37.19;59
32;135.77;230.8;37.19;60
32;135.4;230.42;41.19;61
32;135.4;230.42;41.19;62
32;135.4;230.42;41.19;63
32;135.4;230.42;41.19;64
32;136.65;230.63;41.19;65
32;137.06;230.63;41.19;66
32;137.27;230.84;41.19;67
32;138.72;230.84;41.19;68
32;138.72;230.84;41.19;69
32;138.72;230.84;41.19;70
32;138.72;230.84;41.19;71
32;138.72;230.84;41.19;72
32;138.72;230.84;41.19;73
32;138.72;230.84;41.19;74
32;138.72;230.84;41.19;75
32;139.96;232.08;41.19;76
32;139.96;232.5;41.19;77
32;139.96;232.5;41.19;78
32;138.51;230.84;41.19;79
32;137.89;231.05;41.19;80
32;137.47;231.05;41.19;81
32;136.65;230.84;41.19;82
32;137.47;229.6;41.19;83
32;137.47;229.6;41.19;84
32;137.47;229.6;41.19;85
32;137.68;230.84;41.19;86
32;138.3;232.08;41.19;87
32;138.3;232.08;41.19;88
32;137.47;232.91;41.19;89
32;137.27;232.91;41.19;90
32;137.27;232.91;41.19;91
32;137.27;232.91;41.19;92
32;137.27;232.91;41.19;93
32;137.27;232.91;41.19;94
32;137.27;232.91;41.19;95
32;137.27;232.91;41.19;96
32;137.27;232.91;41.19;97
32;138.1;232.91;41.19;98
32;137.27;232.91;41.19;99
32;137.27;232.91;41.19;100
32;138.3;232.08;41.19;101
32;138.3;232.08;41.19;102
32;138.3;231.87;41.19;103
32;138.3;231.87;41.19;104
32;138.3;231.87;41.19;105
32;138.3;231.87;41.19;106
32;138.3;231.87;41.19;107
32;138.92;231.67;41.19;108
32;139.75;232.91;41.19;109
32;139.75;232.91;41.19;110
32;139.75;232.91;41.19;111
32;139.75;232.91;41.19;112
32;141.62;232.91;41.19;113
32;142.24;232.08;41.19;114
32;142.65;231.25;41.19;115
32;142.65;231.25;41.19;116
32;143.9;230.84;41.19;117
32;144.31;231.46;41.19;118
32;144.52;231.46;41.19;119
32;145.76;232.08;41.19;120
33;73.65;98.26;5.19;1
33;73.95;98.56;5.19;2
33;74.54;99.15;5.19;3
33;75.84;98.96;1.19;4
33;76.15;98.96;1.19;5
33;76.15;98.96;1.19;6
33;75.44;98.86;5.19;7
33;75.74;100.35;5.19;8
33;76.75;100.47;1.19;9
33;76.75;100.47;1.19;10
33;77.96;100.17;1.19;11
33;77.96;100.17;1.19;12
33;77.23;99.45;5.19;13
33;75.54;99.26;1.19;14
33;74.33;99.86;1.19;15
33;73.43;99.86;1.19;16
33;71.31;98.66;1.19;17
33;71.01;98.05;1.19;18
33;70.1;98.35;1.19;19
33;67.68;98.96;1.19;20
33;66.49;99.15;5.19;21
33;64.35;98.05;1.19;22
33;63.5;98.56;5.19;23
33;64.46;98.76;9.19;24
33;64.17;97.88;9.19;25
33;67.7;97.88;9.19;26
33;67.38;97.66;5.19;27
33;68.29;97.88;9.19;28
33;68.29;97.88;9.19;29
33;67.38;97.66;5.19;30
33;69.47;98.56;5.19;31
33;69.76;99.94;9.19;32
33;69.76;99.94;9.19;33
33;70.06;98.76;9.19;34
33;71.81;97.23;13.19;35
33;72.41;97;9.19;36
33;72.41;97;9.19;37
33;71.01;96.24;1.19;38
33;72.71;96.11;9.19;39
33;71.82;96.7;9.19;40
33;70.1;97.14;1.19;41
33;69.8;97.45;1.19;42
33;69.49;97.45;1.19;43
33;69.19;97.14;1.19;44
33;67.98;95.63;1.19;45
33;67.08;95.33;1.19;46
33;67.08;95.33;1.19;47
33;67.98;95.57;5.19;48
33;67.98;95.57;5.19;49
33;67.98;95.57;5.19;50
33;67.08;95.33;1.19;51
33;65.56;96.54;1.19;52
33;62.84;96.24;1.19;53
33;63.5;96.47;5.19;54
33;63.5;95.87;5.19;55
33;63.5;95.87;5.19;56
33;62.84;95.63;1.19;57
33;63.14;95.63;1.19;58
33;64.35;95.93;1.19;59
33;65.56;95.03;1.19;60
33;65.56;95.03;1.19;61
33;66.47;95.33;1.19;62
33;67.68;95.03;1.19;63
33;67.38;94.42;1.19;64
33;67.38;92.91;1.19;65
33;67.98;92.3;1.19;66
33;67.98;92.3;1.19;67
33;68.89;92;1.19;68
33;69.19;90.79;1.19;69
33;69.19;90.79;1.19;70
33;69.19;90.79;1.19;71
33;69.19;90.79;1.19;72
33;69.8;88.68;1.19;73
33;70.7;88.07;1.19;74
33;71.91;86.56;1.19;75
33;71.91;86.56;1.19;76
33;71.91;86.56;1.19;77
33;72.82;86.26;1.19;78
33;72.82;86.26;1.19;79
33;72.82;86.26;1.19;80
33;68.59;87.47;1.19;81
33;68.59;87.47;1.19;82
33;70.7;86.86;1.19;83
33;71.01;86.86;1.19;84
33;71.01;86.86;1.19;85
33;71.91;85.95;1.19;86
33;71.91;86.56;1.19;87
33;71.01;86.56;1.19;88
33;69.8;88.37;1.19;89
33;73.43;86.56;1.19;90
33;73.43;86.86;1.19;91
33;72.82;86.86;1.19;92
33;72.82;86.56;1.19;93
33;71.61;85.95;1.19;94
33;72.52;86.26;1.19;95
33;72.52;86.26;1.19;96
33;72.52;88.07;1.19;97
33;71.31;88.37;1.19;98
33;71.01;88.07;1.19;99
33;71.01;87.47;1.19;100
33;71.01;87.47;1.19;101
33;71.01;87.47;1.19;102
33;71.31;86.86;1.19;103
33;71.31;88.37;1.19;104
33;73.12;86.26;1.19;105
33;72.22;87.47;1.19;106
33;70.7;89.28;1.19;107
33;70.7;89.28;1.19;108
33;71.31;88.98;1.19;109
33;71.31;88.98;1.19;110
33;71.91;88.98;1.19;111
33;71.91;88.98;1.19;112
33;71.91;88.98;1.19;113
33;71.91;88.98;1.19;114
33;74.94;87.77;1.19;115
33;75.54;87.77;1.19;116
33;76.75;87.16;1.19;117
33;77.96;86.56;1.19;118
33;77.96;86.56;1.19;119
33;78.87;85.95;1.19;120
34;116.74;75.49;41.19;1
34;116.74;75.49;41.19;2
34;116.22;75.49;41.19;3
34;116.22;75.49;41.19;4
34;116.22;75.49;41.19;5
34;115.95;76.28;41.19;6
34;115.95;76.54;41.19;7
34;115.95;77.07;41.19;8
34;116.74;77.85;41.19;9
34;116.74;77.85;41.19;10
34;116.74;77.85;41.19;11
34;117.27;77.85;41.19;12
34;116.74;78.64;41.19;13
34;116.22;78.9;41.19;14
34;115.69;80.21;41.19;15
34;114.12;79.95;41.19;16
34;114.12;79.95;41.19;17
34;114.12;79.95;41.19;18
34;114.12;79.95;41.19;19
34;114.12;79.95;41.19;20
34;114.91;81;41.19;21
34;115.95;81.79;41.19;22
34;118.58;81.79;41.19;23
34;118.58;81.79;41.19;24
34;118.58;81.79;41.19;25
34;121.99;80.47;41.19;26
34;120.15;81.26;41.19;27
35;204.77;67.97;29.19;1
35;204.77;67.97;29.19;2
35;204.77;67.97;29.19;3
35;206.72;71.35;33.19;4
35;208.33;70.99;29.19;5
35;206.99;72.16;33.19;6
35;206.99;72.16;33.19;7
35;206.99;72.7;33.19;8
35;206.99;72.7;33.19;9
35;206.99;73.51;33.19;10
35;208.06;72.91;29.19;11
35;207.8;76.75;33.19;12
35;207.8;76.75;33.19;13
35;207.8;76.75;33.19;14
35;207.8;75.67;33.19;15
35;204.01;71.62;33.19;16
35;202.85;71.26;29.19;17
35;201.85;71.89;33.19;18
35;201.85;71.89;33.19;19
35;203.2;71.89;33.19;20
35;204.01;74.05;33.19;21
35;205.09;76.48;33.19;22
35;205.09;76.48;33.19;23
35;205.09;76.48;33.19;24
35;206.14;75.93;29.19;25
35;206.14;75.93;29.19;26
35;206.14;75.93;29.19;27
35;207.53;77.56;33.19;28
35;206.45;77.83;33.19;29
35;206.45;77.83;33.19;30
35;206.45;77.83;33.19;31
35;206.45;77.83;33.19;32
35;206.45;77.83;33.19;33
35;206.45;77.83;33.19;34
35;207.51;77.3;29.19;35
35;208.57;76.76;25.19;36
35;206.45;77.83;33.19;37
35;207.51;77.3;29.19;38
35;206.45;77.83;33.19;39
35;207.51;77.3;29.19;40
35;207.51;77.3;29.19;41
35;207.51;77.3;29.19;42
35;206.45;77.83;33.19;43
35;206.45;77.83;33.19;44
35;207.51;77.3;29.19;45
35;206.45;77.83;33.19;46
35;206.45;77.83;33.19;47
35;206.45;77.83;33.19;48
35;206.45;77.83;33.19;49
35;205.38;78.37;37.19;50
35;206.45;77.83;33.19;51
35;206.45;77.83;33.19;52
35;205.38;78.37;37.19;53
35;206.45;77.83;33.19;54
35;206.45;77.83;33.19;55
35;206.45;77.83;33.19;56
35;206.45;77.83;33.19;57
35;206.45;77.83;33.19;58
35;206.45;77.83;33.19;59
35;206.45;77.83;33.19;60
35;206.45;77.83;33.19;61
35;205.38;78.37;37.19;62
35;205.38;78.37;37.19;63
35;206.45;77.83;33.19;64
35;205.38;76.77;37.19;65
35;205.38;76.77;37.19;66
35;206.45;76.21;33.19;67
35;206.45;76.21;33.19;68
35;205.38;78.9;37.19;69
35;206.45;78.37;33.19;70
35;205.38;77.83;37.19;71
35;206.72;76.75;33.19;72
35;205.65;77.3;37.19;73
35;206.72;76.75;33.19;74
35;206.72;76.75;33.19;75
35;206.72;76.75;33.19;76
35;206.72;76.75;33.19;77
35;205.91;76.77;37.19;78
35;206.99;76.21;33.19;79
35;205.91;76.77;37.19;80
35;205.91;76.77;37.19;81
35;206.99;76.21;33.19;82
35;206.99;76.21;33.19;83
35;206.99;76.21;33.19;84
35;206.99;76.21;33.19;85
35;206.99;76.21;33.19;86
35;206.99;75.67;33.19;87
35;206.99;75.13;33.19;88
35;206.99;75.13;33.19;89
35;206.99;75.13;33.19;90
35;206.99;75.13;33.19;91
35;206.72;74.32;33.19;92
35;205.36;73.24;33.19;93
35;205.36;73.24;33.19;94
35;205.36;73.24;33.19;95
35;205.36;73.24;33.19;96
35;205.36;73.24;33.19;97
35;204.32;73.84;37.19;98
35;205.36;73.24;33.19;99
35;205.36;73.24;33.19;100
35;205.36;73.24;33.19;101
35;204.32;73.84;37.19;102
35;205.9;73.24;33.19;103
35;205.9;73.24;33.19;104
35;205.38;74.64;37.19;105
35;205.91;75.17;37.19;106
35;206.99;74.59;33.19;107
35;205.91;75.17;37.19;108
35;207.53;74.59;33.19;109
35;206.45;75.17;37.19;110
35;207.53;74.59;33.19;111
35;206.45;75.17;37.19;112
35;206.45;75.17;37.19;113
35;206.45;75.17;37.19;114
35;207.53;74.59;33.19;115
35;206.45;75.17;37.19;116
35;206.45;75.17;37.19;117
35;206.45;75.17;37.19;118
35;206.45;75.17;37.19;119
35;206.45;75.17;37.19;120
36;210.24;34.74;25.19;1
36;209.15;35.88;29.19;2
36;210.24;34.74;25.19;3
36;210.24;34.74;25.19;4
36;210.24;34.74;25.19;5
36;210.24;34.74;25.19;6
36;210.24;34.74;25.19;7
36;210.24;34.74;25.19;8
36;208.03;37.39;24.4;9
36;208.03;37.39;24.4;10
36;209.18;38.28;22.2;11
36;209.18;39.65;21.6;12
36;209.18;39.37;24.3;13
36;209.18;39.38;25.39;14
36;208.03;39.83;24.8;15
36;208.03;40.28;23.5;16
36;208.03;40.28;23.5;17
36;206.88;40.74;21.77;18
36;205.73;39.73;22.49;19
36;205.73;39.73;22.49;20
36;202.81;40.15;21.19;21
36;202.97;40.98;21.19;22
36;202.39;41.03;21.19;23
36;201.93;39.4;21.19;24
36;202.38;38.36;17.19;25
36;201.82;38.56;17.19;26
36;201.14;37.51;14.68;27
36;199.99;36.66;15.93;28
36;197.69;38.72;8.17;29
36;195.39;38.02;13.26;30
36;195.39;38.02;13.26;31
36;196.54;38.78;9.58;32
36;194.24;36.73;9.98;33
36;195.39;37.01;8.99;34
36;194.24;36.92;10.99;35
36;189.9;38.72;9.19;36
36;188.64;38.26;13.19;37
36;187.73;37.88;13.19;38
36;187.68;37.74;13.19;39
36;187.59;37;13.19;40
36;185.46;38.89;17.19;41
36;186.26;38.07;17.19;42
36;186.26;38.07;17.19;43
36;186.26;38.07;17.19;44
36;186.54;38.9;17.19;45
36;186.49;38.77;17.19;46
36;186.59;39.04;17.19;47
36;186.44;39.08;17.19;48
36;187.1;38.76;17.19;49
36;187.1;38.76;17.19;50
36;187.1;38.76;17.19;51
36;186.06;37.88;21.19;52
36;186.87;38.06;17.19;53
36;185.83;37.21;21.19;54
36;185.83;37.21;21.19;55
36;185.83;37.21;21.19;56
36;185.74;36.94;21.19;57
36;185.15;37.39;21.19;58
36;185.19;37.53;21.19;59
36;185.84;38.64;17.19;60
36;184.55;38.28;21.19;61
36;183.87;38.46;21.19;62
36;184.06;38.8;17.19;63
36;184.06;38.8;17.19;64
36;182.89;37.26;21.19;65
36;182.85;36.69;21.19;66
36;184.08;37.45;17.19;67
36;184.64;37.3;17.19;68
36;184.63;38.2;17.19;69
36;183.47;37.69;21.19;70
36;182.65;37.9;21.19;71
36;182.78;38.31;21.19;72
36;183.6;38.09;21.19;73
36;183.43;37.55;21.19;74
36;183.34;37.29;21.19;75
36;183.48;37.25;21.19;76
36;184.15;37.51;21.19;77
36;184.15;37.51;21.19;78
36;184.15;37.51;21.19;79
36;184.15;37.51;21.19;80
36;184.69;37.8;21.19;81
36;184.69;37.8;21.19;82
36;184.69;37.8;21.19;83
36;184.69;37.8;21.19;84
36;184.69;37.8;21.19;85
36;184.97;37.73;21.19;86
36;184.89;36.59;21.19;87
36;184.89;36.15;21.19;88
36;184.94;35.85;21.19;89
36;184.63;35.36;21.19;90
36;183.33;34.55;21.19;91
36;183.33;34.55;21.19;92
36;182.57;34.47;21.19;93
36;182.57;34.47;21.19;94
36;182.57;34.47;21.19;95
36;182.57;34.47;21.19;96
36;182.57;34.47;21.19;97
36;182.62;34.6;21.19;98
36;182.62;34.6;21.19;99
36;182.71;34.43;21.19;100
36;182.46;33.22;21.19;101
36;182.46;33.22;21.19;102
36;182.73;33.15;21.19;103
36;183.22;33.3;21.19;104
36;182.95;33.37;21.19;105
36;182.36;33.81;21.19;106
36;182.35;34.24;21.19;107
36;182.35;34.24;21.19;108
36;181.81;34.81;21.19;109
36;181.81;34.81;21.19;110
36;182.19;36;21.19;111
36;182.4;36.66;21.19;112
36;182.93;37.39;21.19;113
36;182.93;37.39;21.19;114
36;182.93;37.39;21.19;115
36;182.93;37.39;21.19;116
36;183.79;37.31;21.19;117
36;183.8;36.88;21.19;118
36;184.57;36.53;21.19;119
36;184.8;35.89;21.19;120
37;138.09;157.28;41.19;1
37;138.09;157.28;41.19;2
37;137.31;157.14;37.19;3
37;135.68;156.63;37.19;4
37;132.58;154.59;33.19;5
37;123.18;149.79;25.19;6
37;123.48;149.86;29.19;7
37;122.24;148.6;29.19;8
37;119.09;146.02;25.19;9
37;116.78;144.45;21.19;10
37;116.55;143.55;21.19;11
37;115.65;142.48;21.19;12
37;105.52;138.05;21.19;13
37;104.56;138;29.19;14
37;99.14;138.04;33.19;15
37;91.94;140.35;40.67;16
37;86.19;141.17;38.02;17
37;82.75;141.1;40.13;18
37;77;140.75;32.72;19
37;74.7;141.53;35.89;20
37;66.65;138.33;38.84;21
37;62.06;134.1;31.53;22
37;56.31;132.61;31.93;23
37;52.86;133.05;31.93;24
37;49.41;132.07;31.25;25
37;49.41;131.58;33.26;26
37;49.41;131.58;33.26;27
37;49.41;131.47;34.16;28
37;49.41;131.47;34.16;29
37;43.67;129.03;31.97;30
37;44.81;129.2;36.27;31
37;40.22;127.82;39.23;32
37;35.62;127.87;40.4;33
37;28.72;125.52;36.55;34
37;27.57;123.13;36.18;35
37;28.72;124.39;39.33;36
37;25.27;121.03;35.98;37
37;20.68;118.2;32.76;38
37;16.08;113.48;40.14;39
37;12.63;108.75;35.18;40
37;12.63;108.18;33.48;41
37;12.63;108.18;33.48;42
37;10.33;107.27;29.34;43
37;10.33;107.27;29.34;44
37;10.33;105.23;29.11;45
37;10.33;104.6;30.15;46
37;10.33;104.6;30.15;47
37;9.18;102.97;26.65;48
37;10.33;103.04;27.57;49
37;11.48;103.05;29.23;50
37;9.18;93.37;21.41;51
37;8.03;90.74;18.28;52
37;6.88;89.33;16.65;53
37;5.73;88.43;15.48;54
37;5.73;88.15;15.65;55
37;5.73;86.22;16.02;56
37;6.88;85.45;18.16;57
37;2.29;73.54;12.24;58
37;3.44;72.28;13.92;59
37;2.29;71.6;11.83;60
37;2.29;71.32;11.99;61
37;3.44;72;14.08;62
37;3.44;72;14.08;63
37;2.29;68.58;8.11;64
37;2.29;67.46;6.37;65
37;2.29;67.46;6.37;66
37;2.29;64.91;4.66;67
37;3.44;61.61;2.63;68
37;3.44;58.42;1.22;69
37;8.03;51.85;2.33;70
37;9.18;51.72;2.53;71
37;11.48;48.6;3.02;72
37;11.48;48.32;3.21;73
37;13.78;47.19;3.31;74
37;16.08;42.32;3.16;75
37;12.63;40.26;1.35;76
37;13.78;40.11;4.12;77
37;14.93;38.4;2.34;78
37;13.93;37.36;1.36;79
37;15.74;38.51;4.53;80
37;16.9;36.21;4.58;81
37;19.28;34.28;1.19;82
37;16.52;27.19;9.19;83
38;231.14;134.13;5.19;1
38;230.91;134.76;13.19;2
38;229.97;137.92;13.19;3
38;229.58;138.01;13.19;4
38;230.05;138.99;17.19;5
38;231.43;139.86;9.19;6
38;231.82;139.77;9.19;7
38;231.82;139.77;9.19;8
38;231.76;137.66;9.19;9
38;231.15;138.65;9.19;10
38;229.52;141.38;13.19;11
38;229.69;142.81;17.19;12
38;230.6;141.75;9.19;13
38;230.7;141.1;13.19;14
38;230.63;140.05;9.19;15
38;228.86;140.28;13.19;16
38;228.46;141.02;17.19;17
38;227.76;140.95;13.19;18
38;227.76;140.95;13.19;19
38;227.85;140.7;9.19;20
38;227.68;141.21;17.19;21
38;227.85;140.7;9.19;22
38;227.75;140.3;9.19;23
38;228.34;141.01;9.19;24
38;228.34;141.01;9.19;25
38;227.73;142;9.19;26
38;227.51;142.9;9.19;27
38;227.51;142.9;9.19;28
38;226.9;143.89;9.19;29
38;226.87;145.59;9.19;30
38;226.8;145.79;13.19;31
38;226.87;145.59;9.19;32
38;229.66;144.93;9.19;33
38;229.56;144.53;9.19;34
38;229.8;142.57;13.19;35
38;230.3;142.24;9.19;36
38;231.09;142.05;9.19;37
38;231.09;142.05;9.19;38
38;230.89;141.9;13.19;39
38;230.66;138.35;9.19;40
38;230.97;137.85;9.19;41
38;231.55;137.55;13.19;42
38;232.73;137.27;13.19;43
38;232.21;137.65;17.19;44
38;231.7;139.02;17.19;45
38;231.79;139.41;17.19;46
38;231.67;139.68;21.19;47
38;231.79;139.41;17.19;48
38;231.28;140.77;17.19;49
38;231.28;140.77;17.19;50
38;231.97;140.2;17.19;51
38;231.97;140.2;17.19;52
38;232.33;141.77;17.19;53
38;231.73;142.74;17.19;54
38;230.83;144.2;17.19;55
38;230.92;144.59;17.19;56
38;231.04;144.37;13.19;57
38;231.02;144.98;17.19;58
38;233.62;145.61;17.19;59
38;233.55;146.29;13.19;60
38;233.16;146.38;13.19;61
38;233.16;146.38;13.19;62
38;231.76;146.46;17.19;63
38;230.4;146.55;21.19;64
38;228.02;149.27;13.19;65
38;227.62;149.36;13.19;66
38;227.54;149.54;17.19;67
38;225.59;147.75;13.19;68
38;228.71;149.26;17.19;69
38;228.8;149.08;13.19;70
38;225.95;149.34;13.19;71
38;227.29;151.53;13.19;72
38;229.05;151.95;13.19;73
38;229.05;151.95;13.19;74
38;229.05;151.95;13.19;75
38;231.25;148.92;13.19;76
38;231.25;148.92;13.19;77
38;231.25;148.92;13.19;78
38;231.13;150.2;13.19;79
38;231.29;151.54;17.19;80
38;231.56;151.6;21.19;81
38;231.05;148.7;17.19;82
38;229.58;149.47;17.19;83
38;229.58;149.47;17.19;84
38;230.13;150.71;21.19;85
38;230.13;150.71;21.19;86
38;230.24;150.55;17.19;87
38;230.13;150.71;21.19;88
38;230.24;150.55;17.19;89
38;230.13;150.71;21.19;90
38;234.76;141.61;17.19;91
38;234.6;141.86;21.19;92
38;234.6;141.86;21.19;93
38;234.16;142.58;17.19;94
38;232.96;144.52;17.19;95
38;232.96;144.52;17.19;96
38;232.83;144.74;21.19;97
38;232.83;144.74;21.19;98
38;232.96;144.52;17.19;99
38;232.06;144.93;21.19;100
38;232.06;144.93;21.19;101
38;230.87;146.85;21.19;102
38;230.87;146.85;21.19;103
38;231.17;147.43;17.19;104
38;231.17;147.43;17.19;105
38;231.17;147.43;17.19;106
38;230.1;147.52;13.19;107
38;230;147.71;17.19;108
38;230;147.71;17.19;109
38;230;147.71;17.19;110
38;230;147.71;17.19;111
38;230.1;147.52;13.19;112
38;230.1;147.52;13.19;113
38;229.71;147.62;13.19;114
38;229.71;147.62;13.19;115
38;229.06;146.55;12.57;116
38;228.56;146.21;13.19;117
38;228.56;146.21;13.19;118
38;228.56;146.21;13.19;119
38;228.65;146.01;9.19;120
39;272.54;37.36;1.59;1
39;271.92;38.51;1.99;2
39;271.14;41.95;2.83;3
39;270.38;45.4;2.35;4
39;270.5;47.7;3.37;5
39;270.45;50;4.16;6
39;270.35;50;2.5;7
39;268.98;55.75;5.82;8
39;268.38;56.9;7.15;9
39;269.18;55.75;4.69;10
39;268.49;59.2;6.91;11
39;269.04;58.05;4.74;12
39;269.29;58.05;4.42;13
39;269.29;58.05;4.42;14
39;270.5;55.75;1.72;15
39;270.8;55.75;2.25;16
39;270.33;55.75;3.71;17
39;270.08;55.75;4.02;18
39;270.5;58.05;4.27;19
39;270.9;59.2;4.37;20
39;270.29;60.34;5.73;21
39;270.9;59.2;4.37;22
39;270.29;60.34;5.73;23
39;269.53;60.34;6.67;24
39;267.85;59.2;7.26;25
39;269.22;54.6;3.15;26
39;269.05;53.45;2.75;27
39;267.39;55.75;6.02;28
39;267.97;54.6;4.69;29
39;269.13;52.3;2.05;30
39;269.13;52.3;2.05;31
39;269.13;52.3;2.05;32
39;269.13;52.3;2.05;33
39;268.55;53.45;3.37;34
39;270.06;53.45;1.5;35
39;270.06;53.45;1.5;36
39;270.34;56.9;3.86;37
39;269.47;54.6;2.84;38
39;269.32;54.6;2.58;39
39;269.32;54.6;2.58;40
39;269.32;54.6;2.58;41
39;269.32;54.6;2.58;42
39;269.32;54.6;2.58;43
39;269.32;54.6;2.58;44
39;269.91;53.45;1.24;45
39;270.33;54.6;1.32;46
39;271.58;53.45;1.88;47
39;270.76;53.45;4.22;48
39;270.81;53.45;5.05;49
39;270.11;54.6;6.92;50
39;270.11;54.6;6.92;51
39;270.71;53.45;5.61;52
39;270.45;53.45;5.92;53
39;270.39;52.3;4.97;54
39;271.57;50;2.36;55
39;270.14;52.3;5.27;56
39;268.47;54.6;8.47;57
39;268.66;53.45;9.39;58
39;267.83;53.45;10.82;59
39;266.89;52.3;10.51;60
39;266.17;50;9.77;61
39;264.98;50;11.22;62
39;264.5;50;11.79;63
39;263.8;50;12.64;64
39;264.33;48.85;11.41;65
39;263.8;50;12.64;66
39;265.41;51.15;13.42;67
39;264.2;50;11.29;68
39;265;50;9.89;69
39;265.72;50;9.02;70
39;266.69;50;7.84;71
39;266.69;50;7.84;72
39;267.17;50;7.25;73
39;268.44;48.85;6.45;74
39;267.87;50;7.72;75
39;269.72;46.55;4.18;76
39;269.61;47.7;6.22;77
39;272.41;41.95;1.32;78
39;270.6;46.55;7.1;79
39;270.6;46.55;7.1;80
39;271.74;44.25;4.61;81
39;271.74;44.25;4.61;82
39;275.1;37.36;2.2;83
39;275.1;37.36;2.2;84
39;273.7;39.66;4.93;85
39;273.7;39.66;4.93;86
39;272.56;41.95;7.36;87
39;273.19;39.66;5.52;88
39;272.94;39.66;5.82;89
39;272.63;39.66;5.3;90
39;271.87;39.66;6.18;91
39;272.43;38.51;4.97;92
39;271.87;39.66;6.18;93
39;272.43;38.51;4.97;94
39;272.43;38.51;4.97;95
39;272.43;38.51;4.97;96
39;272.99;37.36;3.77;97
39;273.54;36.21;2.56;98
39;274.1;35.06;1.35;99
39;273.33;35.06;2.25;100
39;273.12;33.91;1.94;101
39;272.57;35.06;3.14;102
39;272.44;36.21;7.82;103
39;273.36;35.06;4.45;104
39;273.36;35.06;4.45;105
39;273.82;33.91;3.82;106
39;272.62;33.91;6.08;107
39;273.17;32.76;4.91;108
39;272.41;32.76;5.78;109
39;271.01;32.76;6.96;110
39;270.02;30.46;4.78;111
39;268.6;31.61;6.54;112
39;267.74;30.46;6.55;113
39;266.63;29.31;6.84;114
39;264.48;28.16;6.13;115
39;261.85;29.31;7.14;116
39;260.79;25.86;4.42;117
39;258.34;24.71;4.53;118
39;257.87;23.56;4.51;119
39;257.74;21.26;5.76;120
40;274.71;299.17;29.19;1
40;274.38;299.25;33.19;2
40;274.38;299.25;33.19;3
40;273.09;298.71;33.19;4
40;272.56;298.03;33.19;5
40;271.11;297.71;33.19;6
40;271.17;299.08;33.19;7
40;271.25;299.46;33.19;8
40;270.84;301.5;33.19;9
40;271.1;301.45;29.19;10
40;270.84;301.5;33.19;11
40;271.34;300.61;29.19;12
40;271.08;300.67;33.19;13
40;271.08;300.67;33.19;14
40;272.07;300.67;33.19;15
40;272.07;300.67;33.19;16
40;271.64;301.54;33.19;17
40;270.88;301.68;33.19;18
40;270.73;301.91;33.19;19
40;270.64;302.51;33.19;20
40;270.64;302.51;33.19;21
40;268.95;302.04;37.19;22
40;268.77;303.06;33.19;23
40;268.38;304.11;33.19;24
40;268.18;304.1;37.19;25
40;268.88;303.63;33.19;26
40;268.88;303.63;33.19;27
40;268.67;303.62;37.19;28
40;268.88;303.63;33.19;29
40;268.46;304.49;33.19;30
40;268.68;305.62;33.19;31
40;268.68;305.62;33.19;32
40;268.3;305.77;29.19;33
40;268.11;305.72;33.19;34
40;267.68;306.58;33.19;35
40;267.71;307.74;33.19;36
40;267.71;307.74;33.19;37
40;267.21;307.36;29.19;38
40;267.03;307.29;33.19;39
40;267.03;307.29;33.19;40
40;267.03;307.29;33.19;41
40;267.03;307.29;33.19;42
40;267.03;307.29;33.19;43
40;267;307.1;33.19;44
40;267.18;308.03;33.19;45
40;267.18;308.03;33.19;46
40;267.18;308.03;33.19;47
40;267.18;308.03;33.19;48
40;267.46;306.43;33.19;49
40;269.44;305.47;33.19;50
40;269.01;306.33;33.19;51
40;268.59;307.19;33.19;52
40;268.59;307.19;33.19;53
40;268.38;307.11;37.19;54
40;268.59;307.19;33.19;55
40;269.31;306.86;33.19;56
40;269.31;306.86;33.19;57
40;269.55;306.04;33.19;58
40;269.55;306.04;33.19;59
40;269.36;305.1;33.19;60
40;268.27;303.55;33.19;61
40;268.27;303.55;33.19;62
40;268;304.18;33.19;63
40;268.04;304.37;33.19;64
40;268.04;304.37;33.19;65
40;268.04;304.37;33.19;66
40;268.04;304.37;33.19;67
40;268.04;304.37;33.19;68
40;268.04;304.37;33.19;69
40;269.27;302.58;33.19;70
40;269.65;302.5;33.19;71
40;269.2;303.33;37.19;72
40;269.2;303.33;37.19;73
40;269.2;303.33;37.19;74
40;269.53;303.9;33.19;75
40;269.41;304.44;37.19;76
40;269.41;304.44;37.19;77
40;269.41;304.44;37.19;78
40;269.64;304.46;33.19;79
40;269.26;304.66;37.19;80
40;268.59;305.28;41.19;81
40;268.54;305.94;37.19;82
40;268.58;306.12;37.19;83
40;268.79;306.18;33.19;84
40;268.58;306.12;37.19;85
40;268.58;306.12;37.19;86
40;268.58;306.12;37.19;87
40;268.58;306.12;37.19;88
40;268.79;306.18;33.19;89
40;268.39;306.16;37.19;90
40;268.15;305.92;41.19;91
40;267.79;305.06;41.19;92
40;267.76;304.88;41.19;93
40;267.95;304.91;37.19;94
40;267.95;304.91;37.19;95
40;269.48;304.81;37.19;96
40;269.77;305.33;37.19;97
40;270.64;304.78;37.19;98
40;270.56;304.42;37.19;99
40;270.56;304.42;37.19;100
40;270.82;304.43;33.19;101
40;270.82;304.43;33.19;102
40;270.82;304.43;33.19;103
40;270.82;304.43;33.19;104
40;270.51;304.88;33.19;105
40;270.35;305.11;33.19;106
40;270.35;305.11;33.19;107
40;270.35;305.11;33.19;108
40;270.35;305.11;33.19;109
40;270.39;305.29;33.19;110
40;269.21;305.32;33.19;111
40;268.99;305.28;37.19;112
40;269.21;305.32;33.19;113
40;269.21;305.32;33.19;114
40;269.21;305.32;33.19;115
40;269.21;305.32;33.19;116
40;268.87;305.58;33.19;117
40;268.94;305.96;33.19;118
40;268.73;305.91;37.19;119
40;268.73;305.91;37.19;120
41;323.54;280.74;41.19;1
41;323.54;280.74;41.19;2
41;322.67;282.31;41.19;3
41;322.86;283.26;41.19;4
41;322.08;285.21;41.19;5
41;320.96;286.42;41.19;6
41;320.18;287.37;41.19;7
41;320.45;293.6;41.19;8
41;321.35;296.15;41.19;9
41;322.73;297.24;41.19;10
41;321.24;297.53;41.19;11
41;321.24;297.53;41.19;12
41;321.21;297.35;41.19;13
41;321.21;297.35;41.19;14
41;321.02;297.38;41.19;15
41;320.43;298.28;41.19;16
41;319.91;298.57;41.19;17
41;319.91;298.57;41.19;18
41;321.54;298.06;41.19;19
41;326.74;305.17;41.14;20
41;327.99;305.17;38.37;21
41;325.64;306.32;39.74;22
41;326.28;306.32;40.2;23
41;327.46;309.77;39.28;24
41;326.15;309.68;41.19;25
41;326.08;310.53;41.19;26
42;312.35;224.71;39.66;1
42;312.19;223.56;37.28;2
42;316.52;223.56;37.54;3
42;317.51;223.56;38.45;4
42;317.51;223.56;38.45;5
42;316.59;224.71;40.77;6
42;316.52;223.56;37.54;7
42;316.52;223.56;37.54;8
42;315.97;223.56;35.95;9
42;316.01;225.86;40.64;10
42;316.12;225.86;38.03;11
42;316.49;224.71;34;12
42;316.99;224.71;32.37;13
42;316.86;224.71;35.1;14
42;316.88;224.71;34.65;15
42;317.67;227.01;36.15;16
42;317.96;224.71;29.98;17
42;316.51;224.71;28.78;18
42;316.21;225.86;31.09;19
42;314.33;224.71;29.65;20
42;311.39;223.56;26.27;21
42;310.52;223.56;25.85;22
42;309.21;223.56;26.66;23
42;307.68;223.56;27.37;24
42;305.27;222.41;23.82;25
42;302.47;221.26;27.24;26
42;300.87;222.41;31.52;27
42;300.27;220.12;26.68;28
42;297.11;217.82;24.36;29
42;297.11;217.82;24.36;30
42;297.2;217.82;26.66;31
42;297.57;218.97;29.91;32
42;295.01;217.82;26.12;33
42;292.45;218.97;26.28;34
42;289.33;218.97;22.14;35
42;285.81;220.12;21.87;36
42;282.85;219.34;17.19;37
42;282.81;219.12;17.19;38
42;281.64;220.02;21.19;39
42;281.64;220.02;21.19;40
42;281;220.15;21.19;41
42;279.97;220.59;21.19;42
42;278.35;221.36;21.19;43
42;275.8;221.88;21.19;44
42;274.74;222.1;21.19;45
42;273.49;222.78;25.19;46
42;273.28;222.83;25.19;47
42;271.03;222.4;25.19;48
42;271.03;222.4;25.19;49
42;267.75;222.19;25.19;50
42;266.1;223.63;25.19;51
42;265.61;224.39;25.19;52
42;265.61;224.39;25.19;53
42;265.19;224.47;25.19;54
42;265.19;224.47;25.19;55
42;264.69;224.14;25.19;56
42;263.69;223.01;21.19;57
42;262.94;223.61;21.19;58
42;261.34;224.38;21.19;59
42;258.69;224.25;21.19;60
42;257.2;226.56;21.19;61
42;255.87;227.49;21.19;62
42;254.55;228.43;21.19;63
42;252.35;228.94;17.19;64
42;252.08;231.14;21.19;65
42;252.44;232.83;21.19;66
42;253.51;234.82;21.19;67
42;254.23;238.88;17.19;68
42;254.65;239.2;21.19;69
42;255.97;241.34;21.19;70
42;255.97;241.34;21.19;71
42;256.17;241.3;21.19;72
42;256.14;242.18;21.19;73
42;256.7;243.81;21.19;74
42;257.75;244.69;21.19;75
42;258.76;246.45;21.19;76
42;258.94;247.28;21.19;77
42;259.4;247.41;21.19;78
42;260.5;250.65;21.19;79
42;260.48;252.6;21.19;80
42;260.36;253.05;21.19;81
42;259.5;253;21.19;82
42;265.02;258.8;25.19;83
42;266.56;259.14;25.19;84
42;268.01;258.88;21.19;85
42;270.01;258.49;25.19;86
42;270.08;258.49;21.19;87
42;270.49;258.41;21.19;88
42;270.49;258.41;21.19;89
42;269.25;258.65;21.19;90
42;274.97;256.06;21.19;91
42;277.21;256.49;25.19;92
42;279.75;255.38;25.19;93
42;282.78;254.59;25.19;94
42;285.66;254.05;25.19;95
42;288.71;253.26;25.19;96
42;292.48;251.69;25.19;97
42;293.89;251.88;29.19;98
42;295.22;252.25;29.19;99
42;295.22;252.25;29.19;100
42;294.41;252.4;29.19;101
42;294.24;252.64;29.19;102
42;295.95;252.74;29.19;103
42;295.95;252.74;29.19;104
42;296.67;253.22;29.19;105
42;296.67;253.22;29.19;106
42;296.67;253.22;29.19;107
42;297.28;253.11;29.19;108
42;297.89;252.99;29.19;109
42;299.97;252.81;29.19;110
42;302.92;253.92;29.19;111
42;301.44;254.7;37.19;112
42;301.24;254.74;37.19;113
42;301.83;254.63;37.19;114
42;302.22;254.56;37.19;115
42;304.22;255.87;33.19;116
42;304.22;255.87;33.19;117
42;304.46;256.03;33.19;118
42;303.92;256.04;37.19;119
42;302.62;254.48;37.19;120
43;467.8;189.58;33.77;1
43;467.8;189.83;34.23;2
43;465.5;190.05;38.99;3
43;468.95;188.96;30.44;4
43;470.1;188.84;28.05;5
43;468.95;188.7;29.97;6
43;468.95;189.72;31.86;7
43;465.5;189.48;30;8
43;465.5;189.48;30;9
43;468.95;189.52;25.21;10
43;466.65;189.75;30.08;11
43;468.95;191.18;26.55;12
43;467.8;193.84;26.55;13
43;468.95;194.96;25.51;14
43;470.1;196.39;26;15
43;471.25;196.34;23.59;16
43;472.4;196.28;21.19;17
43;471.25;196.84;24.56;18
43;470.1;198.1;23.69;19
43;471.25;198.48;20.15;20
43;470.1;199.55;19.8;21
43;468.95;199.99;21.15;22
43;467.8;200.02;23.61;23
43;467.8;200.47;23.55;24
43;467.8;201.33;22.38;25
43;468.95;201.32;19.9;26
43;468.95;203.81;19.02;27
43;468.95;204.99;20.46;28
43;468.95;205.92;21.39;29
43;468.95;205.92;21.39;30
43;470.1;205.95;18.93;31
43;468.95;205.92;21.39;32
43;468.95;205.92;21.39;33
43;468.95;205.92;21.39;34
43;468.95;205.92;21.39;35
43;467.8;206.76;21.63;36
43;467.8;207.68;22.56;37
43;467.8;207.68;22.56;38
43;468.95;208.43;21.58;39
43;468.95;208.43;21.58;40
43;468.95;208.45;22.63;41
43;470.1;210.12;22.58;42
43;470.1;210.12;22.58;43
43;471.25;211.57;23.09;44
43;473.55;212.41;18.7;45
43;474.7;212.95;17.28;46
43;480.45;212.87;7.53;47
43;478.15;212.49;12.86;48
43;478.72;212.65;12.46;49
43;479.3;212.81;12.06;50
43;477;212.9;17.28;51
43;481.6;213.21;7.83;52
43;480.45;215.04;13.13;53
43;489.64;222.7;1.21;54
43;494.24;226.09;2.55;55
43;493.09;226.11;7.36;56
43;495.39;226.76;10.18;57
43;496.54;227.58;11.52;58
43;496.54;227.55;12.53;59
43;496.54;227.3;13.06;60
43;495.39;227.13;15.18;61
43;497.69;227.93;11.9;62
43;498.84;229.72;13.11;63
43;503.57;236.21;19.11;64
43;505.41;236.21;20.97;65
43;507.58;239.66;19.57;66
43;507.78;239.66;20.38;67
43;509.59;239.66;22.2;68
43;515.68;243.1;18.52;69
43;519.48;243.1;18.18;70
43;519.48;243.1;18.18;71
43;519.48;243.1;18.18;72
43;520.12;243.1;18.59;73
43;521.27;245.4;14.23;74
43;526.54;246.55;14.34;75
43;526.54;246.55;14.34;76
43;527.2;245.4;15.93;77
43;527.38;244.25;17.91;78
43;528.96;245.4;14.96;79
43;529.75;246.55;13.59;80
43;530.54;247.7;12.22;81
43;530.39;246.55;14;82
43;531.17;245.4;16.39;83
43;533.82;245.4;18.81;84
43;533.82;245.4;18.81;85
43;538.21;251.15;12.27;86
43;541.09;255.75;10.94;87
43;543.4;256.9;13.38;88
43;547.33;264.94;7.32;89
43;547.19;264.94;10.05;90
43;550.54;269.54;7.76;91
43;552.44;269.54;8.93;92
43;553.9;270.69;11.51;93
43;553.62;270.69;13.39;94
43;554.95;270.69;12.83;95
43;557.27;272.99;12.1;96
43;559.18;275.29;10.44;97
43;559.39;275.29;11.93;98
43;559.39;275.29;11.93;99
43;558.77;275.29;13.59;100
43;558.48;275.29;17.42;101
43;558.89;275.29;18.32;102
43;561.67;279.89;13.82;103
43;563.22;279.89;14.73;104
43;564.84;282.18;12.95;105
43;564.12;281.03;15.55;106
43;565.53;282.18;16.01;107
43;566.74;279.89;20.07;108
43;566.5;283.33;19.45;109
43;567.01;282.18;20.76;110
43;567.42;281.03;21.37;111
43;568.68;285.63;15.44;112
43;569.28;284.48;17.45;113
43;569.59;285.63;15.97;114
43;569.28;284.48;17.45;115
43;569.28;284.48;17.45;116
43;568.64;282.18;20.41;117
43;568.96;283.33;18.93;118
43;567.51;281.03;22.07;119
43;565.53;279.89;19.37;120
44;448.39;229.44;1.19;1
44;446.53;230.63;1.19;2
44;446.53;230.63;1.19;3
44;445.84;230.86;1.19;4
44;445.49;230.97;1.19;5
44;444.68;232;1.19;6
44;444.8;231.2;1.19;7
44;443.7;232.51;1.19;8
44;445.08;232.64;1.19;9
44;444.97;232.29;1.19;10
44;443.01;232.06;1.19;11
44;441.72;232.02;9.19;12
44;443.43;231.54;5.19;13
44;443.21;230.83;1.19;14
44;442.4;231.13;1.19;15
44;441.71;231.15;1.19;16
44;440.81;232.4;1.19;17
44;439.5;232.07;5.19;18
44;439.5;232.07;5.19;19
44;438.11;232.67;9.19;20
44;437.32;232.96;9.19;21
44;435.54;232.49;9.19;22
44;433.78;232.56;13.19;23
44;434.96;233.96;5.19;24
44;434;233.73;9.19;25
44;433.88;234;9.19;26
44;432.97;234.55;9.19;27
44;432.97;234.55;9.19;28
44;432.45;234.97;9.19;29
44;432.18;234.84;9.19;30
44;432.18;234.84;9.19;31
44;431.12;234.86;13.19;32
44;430.89;235.39;13.19;33
44;431.07;236.43;13.19;34
44;431.35;236.55;13.19;35
44;431.38;237.2;13.19;36
44;432.45;237.36;13.19;37
44;431.85;238.36;13.19;38
44;430.9;238.06;17.19;39
44;430.48;237.75;13.19;40
44;430.48;237.75;13.19;41
44;430.48;237.75;13.19;42
44;430.72;237.22;13.19;43
44;428.56;236.08;17.19;44
44;428.56;236.08;17.19;45
44;428.11;234.94;17.19;46
44;427.05;234.31;21.19;47
44;427.16;234.2;17.19;48
44;426.21;233.46;17.19;49
44;426.38;233.7;21.19;50
44;426.81;234.98;17.19;51
44;426.81;234.98;17.19;52
44;426.97;235.2;21.19;53
44;429.29;235.31;13.19;54
44;428.11;234.94;17.19;55
44;427.2;234.68;21.19;56
44;428.23;234.68;17.19;57
44;427.66;233.8;17.19;58
44;426.76;233.56;21.19;59
44;426.87;233.3;21.19;60
44;427.4;233.54;21.19;61
44;427.84;234.66;21.19;62
44;427.84;234.66;21.19;63
44;427.45;234.64;25.19;64
44;429.87;233.55;24.19;65
44;429.2;234.21;25.19;66
44;429.2;234.21;25.19;67
44;430.09;234.31;25.19;68
44;431.06;234.56;21.19;69
44;431.02;234.41;26.6;70
44;431.25;234.52;25.19;71
44;431.25;234.52;25.19;72
44;431.25;234.52;25.19;73
44;432.17;235.03;24.12;74
44;431.14;234.78;25.19;75
44;431.14;234.78;25.19;76
44;430.16;234.52;29.19;77
44;430.16;234.52;29.19;78
44;430.16;234.52;29.19;79
44;432.43;237.04;29.19;80
44;432.69;237.15;29.19;81
44;434.05;238.97;29.19;82
44;434.09;239.58;29.19;83
44;434.27;240.57;29.19;84
44;435.98;241.64;29.19;85
44;437.79;242.46;29.19;86
44;438.24;243.56;29.19;87
44;437.9;244.32;29.19;88
44;436.96;246.37;33.19;89
44;437.1;248.83;33.19;90
44;438.09;249.56;29.19;91
44;436.88;249.32;33.19;92
44;436.55;250.07;33.19;93
44;436.44;250.32;33.19;94
44;436.44;250.32;33.19;95
44;436.44;250.32;33.19;96
44;436.44;250.32;33.19;97
44;436.44;250.32;33.19;98
44;436.44;250.32;33.19;99
44;436.44;250.32;33.19;100
44;436.44;250.32;33.19;101
44;434.68;248.03;33.19;102
44;436.77;249.57;33.19;103
44;435.82;248.24;33.19;104
44;436.77;249.61;31.77;105
44;437.07;250.31;33.19;106
44;437.07;250.31;33.19;107
44;436.63;251.3;33.19;108
44;435.53;250.79;37.19;109
44;437.07;250.31;33.19;110
44;436.41;249.71;33.19;111
44;435.32;249.21;37.19;112
44;434.09;249.25;37.19;113
44;435.16;249.74;33.19;114
44;435.34;250.72;33.19;115
44;436.41;249.71;33.19;116
44;436.41;249.71;33.19;117
44;436.41;249.71;33.19;118
44;436.41;249.71;33.19;119
44;437.07;248.21;33.19;120
45;559.96;203.42;1.19;1
45;560.4;202.79;1.19;2
45;561.41;202.56;1.19;3
45;561.41;202.56;1.19;4
45;558.41;207.46;1.19;5
45;559.84;207.37;5.19;6
45;559.48;207.74;1.19;7
45;558.17;209.61;1.19;8
45;559.18;209.38;1.19;9
45;558.17;209.61;1.19;10
45;558.17;209.61;1.19;11
45;558.17;209.61;1.19;12
45;558.11;209.11;1.19;13
45;558.11;209.11;1.19;14
45;559.91;207.88;5.19;15
45;558.91;207.35;1.19;16
45;558.41;207.46;1.19;17
45;557.91;207.58;1.19;18
45;555.96;208.56;1.19;19
45;556.03;209.07;1.19;20
45;556.03;209.07;1.19;21
45;557.1;209.34;1.19;22
45;556.23;210.59;1.19;23
45;556.23;210.59;1.19;24
45;556.3;211.09;1.19;25
45;556.8;210.98;1.19;26
45;556.94;211.99;1.19;27
45;556.94;211.99;1.19;28
45;556.94;211.99;1.19;29
45;555.43;212.34;1.19;30
45;555.93;212.22;1.19;31
45;555.93;212.22;1.19;32
45;555.45;213.06;5.19;33
45;556.87;211.48;1.19;34
45;556.87;211.48;1.19;35
45;556.94;211.99;1.19;36
45;556.94;211.99;1.19;37
45;557.21;214.01;1.19;38
45;557.21;214.01;1.19;39
45;557.21;214.01;1.19;40
45;557.21;214.01;1.19;41
45;556.57;213.12;1.19;42
45;556;212.73;1.19;43
45;555.02;213.68;5.19;44
45;556;212.73;1.19;45
45;554.39;212.79;5.19;46
45;551.99;213.66;1.19;47
45;550.49;214.01;1.19;48
45;548.99;214.36;1.19;49
45;548.49;214.48;1.19;50
45;547.99;214.59;1.19;51
45;547.99;214.59;1.19;52
45;547.99;214.59;1.19;53
45;548.7;215.99;1.19;54
45;548.7;215.99;1.19;55
45;548.7;215.99;1.19;56
45;548.7;215.99;1.19;57
45;548.7;215.99;1.19;58
45;548.7;215.99;1.19;59
45;548.7;215.99;1.19;60
45;547.78;216.91;5.19;61
45;548.7;215.99;1.19;62
45;548.7;215.99;1.19;63
45;548.7;215.99;1.19;64
45;547.78;216.91;5.19;65
45;548.77;216.49;1.19;66
45;548.77;216.49;1.19;67
45;547.85;217.41;5.19;68
45;548.77;216.49;1.19;69
45;548.77;216.49;1.19;70
45;548.77;216.49;1.19;71
45;547.85;217.41;5.19;72
45;547.85;217.41;5.19;73
45;548.77;216.49;1.19;74
45;548.77;216.49;1.19;75
45;548.77;216.49;1.19;76
45;548.91;217.49;1.19;77
45;548.91;217.49;1.19;78
45;548.84;216.99;1.19;79
45;548.34;217.11;1.19;80
45;546.63;215.95;1.19;81
45;546.63;215.95;1.19;82
45;546.63;215.95;1.19;83
45;546.85;217.64;5.19;84
45;547.77;216.72;1.19;85
45;548.34;217.3;5.19;86
45;549.27;216.37;1.19;87
45;548.34;217.3;5.19;88
45;549.27;216.37;1.19;89
45;549.27;216.37;1.19;90
45;549.27;216.37;1.19;91
45;549.27;216.37;1.19;92
45;548.56;214.98;1.19;93
45;548.56;214.98;1.19;94
45;548.56;214.98;1.19;95
45;547.64;215.92;5.19;96
45;548.56;214.98;1.19;97
45;548.56;214.98;1.19;98
45;548.56;214.98;1.19;99
45;548.56;214.98;1.19;100
45;548.56;214.98;1.19;101
45;547.64;215.92;5.19;102
45;548.56;214.98;1.19;103
45;548.56;214.98;1.19;104
45;548.56;214.98;1.19;105
45;548.56;214.98;1.19;106
45;548.56;214.98;1.19;107
45;547.64;215.92;5.19;108
45;548.56;214.98;1.19;109
45;548.56;214.98;1.19;110
45;548.56;214.98;1.19;111
45;548.56;214.98;1.19;112
45;548.56;214.98;1.19;113
45;548.56;214.98;1.19;114
45;548.56;214.98;1.19;115
45;547.64;215.92;5.19;116
45;547.64;215.92;5.19;117
45;548.56;214.98;1.19;118
45;548.56;214.98;1.19;119
45;548.49;214.68;5.19;120
46;444.02;248.54;37.19;1
46;442.34;248.36;41.19;2
46;439.28;247.26;41.19;3
46;437;247.35;41.19;4
46;435.6;246.84;41.19;5
46;433.19;246.24;41.19;6
46;431.11;245.49;41.19;7
46;429.03;244.75;41.19;8
46;427.76;246.26;37.19;9
46;426.17;246.64;41.19;10
46;426.01;246.71;41.19;11
46;425.26;245.93;41.19;12
46;425.86;246.78;41.19;13
46;426.09;246.87;41.19;14
46;425.56;246.55;41.19;15
46;425.56;246.55;41.19;16
46;425.56;246.55;41.19;17
46;425.02;246.61;41.19;18
46;425.31;247.6;41.19;19
46;424.63;247.35;41.19;20
46;424.55;247.58;41.19;21
46;424.55;247.58;41.19;22
46;424.55;247.58;41.19;23
46;424.55;247.58;41.19;24
46;424.55;247.58;41.19;25
46;423.47;248.46;41.19;26
46;423.47;248.46;41.19;27
46;423.24;248.37;41.19;28
46;423.09;248.07;41.19;29
46;423.02;247.91;41.19;30
46;423.02;247.91;41.19;31
46;423.09;248.07;41.19;32
46;422.42;247.44;41.19;33
46;420.45;246.85;41.19;34
46;417.6;245.18;41.19;35
46;413.16;245.96;41.19;36
46;411.89;245.99;41.19;37
46;412.33;246.53;41.19;38
46;412.33;246.53;41.19;39
46;412.63;246.77;41.19;40
46;412.63;246.77;41.19;41
46;418.64;246.57;41.19;42
46;418.53;248.68;41.19;43
46;419.22;248.17;41.19;44
46;419.38;247.72;41.19;45
46;419.31;247.19;41.19;46
46;419.31;247.19;41.19;47
46;419.31;247.19;41.19;48
46;419.99;247.06;41.19;49
46;419.99;247.06;41.19;50
46;419.99;247.06;41.19;51
46;420.07;246.84;41.19;52
46;419.61;247.05;41.19;53
46;419.61;247.05;41.19;54
46;417.59;246.31;41.19;55
46;418.49;246.64;41.19;56
46;418.56;246.79;41.19;57
46;419.31;247.19;41.19;58
46;419.61;247.43;41.19;59
46;419.61;247.43;41.19;60
46;419.53;247.65;41.19;61
47;154.57;96.32;38.19;1
47;153.68;96.39;41.19;2
47;153.73;96.83;41.19;3
47;154.92;95.91;41.19;4
47;152.66;96.43;41.19;5
47;152.12;95.03;41.19;6
47;153.16;93.62;41.19;7
47;155.33;94.32;41.19;8
47;155.28;94.15;41.19;9
48;264.92;147;29.19;1
48;266.07;146.55;30.34;2
48;263.76;146.55;37.58;3
48;264.37;146.55;39.19;4
48;263.85;146.55;38.54;5
48;263.71;146.55;38.77;6
48;263.1;146.55;40.48;7
48;261.72;147.7;39.62;8
48;263.16;146.55;31.53;9
48;263.66;147.53;29.19;10
48;263.89;147.39;25.19;11
48;262.13;148.85;37.62;12
48;261.28;146.55;37.81;13
48;259.42;144.25;40.02;14
48;258.59;139.65;38.62;15
48;260.74;137.36;40.38;16
48;262.03;136.21;40.77;17
48;264.01;133.91;40.58;18
48;265.92;132.76;38.82;19
48;266.62;132.76;40.24;20
48;266.39;133.91;40.22;21
48;268.06;133.91;38.74;22
48;269.64;135.06;39.94;23
48;270.57;136.21;39.37;24
48;272.59;136.21;38.59;25
48;272.35;136.21;38.31;26
48;275.14;138.51;40.62;27
48;276.3;140.8;39.57;28
48;275.85;140.7;40.9;29
48;277;139.34;39.72;30
48;275.85;139.98;39.51;31
48;274.7;139.01;39.64;32
48;273.55;138.98;41.13;33
48;273.55;138.33;39.95;34
48;274.7;140.58;39.95;35
48;275.85;141.34;39.22;36
48;273.41;143.29;39.99;37
48;272.4;140.2;40.13;38
48;272.4;139.47;40;39
48;272.4;138.5;39.34;40
48;272.4;138.05;40.28;41
48;273.55;138.06;38.9;42
48;271.25;138.42;39.87;43
48;271.25;137.86;39.72;44
48;271.25;138.39;39.5;45
48;271.25;138.34;40.79;46
48;272.4;139.08;38.66;47
48;272.4;140.06;39.51;48
48;271.25;140.27;40.48;49
48;273.55;140.27;39.09;50
48;274.7;140.71;40.72;51
48;274.7;140.71;40.72;52
48;277;139.23;39.46;53
48;278.15;139.78;39.42;54
48;277;138.49;40.79;55
48;278.15;139.56;40.36;56
48;279.3;139.79;39.46;57
48;278.15;140.2;40.38;58
48;279.3;140.93;40.01;59
48;279.3;140.56;40.04;60
48;280.41;138.75;40.19;61
49;303.21;65.47;13.19;1
49;302.77;65.91;17.19;2
49;303.91;66.48;17.19;3
49;303.58;65.34;17.19;4
49;304.88;68.06;13.19;5
49;305.93;70.7;9.19;6
49;308.06;74.67;5.19;7
49;314.6;79.77;1.19;8
49;311.77;80.76;1.19;9
50;259.12;158;1.19;1
50;261.18;159.37;1.19;2
50;260.33;159.68;1.19;3
50;260.7;161.66;1.19;4
50;256;162.92;1.19;5
50;258.4;162.9;1.19;6
50;260.58;162.96;1.19;7
50;263.23;161.04;1.19;8
50;265;159.7;1.19;9
50;265.74;160.72;1.19;10
50;264.78;162.46;1.19;11
50;263.6;162.18;1.19;12
50;264.62;162.8;1.19;13
50;264.09;162.43;1.19;14
50;263.27;161.59;1.19;15
50;262.62;160.41;1.19;16
50;263.31;160.02;1.19;17
50;265.2;161.61;1.19;18
50;262.67;160.76;1.19;19
50;262.61;160.2;1.19;20
50;260.27;159.42;1.19;21
50;261.66;157.64;1.19;22
50;263.65;157.13;1.19;23
50;266.57;158.56;1.19;24
50;270.26;161.54;1.19;25
50;274.7;164.19;1.97;26
51;166.41;470;9.19;1
51;165.61;470.96;13.19;2
51;163.05;472.74;13.19;3
51;159.65;473.77;5.19;4
51;156.98;476.47;5.19;5
51;155.63;478.79;5.19;6
51;155.1;480.7;1.19;7
51;155.5;483.13;1.19;8
51;156.98;483.57;1.19;9
51;156.68;485.88;1.19;10
51;155.43;487.66;5.19;11
51;155.67;485.02;1.19;12
51;155.9;485.57;1.19;13
51;154.93;483.82;1.19;14
51;154.69;486.75;1.19;15
51;155.53;488.89;5.19;16
51;156.97;490.54;1.19;17
51;156.51;492.47;1.19;18
51;156.45;491.85;1.19;19
51;155.51;494.64;1.19;20
51;153.14;496.1;1.19;21
51;151.74;494.33;1.19;22
51;150.62;495.68;1.19;23
51;151.47;499.63;1.19;24
51;151.25;502.1;1.19;25
51;147.81;500.99;1.19;26
51;146.89;501.82;1.19;27
51;148.08;504.1;1.19;28
51;148.24;504.46;1.19;29
51;149.78;508.54;1.19;30
51;149.7;512.84;5.19;31
51;148.01;512.29;1.19;32
51;152.4;513.65;1.19;33
51;153.79;515.24;0.19;34
52;264.41;499.52;39.19;1
52;264.19;501;41.19;2
52;261.26;503.17;37.19;3
52;260.37;500.06;41.19;4
52;261.32;498.96;41.19;5
52;260.7;498.07;41.19;6
52;259.55;499.35;41.19;7
52;261.76;499.65;41.19;8
52;257.79;502.33;41.19;9
52;259.41;500;39.19;10
52;258.92;501.52;41.19;11
52;258.94;502.67;41.19;12
52;260.64;503.42;41.19;13
52;259.83;505.5;41.19;14
52;259.33;507.21;41.19;15
52;259.07;508.07;41.19;16
52;259.43;507.21;41.19;17
52;259.01;508.37;41.19;18
52;261.4;505.46;41.19;19
52;261.53;506.53;41.19;20
52;259.46;510.74;41.19;21
52;260.41;513;40.19;22
52;261.41;514.34;39.19;23
52;261.62;513.91;41.19;24
52;260.5;514.85;41.19;25
52;260.41;517;41.19;26
52;265.85;520.29;41.19;27
52;267.19;523.9;41.19;28
52;270.64;522.41;40.38;29
52;267.92;521.26;38.81;30
52;266.56;521.26;39.31;31
52;268.61;524.71;41.14;32
52;269.41;526;39.19;33
53;489.41;274.65;41.19;1
53;490.41;274.65;37.19;2
53;487.96;274.56;41.19;3
53;488.79;276.01;41.19;4
53;488.28;276.31;41.19;5
53;487.46;276.2;41.19;6
53;487.3;274.65;41.19;7
53;487.37;276.19;41.19;8
53;486.49;277.25;41.19;9
53;486.54;278.25;41.19;10
53;485.72;278.23;41.19;11
53;485.48;277.93;41.19;12
53;484.19;278.03;41.19;13
53;484.19;278.03;41.19;14
53;484.19;278.03;41.19;15
53;484.33;278.32;41.19;16
53;484.33;278.32;41.19;17
53;484.55;278.71;41.19;18
53;485.68;277.86;41.19;19
53;485.93;276.64;41.19;20
53;485.11;277.34;41.19;21
53;485;277.41;41.19;22
53;484.08;277.47;41.19;23
53;483.3;277.91;41.19;24
53;483.42;278.37;41.19;25
53;484.13;277.84;41.19;26
53;484.14;277.75;41.19;27
53;483.72;278.14;41.19;28
53;483.16;278.88;41.19;29
53;481.97;278.99;41.19;30
53;482.23;279.74;41.19;31
53;483.55;280.01;41.19;32
53;482.88;279.65;41.19;33
53;483.3;280.52;41.19;34
53;483.51;279.01;41.19;35
53;483.01;279.31;41.19;36
53;483.37;279.36;41.19;37
53;483.01;280.66;41.19;38
53;482.98;279.57;41.19;39
53;483.15;278.97;41.19;40
53;483.32;279.08;41.19;41
53;483.32;279.08;41.19;42
53;483.61;279.57;41.19;43
53;483.14;279.69;41.19;44
53;483.13;279.77;41.19;45
53;483.04;279.76;41.19;46
53;483.05;279.04;41.19;47
53;483.17;280.14;41.19;48
53;484.16;278.92;41.19;49
53;483.29;278.63;41.19;50
53;483.72;278.77;41.19;51
53;481.76;280.48;41.19;52
53;481.5;280.45;41.19;53
53;481.15;280.31;41.19;54
53;482.11;280.62;41.19;55
53;480.89;280.9;41.19;56
53;482.52;280.23;41.19;57
53;481.21;280.59;41.19;58
53;481.21;280.59;41.19;59
53;483.03;279.85;41.19;60
53;483.17;280.14;41.19;61
53;483.81;278.79;41.19;62
53;482.65;279.35;41.19;63
53;482.52;280.23;41.19;64
53;484.6;279.7;41.19;65
53;485;279.49;41.19;66
53;485.92;279.29;39.19;67
53;483.16;279.59;41.19;68
53;484.64;279.57;41.19;69
53;484.37;279.53;41.19;70
53;484.02;279.92;41.19;71
53;483.98;279.64;41.19;72
53;484.16;279.67;41.19;73
53;483.9;279.08;41.19;74
53;484.46;279.54;41.19;75
53;485.08;279.19;41.19;76
53;484.4;279.35;41.19;77
53;484.02;279.92;41.19;78
53;484.18;280.04;41.19;79
53;483.98;280.1;41.19;80
53;483.77;280.25;41.19;81
53;482.62;280.5;41.19;82
53;481.64;280.33;41.19;83
53;482.74;280.6;37.19;84
53;477.16;280.37;41.19;85
53;475.48;279.71;41.19;86
53;476.16;280.37;41.19;87
53;474.66;279.74;41.19;88
53;476.72;279.83;41.19;89
53;475.21;281.11;41.19;90
53;477.82;281.67;41.19;91
53;479.64;281.17;41.19;92
53;481.07;280.42;41.19;93
53;478.42;280.41;41.19;94
53;478.89;279.4;41.19;95
53;479.69;279.99;41.19;96
53;478.85;279.12;41.19;97
54;382.41;340;39.19;1
54;383.03;341.95;39.03;2
54;384.55;343.1;40.89;3
54;383.9;343.1;39.33;4
54;383.9;341.41;40.12;5
54;388.49;341.69;41.11;6
54;388.49;343.26;40.47;7
54;387.34;342.36;41.13;8
54;387.34;341.1;37.56;9
54;389.64;339.55;32.75;10
54;391.94;341.16;34.47;11
54;391.94;340.26;32.4;12
54;391.94;340.26;32.4;13
54;396.54;342.71;31.91;14
54;401.14;342.7;29.35;15
54;405.73;343.05;29.86;16
54;406.88;343.73;33.78;17
54;408.03;345.13;33.53;18
54;411.48;347.71;34.16;19
54;414.93;350.29;34.85;20
54;420.68;351.45;39.04;21
54;421.83;351.76;40.65;22
54;422.98;350.16;40.5;23
54;422.98;350.26;37.82;24
54;422.98;350.26;37.82;25
54;427.57;350.2;41.05;26
54;425.27;351.46;39.53;27
54;424.13;350.7;36.08;28
54;426.42;351.37;38.71;29
54;427.57;352.19;40.83;30
54;428.72;353.57;40.7;31
54;428.72;354.59;39.57;32
54;436.77;352.36;40.78;33
54;436.77;352.36;40.78;34
54;435.62;351.49;39.25;35
54;435.62;351.48;39.95;36
54;435.62;351.48;39.95;37
54;436.77;351.39;39.14;38
54;439.07;352.69;38.93;39
54;439.07;352.69;38.93;40
54;439.07;352.69;38.93;41
54;439.07;352.69;38.93;42
54;439.07;352.69;38.93;43
54;437.92;355.73;39.79;44
55;570.09;282.64;22.02;1
55;570.29;281.85;22.47;2
55;570.17;281.62;22.72;3
55;570.57;280.84;23.23;4
55;570.45;281.12;23.09;5
55;569.45;280.95;23.88;6
55;568.73;281.26;24.65;7
55;568.25;280.99;25.72;8
55;568.23;281.34;25.63;9
55;567.7;281.6;25.44;10
55;567.52;281.4;25.81;11
55;567.79;281.66;26.47;12
55;567.58;282.35;27.01;13
55;567.77;282.88;27.48;14
55;567.61;282.57;27.25;15
55;567.66;282.58;27.14;16
55;567.78;283.51;26.79;17
55;567.64;283.8;26.84;18
55;567.31;283.68;27.25;19
55;567.65;284.75;27.74;20
55;568;285.43;28.17;21
55;568.43;286.13;28.67;22
55;568.8;286.66;29.2;23
55;568.56;287.99;28.95;24
55;568.62;288.26;28.82;25
55;568.57;288.49;29.45;26
55;568.8;289.56;29.08;27
55;568.52;290.41;29.02;28
55;569.16;291.81;29.9;29
55;570.06;293.23;30.07;30
55;570.51;294.44;30.55;31
55;570.86;296.33;31.92;32
55;571.15;297.24;32.88;33
55;571.3;298.38;34.31;34
55;571.63;298.66;34.8;35
55;571.69;299.05;35.4;36
55;571.64;299.62;36.72;37
56;273.31;78.43;39.35;1
56;272.93;77.78;39.32;2
56;272.55;77.03;39.22;3
56;272.5;76.73;39.57;4
56;272.46;75.83;39.79;5
56;272.68;75.03;38.93;6
56;271.51;74.51;38.28;7
56;271.01;74.24;38.56;8
56;270.18;74.66;38.02;9
56;270.07;74.55;37.95;10
56;269.57;74.6;37.79;11
56;269.78;75.19;38.35;12
56;268.98;75.47;39.25;13
56;267.67;73.67;39.59;14
56;266.94;73.46;39.84;15
56;267.41;73.1;39.55;16
56;267.31;72;39.06;17
56;267.09;72.48;38.53;18
56;267.15;72.29;38.58;19
56;266.21;72.94;38.29;20
56;265.75;72.38;38.43;21
56;265.02;72;38.22;22
56;264.75;71.88;38.17;23
56;264.52;72.37;37.91;24
56;264.14;72.3;37.98;25
56;263.99;72.16;37.93;26
56;263.92;71.84;38.52;27
56;263.91;72.9;38.56;28
56;263.54;72.28;38.37;29
56;263.79;72.75;38.53;30
56;264.09;72.78;38.71;31
56;263.54;72.77;38.48;32
56;263.36;72.86;38.72;33
56;263.46;71.89;38.93;34
56;263.24;70.78;38.71;35
56;263.24;70.68;39.11;36
56;262.29;70.48;39.32;37
56;261.84;70.43;39.41;38
56;262.13;69.93;39.88;39
56;261.38;68.35;39.38;40
56;261.76;68.16;39.11;41
56;261.07;66.96;38.68;42
56;260.16;65.72;38.88;43
56;260.72;65.36;38.65;44
56;260.8;64.55;38.48;45
56;259.9;63.01;38.39;46
56;259.28;62.64;38.23;47
56;259.22;62.13;37.85;48
56;259.29;61.55;37.56;49
56;259.31;60.26;37.36;50
56;259.51;59.58;37.02;51
56;260.02;58.09;35.96;52
56;260.49;56.59;34.4;53
56;260.47;55.97;35.35;54
56;260.42;55.51;35.17;55
56;260.48;55.44;34.8;56
56;260.85;54.76;34.41;57
56;261.1;53.68;34.28;58
56;261.25;52.78;33.09;59
56;261.15;53.31;33.65;60
56;260.5;53.07;33.78;61
56;259.75;54.46;36.53;62
56;260.3;54.13;34.67;63
56;260.17;53.19;33.77;64
56;260.65;52.98;34.72;65
56;261.32;51.95;34.62;66
56;261.99;50.75;33.34;67
56;262.58;50.3;32.99;68
56;262.9;49.78;32.46;69
56;262.83;49.73;32.45;70
56;263.22;49.34;32.35;71
56;262.87;48.82;32.51;72
56;263.35;47.87;33.01;73
56;263.1;46.88;31.76;74
56;262.18;46.39;31.44;75
56;261.84;46.03;31.35;76
56;261.94;45.63;31.31;77
56;261.44;45.36;31.35;78
56;261.25;44.8;31.32;79
56;261.43;43.84;31;80
56;261.88;43.85;31.04;81
56;262.42;43.28;31.4;82
56;261.97;43.8;31.22;83
56;262.67;43.36;31.18;84
56;263.1;43.3;31.26;85
56;263.56;43.61;31.44;86
56;263.78;43.91;31.22;87
56;263.8;44.43;31.32;88
56;263.83;44.38;30.72;89
56;263.71;44.46;30.72;90
56;264;44.49;30.88;91
56;264.53;44.31;30.48;92
56;264.49;44.49;30.93;93
56;264.3;44.56;30.74;94
56;263.91;43.57;30.59;95
56;263.52;43.08;30.7;96
56;263.86;42.71;30.8;97
56;264.56;43.04;31.58;98
56;264.78;43.38;31.28;99
56;264.27;43.51;31.63;100
56;263.9;43.09;31.17;101
56;263.24;42.86;31.48;102
56;262.46;41.87;31.32;103
56;261.71;41.11;31.59;104
56;261.86;40.57;32.03;105
56;261.41;40.42;32.25;106
56;261.33;40.44;32.55;107
56;261.54;41.07;31.88;108
56;261.31;41.46;32.54;109
56;261.56;40.91;32.75;110
56;261.45;40.5;33.66;111
56;261.2;40.33;33.67;112
56;261.18;39.92;33.6;113
56;260.89;40.08;33.02;114
56;260.14;39.88;31.68;115
56;260.09;39.83;32.39;116
56;259.85;39.92;32.67;117
56;259.55;38.74;32.73;118
56;259.13;37.72;33.92;119
56;259.25;37.26;32.99;120
57;420.72;226.21;36.56;1
57;418.95;226.07;37.44;2
57;419.94;226.32;37.91;3
57;420.65;226.44;38.91;4
57;419.1;226.05;39.29;5
57;418.89;225.45;39.74;6
57;417.59;225.86;39.07;7
57;417.37;226.08;39.48;8
57;421.1;226.89;40.85;9
57;418.31;225.87;39.48;10
57;421.59;225.79;36.03;11
57;424.11;226.07;35.49;12
57;427.94;227.01;35.6;13
57;430.72;226.1;35.89;14
57;439.74;223.1;25.6;15
57;440.89;222.17;18.73;16
57;440.95;222.24;21.34;17
57;440.23;222.76;24.97;18
57;440.11;222.06;24.79;19
57;439.79;221.66;23.9;20
57;440.43;221.88;21.11;21
57;441.39;222.44;20.36;22
57;442.31;222.36;20.45;23
57;442.13;222.28;20.46;24
57;440.23;220.61;20.98;25
57;439.89;221.49;24.29;26
57;439.97;221.9;21.54;27
57;439.25;222.13;21.76;28
57;438.73;221.98;21.87;29
57;439.2;222.55;24.39;30
57;439.59;222.14;21.42;31
57;439.32;222.21;21.25;32
57;439.51;222.22;21.03;33
57;439.58;222.45;20.69;34
57;438.89;222.79;23.36;35
57;437.98;220.9;15.21;36
57;437.9;222.77;18.34;37
57;438.05;223.26;18.27;38
57;438.11;223.27;18.22;39
57;438.23;224.36;20.87;40
57;438.97;224;18.45;41
57;439.25;225.23;21.32;42
57;438.76;225.57;21.44;43
57;439.39;225.35;21.56;44
57;439.57;224.53;24.61;45
57;439.9;224.47;24.53;46
57;440.21;223.91;21.72;47
57;440.61;224.4;22.18;48
57;441.08;224.34;21.91;49
57;440.43;224.96;24.56;50
57;440.53;224.3;24.28;51
57;440.61;223.99;21.55;52
57;440.41;223.15;21.38;53
57;439.94;222.5;21.65;54
57;439.89;222.37;23.68;55
57;440.4;222.67;21.78;56
57;440.16;223.32;24.53;57
57;440.68;223.6;24.46;58
57;440.78;222.92;24.44;59
57;441.22;222.83;24.53;60
57;440.96;223.72;22.5;61
57;441.38;224.74;22.29;62
57;441.28;224.63;24.65;63
57;441.28;225.18;22.62;64
57;441.04;224.89;22.89;65
57;443.04;229.11;24.92;66
57;441.66;227.07;24.83;67
57;443.75;230.71;23.11;68
57;443.31;231.06;24.84;69
57;444.09;232.16;24.77;70
57;444.23;231.61;25.39;71
57;444.34;231.54;26.69;72
57;444.67;231.62;25.93;73
57;444.4;232.2;25.43;74
57;444.23;232.11;26.27;75
57;444.04;231.73;25.96;76
57;444.78;231.94;25.71;77
57;445.54;232.57;25.38;78
57;446.44;232.55;24.74;79
57;447.28;231.39;23.88;80
57;447.46;230.93;23.16;81
57;447.85;230.42;22.72;82
57;448.08;230.91;22.7;83
57;448.22;230.74;23;84
57;448.62;230.65;22.85;85
57;448.89;230.93;22.8;86
57;449.03;230.88;22.75;87
57;448.67;231.07;22.9;88
57;448.68;230.71;22.07;89
57;449.41;227.93;15.76;90
57;448.95;227.75;15.74;91
57;448.93;227.33;15.73;92
57;448.36;226.93;15.58;93
57;448.18;227.48;17.96;94
57;448.57;227.3;18.35;95
57;448.68;227.59;18.5;96
57;448.97;227.61;19.26;97
57;448.99;227.68;19.3;98
57;449.47;227.12;19.35;99
57;448.67;225.94;18.92;100
57;449.22;225.81;18.19;101
57;450.11;226.71;17.93;102
57;449.52;226.71;17.74;103
57;449.56;226.64;17.94;104
57;449.22;226.56;18;105
57;448.56;226.77;18.35;106
57;447.46;227.05;18.69;107
57;446.83;225.96;16.47;108
57;447.01;226.32;16.55;109
57;447.29;226.74;16.78;110
57;447.77;226.74;18.86;111
57;447.09;224.76;15.91;112
57;446.36;223.79;15.34;113
57;444.75;221.88;12.19;114
57;444.26;220.54;8.92;115
57;444.57;221.17;8.8;116
57;443.28;221.39;9.61;117
57;441.45;220.55;8.9;118
57;438.11;219.08;7.41;119
57;434.64;218.51;6.21;120
58;477.27;409.38;37.19;3
58;477.95;409.1;37.19;4
58;476.85;409.06;41.19;5
58;476.05;410.12;41.19;6
58;475.65;411.31;41.19;7
58;474.71;412.51;41.19;8
58;474.7;411.28;39.43;9
58;473.55;412.73;37.56;10
58;474.7;414.11;38.94;11
58;476.98;415.25;41.19;12
58;477.39;415.64;41.19;13
58;478.5;414.94;41.19;14
58;477.76;414.23;41.19;15
58;477.87;415.7;41.19;16
58;478.42;415.68;41.19;17
58;478.28;415.55;41.19;18
58;480.01;414.51;41.19;19
58;480.3;413.84;41.19;20
58;478.92;414.54;41.19;21
58;477.88;415.16;41.19;22
58;477.25;415.78;41.19;23
58;478.27;416.36;41.19;24
58;478.82;416.21;41.19;25
58;479.65;416.05;41.19;26
58;480.05;416.71;41.19;27
58;479.5;417.13;41.19;28
58;480.41;415;41.19;29
58;479.42;417.34;41.19;30
58;479.29;417.34;41.19;31
58;479.08;417.14;41.19;32
58;479.28;418.01;41.19;33
58;478.93;417.96;41.19;34
58;478.93;418.23;41.19;35
58;479.83;417.46;41.19;36
58;478.88;417.08;41.19;37
58;479.44;416.39;41.19;38
58;476.85;414.98;41.19;39
58;476.72;414.72;41.19;40
58;477.39;415.64;41.19;41
58;477.73;415.56;41.19;42
58;477.57;416.91;41.19;43
58;476.3;418.03;41.19;44
58;475.91;416.55;41.19;45
58;476.69;415.92;41.19;46
58;477.74;415.03;41.19;47
58;478.83;415.81;41.19;48
58;479.17;416.27;41.19;49
58;480.33;416.17;41.19;50
58;478.54;416.48;41.19;51
58;478.39;417.16;41.19;52
58;478.53;417.02;41.19;53
58;478.82;416.34;41.19;54
58;478.13;416.49;41.19;55
58;477.63;417.38;41.19;56
58;478.39;417.16;41.19;57
58;477.99;416.5;41.19;58
58;478.9;415.6;41.19;59
58;479.18;415.2;41.19;60
58;479.88;414.52;41.19;61
58;480.34;415.64;41.19;62
58;481.09;415.69;41.19;63
58;481.08;416.62;41.19;64
58;481.21;417.02;41.19;65
58;481.56;416.41;41.19;66
58;480.94;416.36;41.19;67
58;481.69;416.27;41.19;68
58;481.51;414.08;41.19;69
58;479.81;414.32;41.19;70
58;480.29;414.51;41.19;71
58;481.43;415.35;41.19;72
58;482.79;415.45;41.19;73
58;482.38;415.72;41.19;74
58;482.98;416.31;41.19;75
58;483.17;417.17;41.19;76
58;482.41;413.37;39.19;77
58;482.34;412.88;41.19;78
58;481.38;413.82;41.19;79
58;480.55;414.77;41.19;80
58;481.02;415.89;41.19;81
58;482.74;415.63;38.43;82
58;482.74;414.46;40.56;83
58;479.3;414.98;38.57;84
58;482.41;416;39.19;85
58;482.74;416.74;40.82;86
58;482.74;413.96;41.07;87
58;482.74;415.38;39.8;88
58;481.6;417.41;38.41;89
58;480.45;416.62;39.93;90
58;482.34;415.62;41.19;91
58;480.93;414.29;41.19;92
58;480.11;414.6;41.19;93
58;480.28;414.87;41.19;94
58;480.77;414.13;41.19;95
58;481.36;413.16;41.19;96
58;482.04;414.24;41.19;97
58;481.99;414.52;41.19;98
58;482.34;415.73;41.19;99
58;483.01;415.81;41.19;100
58;483.78;415.67;41.19;101
58;483.33;415.24;41.19;102
58;481.84;415.04;41.19;103
58;483.58;413.84;41.19;104
58;480.39;414.98;41.19;105
58;482.12;415.74;41.19;106
58;480.96;418.4;37.19;107
58;481.57;415.99;41.19;108
58;480.79;415.91;41.19;109
58;482.24;416.52;41.19;110
58;482.45;415.73;41.19;111
58;482.15;414.12;41.19;112
58;481.25;414.37;41.19;113
58;480.39;416.6;41.19;114
58;482.83;415.11;41.19;115
58;482.72;415.52;41.19;116
58;482.85;415.73;41.19;117
58;481.86;414.85;41.19;118
58;483.07;415.7;41.19;119
58;482.75;414.01;41.19;120
59;459.76;255.25;1.41;4
59;457.46;256.37;8.16;5
59;458.61;254.67;3.77;6
59;458.22;255.2;1.19;7
59;458.22;255.2;1.19;8
59;458.35;254.02;1.19;9
59;457.78;252.39;1.19;10
59;457.55;252.25;1.19;11
59;457.55;252.25;1.19;12
59;457.32;252.1;1.19;13
59;457.17;252.32;1.19;14
59;456.73;252.99;1.19;15
59;456.44;253.43;1.19;16
59;456.44;253.43;1.19;17
59;456.15;253.87;1.19;18
59;456.04;256.01;1.19;19
59;456.04;256.01;1.19;20
59;456.27;256.16;1.19;21
59;456.57;255.71;1.19;22
59;456.71;255.49;1.19;23
59;456.02;255.05;1.19;24
59;456;254.09;1.19;25
59;456.92;254.68;1.19;26
59;456.94;255.64;1.19;27
59;456.94;255.64;1.19;28
59;455.77;257.41;1.19;29
59;455.48;257.85;1.19;30
59;455.73;258.96;1.19;31
59;455.52;259.77;1.19;32
59;455.52;259.77;1.19;33
59;455.52;259.77;1.19;34
59;455.52;259.77;1.19;35
59;455.23;260.21;1.19;36
59;455.23;260.21;1.19;37
59;455.23;260.21;1.19;38
59;455.23;260.21;1.19;39
59;455.11;261.39;1.19;40
59;454.96;261.61;1.19;41
59;454.96;261.61;1.19;42
59;454.96;261.61;1.19;43
59;454.96;261.61;1.19;44
59;455.48;261.32;1.19;45
59;455.48;261.32;1.19;46
59;455.42;261.91;1.19;47
59;455.42;261.91;1.19;48
59;455.65;262.06;1.19;49
59;457.42;262.88;1.19;50
59;456.35;262.51;1.19;51
59;456.35;262.51;1.19;52
59;456.05;262.95;1.19;53
59;456.05;262.95;1.19;54
59;456.05;262.95;1.19;55
59;456.05;262.95;1.19;56
59;456.05;262.95;1.19;57
59;456.05;262.95;1.19;58
59;456.05;262.95;1.19;59
59;456.05;262.95;1.19;60
59;455.61;263.61;1.19;61
59;455.61;263.61;1.19;62
59;455.61;263.61;1.19;63
59;455.61;263.61;1.19;64
59;455.61;263.61;1.19;65
59;455.66;265.54;1.19;66
59;455.51;265.76;1.19;67
59;456.67;266.51;1.19;68
59;453.46;268.85;1.19;69
59;452.5;269.8;1.19;70
59;451.73;272.45;1.19;71
59;451.73;272.45;1.19;72
59;451.44;272.89;1.19;73
59;450.83;272.81;1.19;74
59;449.74;271.47;1.19;75
59;448.37;270.57;1.19;76
59;444.26;271.33;1.19;77
59;444.39;270.15;1.19;78
59;443.79;270.07;1.19;79
59;443.43;271.1;1.19;80
59;443.52;271.47;1.19;81
59;443.68;272.21;1.19;82
59;443.68;272.21;1.19;83
59;443.91;272.36;1.19;84
59;443.91;272.36;1.19;85
59;445.13;273.48;1.19;86
59;445.13;273.48;1.19;87
59;445.13;273.48;1.19;88
59;444.55;274.35;1.19;89
59;444.55;274.35;1.19;90
59;444.55;274.35;1.19;91
59;444.63;274.72;1.19;92
59;444.49;274.94;1.19;93
59;444.49;274.94;1.19;94
59;444.49;274.94;1.19;95
59;444.49;274.94;1.19;96
59;444.49;274.94;1.19;97
59;444.49;274.94;1.19;98
59;444.36;276.12;1.19;99
59;443.93;276.78;1.19;100
59;443.93;276.78;1.19;101
59;443.64;277.21;1.19;102
59;443.14;278.46;1.19;103
59;443.14;278.46;1.19;104
59;441.92;280.8;1.19;105
59;441.48;281.45;1.19;106
59;440.98;282.7;1.19;107
59;440.98;282.7;1.19;108
59;441.42;285.51;1.19;109
59;440.98;286.16;1.19;110
59;440.61;286.23;1.19;111
59;437.19;286.45;1.19;112
59;436.24;287.39;1.19;113
59;437.06;287.63;1.19;114
59;437.06;287.63;1.19;115
59;438.21;289.35;1.19;116
59;438.21;289.35;1.19;117
59;438.95;289.22;1.19;118
59;438.81;289.44;1.19;119
59;438.39;291.05;1.19;120
60;483.33;417.36;41.19;4
60;482.72;417.66;41.19;5
60;482.17;417.48;41.19;6
60;481.12;419.37;41.19;7
60;481.79;421.03;41.19;8
60;483.56;421.71;41.19;9
60;487.34;421.35;40.56;10
60;487.34;421.85;41.18;11
60;487.34;422.78;40.85;12
60;487.34;422.87;40.82;13
60;487.34;423.62;40.56;14
60;487.34;423.62;40.56;15
60;487.34;423.62;40.56;16
60;487.34;423.62;40.56;17
60;487.34;423.07;40.22;18
60;487.34;423.07;40.22;19
60;487.34;423.07;40.22;20
60;487.34;423.19;39.1;21
60;487.34;423.59;38.42;22
60;486.19;424.21;41.19;23
60;486.19;424.21;41.19;24
60;487.34;424.01;38.54;25
60;487.34;424.01;38.54;26
60;487.34;424.14;38.77;27
60;487.34;425.16;41.07;28
60;488.49;425.1;39.27;29
60;488.49;425.62;40.14;30
60;489.64;425.71;39.38;31
60;489.64;426.03;40.29;32
60;490.79;426.52;39.45;33
60;491.94;427.41;39.28;34
60;491.94;427.37;39.78;35
60;491.94;427.37;39.78;36
60;491.94;427.18;39.84;37
60;491.94;427;39.16;38
60;491.94;427;39.16;39
60;491.94;427;39.16;40
60;491.94;427;39.16;41
60;490.79;427.12;40.99;42
60;490.79;427.12;40.99;43
60;490.79;427.03;40.28;44
60;490.79;426.71;40.14;45
60;490.79;426.43;38.72;46
60;489.64;426.63;41.1;47
60;489.64;426.63;41.1;48
60;489.64;426.63;41.1;49
60;489.64;426.63;41.1;50
60;489.64;426.63;41.1;51
60;490.79;426.53;38.69;52
60;489.64;427.13;41.18;53
60;489.64;427.13;41.18;54
60;489.64;427.2;40.91;55
60;489.64;427.21;39.39;56
60;489.64;427.21;39.39;57
60;489.64;427.49;40.06;58
60;489.64;427.62;40.27;59
60;489.64;427.62;40.27;60
60;489.64;427.74;40.48;61
60;489.64;427.8;40.96;62
60;490.79;427.6;38.33;63
60;489.64;427.8;40.96;64
60;489.64;427.8;40.96;65
60;490.79;427.6;38.33;66
60;490.79;427.93;39.49;67
60;490.79;427.93;39.49;68
60;490.79;427.93;39.49;69
60;490.79;427.93;39.49;70
60;490.79;427.93;39.49;71
60;490.79;427.93;39.49;72
60;490.79;427.93;39.49;73
60;490.79;427.93;39.49;74
60;490.79;427.93;39.49;75
60;490.79;427.93;39.49;76
60;490.79;427.93;39.49;77
60;490.79;427.93;39.49;78
60;490.79;427.93;39.49;79
60;490.79;427.93;39.49;80
60;490.79;427.93;39.49;81
60;490.79;427.93;39.49;82
60;490.79;427.7;40.06;83
60;490.79;427.7;40.06;84
60;490.79;427.7;40.06;85
60;490.79;427.67;39.82;86
60;490.79;427.62;39.34;87
60;490.79;427.62;39.34;88
60;490.79;427.71;39.31;89
60;490.79;427.71;39.31;90
60;490.79;427.71;39.31;91
60;490.79;427.71;39.31;92
60;490.79;427.71;39.31;93
60;490.79;427.77;39.79;94
60;490.79;427.77;39.79;95
60;490.79;427.8;40.03;96
60;490.79;427.83;40.27;97
60;490.79;427.83;40.27;98
60;490.79;427.83;40.27;99
60;491.94;427.39;39.04;100
60;493.09;427.19;36.51;101
60;491.94;427.39;39.04;102
60;491.94;427.39;39.04;103
60;491.94;427.37;39.78;104
60;491.94;427.37;39.78;105
60;490.79;427.43;41.13;106
60;490.79;427.4;40.9;107
60;490.79;427.4;40.9;108
60;490.79;427.4;40.9;109
60;490.79;427.4;40.9;110
60;490.79;427.4;40.9;111
60;490.79;427.43;41.13;112
60;490.79;427.43;41.13;113
60;490.79;427.43;41.13;114
60;490.79;427.31;40.93;115
60;490.79;427.31;40.93;116
60;490.79;427.31;40.93;117
60;490.79;427.31;40.93;118
60;490.79;427.31;40.93;119
60;489.64;427.11;40.94;120
61;481.57;389.08;33.74;5
61;481.57;389.08;33.74;6
61;481.32;389.08;35.59;7
61;481.62;390.23;39.19;8
61;481.32;389.08;35.59;9
61;481.94;389.08;38.14;10
61;481.94;389.08;38.14;11
61;485.03;390.23;40.76;12
61;485.91;390.23;40.16;13
61;489.04;391.38;40.13;14
61;489.32;391.38;38.29;15
61;489.84;392.53;38.76;16
61;490.78;393.68;39.61;17
61;490.84;392.53;35.36;18
61;494.93;397.13;40.64;19
61;497.48;399.43;40.96;20
61;498.16;398.8;37.19;21
61;502.69;404.29;37.19;22
61;505.43;404.87;37.19;23
61;505.93;406.23;41.19;24
61;506.44;406.53;41.19;25
61;508.27;406.19;33.19;26
61;511.39;414.29;37.19;27
61;511.25;417.38;33.19;28
61;513.67;425.63;33.19;29
61;511.76;426.02;37.19;30
61;511.85;425.25;33.19;31
61;511.76;426.02;37.19;32
61;509.68;427.93;41.19;33
61;507.86;431.1;41.19;34
61;507.58;431.59;41.19;35
61;507.63;430.89;37.19;36
61;507.58;431.59;41.19;37
61;504.58;436.26;41.19;38
61;504.3;436.74;41.19;39
61;503.79;437.08;41.19;40
62;135.19;27.76;41.19;5
62;135.19;27.76;41.19;6
62;135.7;26.95;41.19;7
62;135.79;26.58;41.19;8
62;135.79;26.58;41.19;9
62;136.11;27.22;41.19;10
62;139.46;31.06;41.19;11
62;141.72;31.79;41.19;12
62;143.17;34.22;37.19;13
62;146.46;37.22;41.19;14
62;148.39;39.58;41.19;15
62;148.09;40.51;41.19;16
62;149.61;42.6;41.19;17
62;151.58;44.42;41.19;18
62;153.66;45.17;41.19;19
62;155.05;45.22;41.19;20
62;154.69;44.43;41.19;21
62;152.5;43.91;37.19;22
62;152.41;44.29;37.19;23
62;156.93;48.93;41.19;24
62;163.37;48.55;41.19;25
62;166.56;49.05;41.19;26
62;169.8;49.02;41.19;27
62;170.62;48.84;41.19;28
62;172.11;48.23;37.19;29
62;171.57;48.18;37.19;30
62;170;47.6;41.19;31
62;169.28;47.42;41.19;32
62;168.75;47.37;41.19;33
62;165.72;46.83;41.19;34
62;164.85;45.99;41.19;35
62;164.37;44.45;33.19;36
62;164.34;43.26;37.19;37
62;163.97;42.11;29.19;38
62;164.15;42.07;29.19;39
62;164.4;40.72;29.19;40
62;163.91;39.35;29.19;41
62;161.89;37.43;21.19;42
62;160.72;36.52;21.19;43
62;158.96;35.55;21.19;44
62;157.74;34.46;21.19;45
62;158.11;34.38;21.19;46
62;159.22;34.14;21.19;47
62;159.69;34.01;17.19;48
62;160.34;34.26;17.19;49
62;161.74;33.57;13.19;50
62;162.36;33.63;13.19;51
62;163.6;32.77;9.19;52
62;164.49;32.17;9.19;53
62;164.22;30.39;1.19;54
62;164.64;30.7;5.19;55
62;164.8;30.45;5.19;56
62;165.08;28.49;1.19;57
62;163.63;32.14;13.19;58
62;163.34;31.59;9.19;59
62;162.34;32.63;13.19;60
62;162.34;32.63;13.19;61
62;162.95;32.69;13.19;62
62;162.89;33.31;13.19;63
62;162.89;33.31;13.19;64
62;162.89;33.31;13.19;65
62;164.47;33;9.19;66
62;164.88;32.08;9.19;67
62;164.42;29.69;5.19;68
62;164.97;29.36;5.19;69
62;164.97;29.36;5.19;70
62;165.04;28.72;5.19;71
62;164.77;27.51;5.19;72
62;164.44;23.68;1.19;73
62;164.57;24.29;1.19;74
62;166.08;22.35;1.19;75
63;427.75;228.74;1.19;6
63;428.25;230.88;1.19;7
63;429.49;229.78;1.19;8
63;428.63;231.08;1.19;9
63;427.45;230.93;1.19;10
63;426.04;230.64;1.19;11
63;423.13;228.77;1.19;12
63;422.24;228.2;1.19;13
63;417.25;226.37;5.19;14
63;415.98;225.7;1.19;15
63;415.62;225.77;1.19;16
63;413.13;224.46;9.19;17
63;411.75;224.5;1.19;18
63;407.1;223.02;1.19;19
63;404.12;220.48;1.19;20
63;402.83;220.56;1.19;21
63;401.05;220.93;1.19;22
63;398.15;222.07;1.19;23
63;397.5;221.65;1.19;24
63;396.37;221.52;1.19;25
63;395.94;221.24;1.19;26
63;395.94;221.24;1.19;27
63;395.29;220.82;1.19;28
63;392.38;220.13;1.19;29
63;391.74;219.72;1.19;30
63;390.89;219.16;1.19;31
63;389.56;219.8;1.19;32
63;387.68;220.38;1.19;33
63;384.8;219.69;1.19;34
63;381.25;219.36;5.19;35
63;381.52;219.65;1.19;36
63;382.3;220.76;1.19;37
63;381.41;221.67;1.19;38
63;376.34;226.72;1.19;39
63;374.52;230;1.19;40
63;374.77;232.86;1.19;41
63;374.8;235.59;1.19;42
63;375.38;237.48;1.19;43
63;375.63;240.35;1.19;44
63;375.99;242.11;1.19;45
63;375.99;242.11;1.19;46
63;376.3;244.42;1.19;47
63;372.6;252.45;1.19;48
63;368.87;257.73;1.19;49
63;368.87;257.73;1.19;50
63;368.6;258.14;1.19;51
63;367.79;259.39;1.19;52
63;365.67;260.33;1.19;53
63;364.51;260.73;1.19;54
63;362.19;261.52;1.19;55
63;357.51;262.75;1.19;56
63;356.28;261.89;1.19;57
63;354.04;261.22;1.19;58
63;352.55;260.77;1.19;59
63;350.66;260.04;1.19;60
63;350.66;260.04;1.19;61
63;345.95;258.22;1.19;62
63;344.65;254.33;1.19;63
63;343.76;250.73;1.19;64
63;342.41;249.2;1.19;65
63;340.74;246.85;1.19;66
63;342.27;243.44;5.19;67
63;342.65;241.96;5.19;68
63;343.43;240.75;5.19;69
63;344.07;239.74;5.19;70
63;344.74;240.15;1.19;71
63;346.7;240.97;5.19;72
63;346.51;241.72;5.19;73
63;347.44;242.94;5.19;74
63;348.77;244.45;5.19;75
63;351;246.85;9.19;76
63;352.25;249.79;5.19;77
63;353.86;251.79;5.19;78
63;356;251.48;9.19;79
63;358.1;251.78;9.19;80
63;367.3;253.21;9.19;81
63;368.75;251.39;13.19;82
63;370.24;252.79;5.19;83
63;371.09;252.32;9.19;84
63;372.49;252.41;9.19;85
63;372.62;252.2;9.19;86
63;374.27;254.37;5.19;87
63;375.37;254.53;5.19;88
63;378.59;254.65;5.19;89
63;382.8;255.5;1.19;90
63;386.8;255.49;1.19;91
63;389.57;254.97;5.19;92
63;391.17;254.85;5.19;93
63;394.17;253.36;9.19;94
63;397.2;254.3;1.19;95
63;397.19;253.38;1.19;96
63;396.89;252.87;1.19;97
63;396.37;252.06;5.19;98
63;399;254.9;1.19;99
63;398.44;254.06;5.19;100
63;400.37;255.35;5.19;101
63;401.97;256.26;9.19;102
63;403.73;256.85;9.19;103
63;410.16;258.92;5.19;104
63;410.16;258.92;5.19;105
63;415.03;258.23;5.19;106
63;418.17;260.64;5.19;107
63;421.28;260.27;5.19;108
63;421.86;260.35;5.19;109
63;423.23;259.73;5.19;110
63;429.91;266.31;9.19;111
63;429.91;266.31;9.19;112
63;430.18;268.3;9.19;113
63;429.68;268.2;13.19;114
63;432.03;270.69;15.96;115
63;433.32;270.73;18.36;116
63;435.62;271.91;15.91;117
63;436.77;272.12;21.91;118
63;436.77;272.32;22.82;119
63;437.92;273.97;19.69;120
64;505.06;493.03;1.19;18
64;505.34;493.59;1.19;19
64;504.13;493.97;1.19;20
64;504.96;492.75;1.19;21
64;504.96;493.13;1.19;22
64;504.82;489.81;5.19;23
64;504.18;485.82;13.19;24
64;505.01;484.9;13.19;25
64;506.02;485.86;21.19;26
64;508.77;487.09;21.19;27
64;509.31;487.17;21.19;28
64;509.91;485.65;25.19;29
64;510.32;481.42;33.19;30
64;511.04;478.95;33.19;31
64;510.56;476.29;33.19;32
64;510.01;474.09;33.19;33
64;509.81;473.22;33.19;34
64;509.34;472.3;33.19;35
64;509.46;471.06;33.19;36
64;508.18;465.9;33.19;37
64;507.24;463.76;33.19;38
64;507.89;462.44;33.19;39
64;507.31;461.66;35.19;40
64;508.07;459.19;33.19;41
64;507.67;459.58;33.19;42
64;508.1;457.82;17.19;43
64;509.5;457.09;9.19;44
64;504.41;459.59;5.19;45
64;504.87;458.82;9.19;46
64;502.77;454.94;5.19;47
64;502.85;453.77;5.19;48
64;504.19;452.44;5.19;49
64;502.75;450.9;5.19;50
64;502.92;449.29;5.19;51
64;502.6;446.65;1.19;52
64;501.47;446.49;1.19;53
64;504.36;446.25;1.19;54
64;503.44;445.7;5.19;55
64;501.85;447.68;1.19;56
64;501.84;447.12;1.19;57
64;501.76;446.35;1.19;58
64;503.44;445.76;1.19;59
64;505.65;444.75;2.19;60
64;507.64;438.14;1.19;61
64;507.41;437;1.19;62
64;508.28;436.61;1.19;63
64;510.02;434.97;1.19;64
65;3.64;464.98;22.38;30
65;4.12;464.77;22;31
65;4.47;464.23;22.26;32
65;4.37;463.13;22.06;33
65;3.97;462.34;21.83;34
65;4.05;462.6;22.24;35
65;4.45;462.7;24.51;36
65;4.54;462.59;24.48;37
65;4.69;462.33;23.83;38
65;4.66;461.32;25.05;39
65;4.56;461.8;24.48;40
65;4.33;461.61;24.29;41
65;4.23;460.92;25.42;42
65;4.38;460.93;26.38;43
65;4.05;461.4;26.6;44
65;3.98;460.94;27.55;45
65;4.39;460.57;28.36;46
65;4.48;460.7;27.97;47
65;4.42;460.39;27.51;48
65;4.08;461.08;26.29;49
65;4.05;461.15;25.76;50
65;4.04;461.7;24.65;51
65;3.88;460.72;24.3;52
65;4.07;459.64;23.65;53
65;3.82;459.72;22.53;54
65;3.75;459.55;21.68;55
66;205.86;241.72;33.19;35
66;205.19;241.62;37.19;36
66;206.88;241.4;29.6;37
66;206.1;238.29;29.19;38
66;205.51;238.29;29.19;39
66;205.51;238.29;29.19;40
66;205.8;237.7;29.19;41
66;205.8;237.7;29.19;42
66;204.18;237.99;29.19;43
66;204.62;238.73;29.19;44
66;203.59;236.96;29.19;45
66;201.83;234.9;29.19;46
66;201.83;235.49;29.19;47
66;202.37;235.42;25.19;48
66;200.86;236.02;25.19;49
66;199.5;236.93;25.19;50
66;201.09;236.08;29.19;51
66;199.91;234.31;29.19;52
66;199.42;234.42;33.19;53
66;198.7;232.99;33.19;54
66;199.62;232.84;29.19;55
66;199.28;233.7;33.19;56
66;199.77;233.58;29.19;57
66;200.74;233.33;21.19;58
66;200.5;232.84;29.19;59
66;201.77;231.79;25.19;60
66;201.77;230.88;25.19;61
66;201.77;230.88;25.19;62
66;202.07;230.58;25.19;63
66;201.53;230.78;29.19;64
66;200.86;230.58;25.19;65
66;199.62;230.34;29.19;66
66;198.99;230.55;33.19;67
66;198.99;230.55;33.19;68
66;199.99;231.27;33.19;69
66;199.99;230.84;33.19;70
66;199.99;230.41;33.19;71
66;199.99;229.84;33.19;72
66;199.85;228.4;33.19;73
66;199.13;228.83;33.19;74
66;199.13;229.84;33.19;75
66;199.62;229.6;29.19;76
66;199.13;229.84;33.19;77
66;199.77;229.75;29.19;78
66;200.06;228.72;29.19;79
66;200.21;227.98;29.19;80
66;200.06;227.1;29.19;81
66;199.35;226.34;21.19;82
66;198.05;226.2;17.19;83
66;198.05;226.2;17.19;84
66;197.09;226.2;17.19;85
66;196.93;225.72;17.19;86
66;196.93;225.72;17.19;87
66;196.61;225.72;17.19;88
66;193.17;222.58;9.19;89
66;192.84;222.75;9.19;90
66;192.58;222.79;13.19;91
66;192.74;222.47;13.19;92
66;191.92;221.65;13.19;93
66;191.11;221.16;13.19;94
66;190.78;220.67;13.19;95
66;189.47;219.85;13.19;96
66;189.33;218.9;9.19;97
66;188.99;217.06;9.19;98
66;188.99;216.89;9.19;99
66;188.32;215.72;9.19;100
66;187.82;213.55;9.19;101
66;187.49;209.87;9.19;102
66;186.82;209.2;9.19;103
66;184.81;208.86;9.19;104
66;184.47;208.7;9.19;105
66;184.14;209.53;9.19;106
66;184.14;209.53;9.19;107
66;184.31;210.2;9.19;108
66;184.47;211.04;9.19;109
66;184.47;210.04;9.19;110
66;183.3;208.36;9.19;111
66;181.3;207.69;9.19;112
66;181.3;207.69;9.19;113
66;181.13;207.36;9.19;114
66;181.13;207.36;9.19;115
66;181.13;207.36;9.19;116
66;179.79;206.52;9.19;117
66;178.79;205.18;9.19;118
66;178.79;204.85;9.19;119
66;178.79;204.85;9.19;120
67;585.04;520.97;22.89;38
67;585.04;520.97;22.89;39
67;585.04;521.54;26.61;40
67;586.19;521.22;24.18;41
67;585.04;520.87;24.81;42
67;582.75;521.29;23.78;43
67;579.78;520.87;25.19;44
67;579.22;520.93;25.19;45
67;579.22;520.93;25.19;46
67;579.22;520.93;25.19;47
67;579.22;520.93;25.19;48
67;579.22;520.93;25.19;49
67;577.51;521.9;25.19;50
67;576.54;522.33;25.19;51
67;575.08;522.59;29.19;52
67;570.78;520.81;33.19;53
67;568.58;519.78;33.19;54
67;568.15;518.87;33.19;55
67;567.86;518.26;33.19;56
67;567.26;517.8;33.19;57
67;556.52;513.22;36.47;58
67;554.48;513.22;37.65;59
67;554.84;512.07;37.33;60
67;551.75;509.77;36.11;61
67;548.01;506.32;35.72;62
67;548.83;510.92;40.45;63
67;548.63;509.77;40;64
67;548.23;507.47;37.67;65
67;548.02;506.32;36.51;66
67;548.23;507.47;37.67;67
67;548.23;507.47;37.67;68
67;548.23;507.47;37.67;69
68;148.51;44.57;41.19;38
68;148.71;44.7;41.19;39
68;143.49;42.38;41.19;40
68;140.59;38.14;41.19;41
68;136.7;34.01;37.19;42
68;136.19;34.12;37.19;43
68;136.69;33.4;41.19;44
68;135.66;32.62;37.19;45
68;129.5;27.23;33.19;46
68;124.12;25.76;32.28;47
68;114.93;20.72;27.33;48
68;110.33;17.23;20.77;49
68;109.18;15.38;21.08;50
68;111.48;16.51;27.52;51
68;111.48;16.51;27.52;52
68;111.48;16.51;27.52;53
68;108.03;15.26;26.13;54
68;103.44;14.3;20.15;55
68;101.14;13.1;14.28;56
68;95.39;12.66;7.76;57
68;96.54;13.07;12.44;58
68;94.24;11.76;7.56;59
68;93.09;11.51;8.67;60
68;80.45;10.07;5.37;61
68;79.3;9.76;4.39;62
68;79.3;9.31;3.11;63
68;80.45;9.14;3.33;64
68;79.3;7.88;3.43;65
68;78.15;7.57;2.47;66
68;77;7.59;1.84;67
68;60.05;4.91;5.19;68
68;60.05;4.91;5.19;69
68;58.4;5.26;5.19;70
68;56.3;4.62;5.19;71
68;54.5;4.35;5.19;72
68;53.48;3.69;5.19;73
68;50.72;2.09;5.19;74
68;49.35;1.23;9.19;75
68;49.13;0.89;5.19;76
68;48.93;0.93;5.19;77
68;50.06;1.51;9.19;78
68;51.19;1.33;5.19;79
68;47.84;0.59;1.19;80
68;48.1;0.75;1.19;81
68;47.04;0.57;2.79;82
69;554.15;461.73;2.12;45
69;556.39;463.79;4.32;46
69;560.54;460.35;3.37;47
69;560.79;461.49;4.51;48
69;563.06;459.2;3.24;49
69;562.46;459.2;3.78;50
69;562.44;459.2;2.92;51
69;562.44;459.2;2.92;52
69;562.44;459.2;2.92;53
69;562.46;459.2;3.78;54
69;562.46;459.2;3.78;55
69;562.82;458.05;3;56
69;562.82;458.05;3;57
69;562.82;458.05;3;58
69;563.18;456.9;1.39;59
69;562.63;455.75;1.45;60
69;562.63;455.75;1.45;61
69;562.63;455.75;1.45;62
69;562.63;455.75;1.45;63
69;562.99;455.75;3.69;64
69;563.59;455.75;3.16;65
69;563.27;455.75;2.59;66
69;562.38;455.75;4.22;67
69;562.38;455.75;4.22;68
69;562.38;455.75;4.22;69
69;562.38;455.75;4.22;70
69;562.2;453.45;3.54;71
69;562.54;452.3;2.02;72
69;562.54;452.3;2.02;73
69;561.34;452.3;3.05;74
69;561.34;452.3;3.05;75
69;561.61;452.3;1.98;76
69;561.61;452.3;1.98;77
69;561.61;452.3;1.98;78
69;563.67;448.85;1.64;79
69;563.69;448.85;2.43;80
69;562.73;448.85;1.6;81
69;562.34;451.15;3.47;82
69;562.05;452.3;6.56;83
69;562.05;452.3;6.56;84
69;563.15;452.3;1.51;85
69;563.15;452.3;1.51;86
69;562.61;452.3;4.45;87
69;561.48;452.3;7.85;88
69;561.76;451.15;4.77;89
69;560.89;450;4.3;90
69;561.16;448.85;1.26;91
69;560.92;450;5.09;92
69;561.19;448.85;2.06;93
69;561.19;448.85;2.06;94
69;560.92;450;5.09;95
69;560.92;450;5.09;96
69;561.51;451.15;6.6;97
69;561.51;451.15;6.6;98
69;561.51;451.15;6.6;99
69;561.51;451.15;6.6;100
69;561.51;451.15;6.6;101
69;561.79;450;3.55;102
69;561.79;450;3.55;103
69;561.79;450;3.55;104
69;562.13;448.85;2.1;105
69;563.16;447.7;3.33;106
69;561.98;446.55;3.15;107
69;561.98;446.55;3.15;108
69;561.16;446.55;6.18;109
69;561.42;445.4;3.26;110
69;561.16;446.55;6.18;111
69;561.42;445.4;3.26;112
69;561.42;445.4;3.26;113
69;561.16;446.55;6.18;114
69;561.42;445.4;3.26;115
69;561.78;444.25;2.66;116
69;562.74;443.1;1.59;117
69;562.46;444.25;4.47;118
69;562.76;443.1;2.35;119
69;562.76;443.1;2.35;120
70;430.09;347.32;1.19;49
70;431.3;348.62;1.19;50
70;432.51;348.66;1.19;51
70;432.85;346.51;1.19;52
70;432.64;345.13;1.19;53
70;432.7;344.61;5.19;54
70;432.59;341.76;5.19;55
70;433.04;340.8;10.38;56
70;434.12;339.66;9.94;57
70;435.82;340.8;13.13;58
70;437.37;340.8;12.44;59
70;440.46;341.95;14.24;60
70;442.48;340.8;11.49;61
70;442.92;343.1;16.99;62
70;442.92;343.1;16.99;63
70;442.92;343.1;16.99;64
70;442.92;341.95;13.03;65
70;444.62;341.95;15.55;66
70;448.12;343.1;22.33;67
70;450.08;345.4;29.24;68
70;450.79;345.4;24.35;69
70;450.37;347.4;29.19;70
70;450.15;348.47;29.19;71
70;449.97;350.99;37.19;72
70;449.37;352.96;37.19;73
70;449.78;354.03;37.19;74
70;449.65;354.86;37.19;75
70;449.65;354.86;37.19;76
70;449.65;354.86;37.19;77
70;449.65;354.86;37.19;78
70;448.39;354.3;37.19;79
70;448.39;354.3;37.19;80
70;448.21;354.22;37.19;81
70;448.21;354.22;37.19;82
70;448.21;354.22;37.19;83
70;447.86;354.06;37.19;84
70;447.86;354.06;37.19;85
70;447.86;354.06;37.19;86
70;447.68;355.3;41.19;87
70;448.18;356.6;41.19;88
70;448.18;356.6;41.19;89
70;448.11;356.79;41.19;90
70;447.63;357.44;41.19;91
70;452.03;343.33;37.2;92
70;452.8;341.28;37.2;93
70;452.09;338.88;37.19;94
70;456.56;341.85;37.2;95
70;456.32;343.15;37.19;96
70;457.38;340.49;37.19;97
70;460.52;341.07;41.19;98
70;460.36;341.49;41.19;99
70;454.73;341.58;41.19;100
70;454.4;336.46;41.19;101
70;454.42;335.75;41.19;102
70;454.42;335.75;41.19;103
70;454.99;335.45;41.19;104
70;454.87;334.45;41.19;105
70;455.91;326;41.19;106
70;458.82;319.01;41.19;107
70;460.41;313.22;38.32;108
70;460.36;307.47;34.58;109
70;460.36;307.47;34.58;110
70;460.36;307.47;34.58;111
70;460.36;307.47;34.58;112
70;460.36;307.47;34.58;113
70;460.56;305.17;29.06;114
70;462.27;302.87;28.3;115
70;461.71;301.72;28.75;116
70;461.05;298.28;31.59;117
70;460.55;297.13;27.58;118
70;459.41;293.68;27.62;119
70;458.2;291.38;29.65;120
71;154.41;550;2.19;64
71;156.31;555.98;2.96;65
71;155.16;556.4;10.34;66
71;156.31;555.6;10.45;67
71;154.01;552.62;11.2;68
71;155.59;556.99;1.19;69
71;155.59;556.99;1.19;70
71;155.59;556.99;1.19;71
71;155.26;556.28;1.19;72
71;154.9;555.75;1.19;73
71;154.9;555.75;1.19;74
71;155.32;555.3;1.19;75
71;155.32;555.3;1.19;76
71;153.72;555.31;1.19;77
71;153.66;554.57;1.19;78
71;154.24;555.42;1.19;79
71;154.98;556.31;1.19;80
71;155.23;556.46;1.19;81
71;155.94;558.17;1.19;82
71;156.19;558.32;1.19;83
71;157.11;558.15;1.19;84
71;156.99;557.76;1.19;85
71;157.53;557.69;1.19;86
71;157.92;558.05;1.19;87
71;158.76;558.05;3.36;88
71;159.38;559.2;2.95;89
71;158.49;559.2;2.56;90
71;158.62;559.2;2.32;91
71;158.48;559.2;4.92;92
71;157.59;561.49;1.23;93
71;157.08;560.35;4.56;94
71;158.79;560.35;4.28;95
71;159.45;560.35;3.15;96
71;160.23;560.35;1.42;97
71;162.82;559.2;1.28;98
71;163.34;558.05;1.19;99
71;162.23;557.72;1.19;100
71;162.23;557.72;1.19;101
71;164.71;556.27;1.19;102
71;168.09;555.13;1.19;103
71;167.45;554.63;1.19;104
71;167.53;556.17;1.19;105
71;167.86;556.57;5.19;106
71;167.8;557.08;5.19;107
71;165.32;559.2;3.43;108
71;166.9;559.2;3.73;109
71;166.9;559.2;3.73;110
71;166.76;559.2;5.35;111
71;166.13;560.35;4.2;112
71;166.14;560.35;4.88;113
71;162.76;560.35;2.11;114
71;160.38;558.05;4.04;115
71;158.79;558.05;6.45;116
71;157.38;558.05;4.27;117
71;156.49;559.2;1.26;118
71;152.71;554.43;13.19;119
71;152.38;555.48;9.19;120
72;538.92;351.64;41.19;67
72;545.09;351.18;41.19;68
72;547.18;352.39;41.19;69
72;549.96;353.55;41.19;70
72;551.33;353.45;41.19;71
72;552.72;354.03;41.19;72
72;553.43;354.66;41.19;73
72;554.85;356.6;41.19;74
72;555.55;357.23;41.19;75
72;557.63;357.75;41.19;76
72;559.72;358.96;41.19;77
72;560.47;361.63;41.19;78
72;561.94;366.27;41.19;79
72;563.37;368.87;41.19;80
72;564.09;370.17;41.19;81
72;564.09;370.17;41.19;82
72;564.82;372.14;41.19;83
72;566.21;373.39;41.19;84
72;566.24;374.74;41.19;85
72;568.35;377.28;41.19;86
72;571.25;379.73;40.8;87
72;572.4;380.86;39.29;88
72;573.55;381.52;40.09;89
72;574.7;381.98;38.55;90
72;574.7;384.01;38.68;91
72;575.85;386.99;34.97;92
72;577;384.65;40.21;93
72;577;386;40.29;94
72;578.15;387.63;36.55;95
72;579.3;390.31;37.46;96
72;580.45;391.64;38.28;97
72;580.45;391.64;38.28;98
72;580.45;394.33;38.43;99
73;538.78;355.66;1.19;67
73;538.76;355.28;1.19;68
73;538.75;354.89;1.19;69
73;538.74;354.5;1.19;70
73;539.53;354.45;1.19;71
73;539.94;354.81;1.19;72
73;539.59;356.38;1.19;73
73;539.62;357.16;1.19;74
73;539.62;357.16;1.19;75
73;539.62;357.16;1.19;76
73;540;356.74;1.19;77
73;540;356.74;1.19;78
73;540;356.74;1.19;79
73;539.99;356.36;1.19;80
73;539.99;356.36;1.19;81
73;539.94;354.81;1.19;82
73;539.91;354.03;1.19;83
73;539.91;354.03;1.19;84
73;539.91;354.03;1.19;85
73;539.86;352.47;1.19;86
73;539.86;352.47;1.19;87
73;539.85;352.09;1.19;88
73;539.81;350.92;1.19;89
73;539.35;348.99;1.19;90
73;538.11;347.52;1.19;91
73;538.11;347.52;1.19;92
73;538.14;348.3;1.19;93
73;538.18;349.47;1.19;94
73;538.57;349.44;1.19;95
73;539.37;349.38;1.19;96
73;540.17;349.72;1.19;97
73;540.17;349.72;1.19;98
73;540.21;350.89;1.19;99
73;538.24;351.42;1.19;100
73;538.24;351.42;1.19;101
73;539.97;350.76;2;102
73;538.24;351.42;1.19;103
73;538.26;351.81;1.19;104
73;538.26;351.81;1.19;105
73;538.26;351.81;1.19;106
73;538.65;351.78;1.19;107
73;538.65;351.78;1.19;108
73;538.65;351.78;1.19;109
73;538.65;351.78;1.19;110
73;538.65;351.78;1.19;111
73;538.65;351.78;1.19;112
73;538.65;351.78;1.19;113
73;538.65;351.78;1.19;114
73;538.65;351.78;1.19;115
73;538.65;351.78;1.19;116
73;538.65;351.78;1.19;117
73;538.65;351.78;1.19;118
73;538.65;351.78;1.19;119
73;537.91;353.39;1.19;120
74;320.6;115.13;1.19;67
74;319.31;114.93;1.19;68
74;319.51;113.57;5.19;69
74;321.77;114.62;1.19;70
74;322.94;116.33;1.19;71
74;324.24;113.95;1.19;72
74;324.08;112.43;1.19;73
74;324.78;111.1;1.19;74
74;326.19;109.54;1.19;75
74;324.62;107.41;5.19;76
74;323.75;106.37;1.19;77
74;322.8;105.78;1.19;78
74;321.34;106.19;1.19;79
74;323.95;106.97;1.19;80
74;324.55;106.96;1.19;81
74;325.6;106.3;1.19;82
74;325.79;107.64;1.19;83
74;326.11;107.6;1.19;84
74;326.66;108.03;1.19;85
74;327.07;107.68;1.19;86
74;326.99;108.63;1.19;87
74;326.56;108.86;1.19;88
74;326.21;108.09;1.19;89
74;325.28;107.86;1.19;90
74;324.84;109.34;1.19;91
74;325.58;109.31;1.19;92
74;325.62;109.92;1.19;93
74;324.8;109.09;1.19;94
74;324.43;109.41;1.19;95
74;324.79;108.84;1.19;96
74;324.99;108.87;1.19;97
74;324.3;109.19;1.19;98
74;324.5;109.21;1.19;99
74;324.22;107.64;1.19;100
74;323.49;109.49;1.19;101
74;322.08;109.47;1.19;102
74;321.73;109.43;1.19;103
74;324.03;108.18;1.19;104
74;325;107.5;1.19;105
74;325.48;108.16;1.19;106
74;326.23;106.37;1.19;107
74;324.83;106.72;1.19;108
74;324.33;105.94;1.19;109
74;324.46;105.28;1.19;110
74;324.83;104.85;1.19;111
74;324.31;104.31;1.19;112
74;325.44;104.14;1.19;113
74;324.27;103.44;1.19;114
74;324.1;103.22;1.19;115
74;321.66;104.22;1.19;116
74;320.79;104.51;1.19;117
74;322.19;103.62;1.19;118
74;322.3;102.57;1.19;119
74;321.71;103.36;1.19;120
75;335.46;68.07;29.19;84
75;334.28;66.02;29.19;85
75;331.17;63.89;29.19;86
75;331.01;65.4;29.19;87
75;330.04;63.25;33.19;88
75;330.81;66.59;29.19;89
75;330.2;62.39;29.19;90
75;330.01;62.85;33.19;91
75;328.94;62.17;33.19;92
75;328.31;61.76;33.19;93
75;327.83;60.58;37.19;94
75;326.49;57.85;41.19;95
75;328.51;61.63;37.19;96
75;325.82;57.44;41.19;97
75;323.96;54.8;41.19;98
75;323.16;54.57;41.19;99
75;321.59;54.01;41.19;100
75;320.39;55.1;41.19;101
75;319.92;54.71;37.19;102
75;321.48;55.2;41.19;103
75;321.84;54.08;37.19;104
75;318.44;53.22;37.19;105
75;315.27;52.04;33.19;106
75;315.5;52.42;37.19;107
75;314.86;52.21;37.19;108
75;314.05;51.87;37.19;109
75;314.05;51.87;37.19;110
75;313.95;53.05;41.19;111
75;312.65;51.63;37.19;112
75;312.85;51.57;37.19;113
75;313.05;51.22;41.19;114
75;314.89;52.02;37.19;115
75;313.85;51.36;37.19;116
75;313.95;52.45;37.19;117
75;313.87;50.94;33.19;118
75;315.13;50.57;33.19;119
75;314.8;50.36;29.19;120
76;312.08;496.13;41.19;86
76;312.36;496.22;41.19;87
76;312.36;496.22;41.19;88
76;312.25;495.59;37.19;89
76;314.83;495.53;33.19;90
76;316.46;495.42;33.19;91
76;320.26;493.42;33.19;92
76;323.59;490.91;33.19;93
76;325.34;490.49;33.19;94
76;326.4;490.18;33.19;95
76;330.37;487.84;33.19;96
76;333.1;486.4;33.19;97
76;337.24;483.56;29.19;98
76;337.85;482.57;25.19;99
76;341.09;479.82;25.19;100
76;345.39;479.12;25.19;101
76;347.45;478.04;25.19;102
76;349.4;473.03;25.19;103
76;352.13;477.02;29.19;104
76;352.33;476.38;29.19;105
76;354.29;474.57;29.19;106
76;357.3;470.61;29.19;107
76;361.51;464.59;33.19;108
76;361.93;464.37;33.19;109
76;361.93;464.37;33.19;110
76;360.07;463.78;33.19;111
76;361.01;463.02;33.19;112
76;362.08;462.64;34.44;113
76;363.44;462.64;35.28;114
76;363.44;462.64;35.28;115
76;363.17;463.79;38.96;116
76;363.17;463.79;38.96;117
76;364.5;463.79;38.76;118
76;364.84;464.94;40.81;119
76;366.17;464.94;40.61;120
77;465.58;587.93;26.15;89
77;465.47;584.55;25.19;90
77;465.74;584.42;25.19;91
77;472.84;583.99;25.19;92
77;476.05;584.2;25.19;93
77;475.97;583.72;25.19;94
77;477.91;583.06;21.19;95
77;479.5;584.07;21.19;96
77;486.89;582.92;21.19;97
77;488.77;579.45;25.19;98
77;488.77;579.45;25.19;99
77;490.62;576.83;25.19;100
77;495.53;575.94;25.19;101
77;498.3;575.7;25.19;102
77;501.23;575.04;25.19;103
77;505.91;573;21.19;104
77;512.21;567.59;17.19;105
77;521.57;559.09;9.19;106
77;521.01;554.49;13.19;107
77;520.42;548.7;13.19;108
77;520.54;546.86;13.19;109
77;519.3;544.3;13.19;110
77;517.41;541.25;13.19;111
77;516.98;539.97;9.19;112
77;516.83;542.14;13.19;113
77;514.44;539.74;13.19;114
77;515.53;537.85;9.19;115
77;515.77;532.81;5.19;116
77;516;529.76;5.19;117
77;515.59;529.8;9.19;118
77;515.7;528.71;9.19;119
77;517.92;526.19;1.19;120
78;427.57;475.4;5.55;91
78;428.72;475.58;2.77;92
78;428.72;475.58;2.77;93
78;427.57;475.72;5.93;94
78;427.57;475.72;5.93;95
78;427.57;474.65;4.11;96
78;425.27;473.31;3.78;97
78;425.27;473.2;3.1;98
78;424.13;473.01;2.7;99
78;422.98;473.38;4.12;100
78;421.83;473.52;4.17;101
78;420.68;473.34;3.79;102
78;419.53;472.83;2.97;103
78;419.53;472.59;1.5;104
78;417.23;472.24;2.47;105
78;417.23;472.33;1.41;106
78;414.93;474.03;2.33;107
78;414.93;474.14;3.1;108
78;414.93;474.14;3.1;109
78;413.78;474.33;6.86;110
78;414.93;473.72;3.7;111
78;413.78;472.91;4.23;112
78;413.78;472.7;4.53;113
78;413.78;472.7;4.53;114
78;413.78;472.7;4.53;115
78;413.78;472.7;4.53;116
78;413.78;472.7;4.53;117
78;413.78;472.58;3.75;118
78;412.63;473.02;2.44;119
78;410.33;474.82;4.33;120
79;510.25;432.76;39.78;99
79;510.25;432.76;39.78;100
79;510.26;432.76;38.32;101
79;510.99;434.61;41.19;102
79;512.17;435.19;41.19;103
79;512.17;435.19;41.19;104
79;512.17;435.19;41.19;105
79;512.56;435.54;41.19;106
79;512.91;435.74;41.19;107
79;513.58;435.56;41.19;108
79;514.04;435.12;41.19;109
79;515.34;434.83;41.19;110
79;516.77;432.76;37.63;111
79;517.9;431.61;37.8;112
79;518.62;431.61;40.77;113
79;520.01;430.46;39.64;114
79;520.6;429.31;37.83;115
79;520.87;429.31;39.57;116
79;521.18;429.31;40.82;117
79;526.86;424.71;40.05;118
79;528.47;423.56;37.67;119
79;528.61;421.26;37.58;120
80;579.3;397.06;39.09;100
80;579.3;396.68;40.04;101
80;579.3;395.97;41;102
80;579.3;394.29;40.98;103
80;579.3;393.95;40.98;104
80;579.3;392.64;40;105
80;580.45;391.58;38.81;106
80;580.45;391.58;38.81;107
80;580.45;393.59;39.78;108
80;580.45;395.24;40.75;109
80;581.6;396.94;38.63;110
80;585.04;397.74;31.36;111
80;583.9;399.57;37.27;112
80;583.9;400.48;39.15;113
80;585.04;401.49;38;114
80;582.75;399.87;39.37;115
80;582.75;399.24;38.43;116
80;581.6;399.3;38.65;117
80;581.6;398.67;37.69;118
80;583.9;398.89;37.27;119
80;583.9;399.86;38.21;120
81;152.23;89.08;40.42;108
81;152.21;89.08;39.96;109
81;150.87;85.63;39.7;110
81;151.22;86.78;39.9;111
81;151.29;87.93;40.43;112
81;151.29;87.93;40.43;113
81;150.96;87.93;39.85;114
81;150.94;87.93;39.39;115
81;150.86;91.38;40.9;116
81;150.81;91.38;39.98;117
81;150.81;91.38;39.98;118
81;150.37;90.23;38.37;119
81;150.37;90.23;38.37;120
82;255.66;496.62;41.19;108
82;255.66;496.62;41.19;109
82;255.66;496.62;41.19;110
82;255.93;496.71;41.19;111
82;255.11;494.02;41.19;112
82;254.9;493.65;41.19;113
82;255.96;490.38;41.19;114
82;255.96;490.38;41.19;115
82;255.96;490.38;41.19;116
82;255.9;490.66;41.19;117
82;255.9;490.66;41.19;118
82;255.9;490.66;41.19;119
82;254.59;486.26;41.19;120
